anon_id,label,split,call_duration_s,caller_turn_count,agent_turn_count,caller_speech_s,agent_speech_s,caller_speech_ratio,agent_speech_ratio,caller_turn_mean_s,caller_turn_std_s,caller_turn_cv,caller_turn_median_s,caller_turn_p10_s,caller_turn_p90_s,agent_turn_mean_s,agent_turn_std_s,response_count,response_latency_mean_s,response_latency_std_s,response_latency_cv,response_latency_median_s,response_latency_p90_s,caller_pause_mean_s,caller_pause_std_s,caller_pause_cv,overlap_event_count,overlap_total_s,overlap_per_minute,caller_overlap_ratio,caller_interrupts_agent,agent_interrupts_caller,caller_interrupt_rate,agent_interrupt_rate
call_0181ce113ebe,synthetic,train,170.0,10.0,19.0,48.57999999999997,71.70000000000002,0.28576470588235275,0.42176470588235304,4.857999999999997,3.6211429135012083,0.7453978825650907,3.030000000000001,1.661999999999985,9.83,3.7736842105263166,2.4956387443663153,10.0,3.476,0.9626962137663172,0.2769551823263283,3.320000000000009,4.515999999999999,9.464444444444446,4.157785497944013,0.4393058168759815,0.0,0.0,0.0,0.0,0.0,0.0,0.0,0.0
call_018c9d3823ac,synthetic,train,128.0,10.0,14.0,43.88000000000003,58.26000000000001,0.34281250000000024,0.4551562500000001,4.3880000000000035,6.382333115718732,1.4544970637462915,1.7400000000000055,0.3920000000000059,11.559999999999993,4.161428571428572,5.021607393686462,6.0,4.386666666666666,4.8347859885992435,1.1021548606229281,2.209999999999998,9.510000000000002,5.737777777777775,4.858892827195601,0.8468248536940439,4.0,3.739999999999995,1.875,0.08523245214220584,4.0,0.0,0.4,0.0
call_01bf49059daf,synthetic,train,216.0,10.0,24.0,73.37999999999997,86.78000000000006,0.3397222222222221,0.40175925925925954,7.3379999999999965,5.925837999810661,0.8075549195708183,6.129999999999992,0.6419999999999959,13.023999999999983,3.615833333333336,2.999799877584428,9.0,4.082222222222221,1.215581961931338,0.2977745687910192,4.0,5.359999999999994,14.462222222222225,7.4644904235956036,0.5161371681957623,1.0,0.6599999999999966,0.2777777777777778,0.00899427636958295,1.0,0.0,0.1,0.0
call_01c3806808d6,synthetic,train,149.0,10.0,23.0,24.380000000000006,73.15999999999998,0.16362416107382555,0.49100671140939584,2.4380000000000006,2.460933969045086,1.009406878197328,1.1099999999999994,0.5260000000000048,5.962000000000001,3.1808695652173906,2.937798514776251,10.0,3.1720000000000015,0.949871570266215,0.29945509781406515,2.7300000000000004,4.480000000000012,10.097777777777777,4.249919679705796,0.42087672884410393,0.0,0.0,0.0,0.0,0.0,0.0,0.0,0.0
call_0294f969f98b,synthetic,val,109.0,14.0,20.0,17.200000000000006,55.700000000000024,0.15779816513761474,0.5110091743119268,1.228571428571429,1.1095099120323182,0.903089463282119,0.6100000000000034,0.3859999999999969,2.8960000000000026,2.785000000000001,1.8116056414131636,8.0,2.1474999999999995,0.323564135837089,0.1506701447436969,2.019999999999998,2.572000000000002,6.087692307692307,2.875750480901006,0.47238762006208096,6.0,3.059999999999998,3.302752293577982,0.17790697674418585,6.0,0.0,0.42857142857142855,0.0
call_02c249d2f89d,synthetic,train,146.0,16.0,23.0,28.020000000000024,73.21999999999993,0.19191780821917825,0.501506849315068,1.7512500000000015,1.4165092437043945,0.8088560991888041,1.3700000000000045,0.4299999999999997,3.639999999999997,3.183478260869562,2.37552485494973,13.0,2.746153846153847,0.7159022114306958,0.2606926820335866,2.4000000000000057,3.9720000000000004,7.081333333333332,5.767270719808074,0.8144328826691878,5.0,2.27999999999998,2.0547945205479454,0.08137044967880007,3.0,2.0,0.1875,0.08695652173913043
call_02d28871d7b3,synthetic,train,146.0,11.0,14.0,36.36000000000001,64.62,0.249041095890411,0.4426027397260274,3.305454545454546,2.5307575712220087,0.7656307283674942,3.200000000000003,0.28000000000000114,6.200000000000003,4.615714285714286,4.467790624147964,11.0,3.6872727272727275,1.0602666123462525,0.2875476512773367,3.4399999999999977,4.9,9.692,6.372435641103015,0.6574943913643226,0.0,0.0,0.0,0.0,0.0,0.0,0.0,0.0
call_03680846967f,synthetic,train,174.0,10.0,13.0,75.30000000000003,65.76000000000008,0.4327586206896553,0.37793103448275905,7.530000000000003,7.244618692519295,0.9621007559786577,5.290000000000006,0.6720000000000027,17.375999999999998,5.058461538461544,5.266611589355732,9.0,3.2644444444444383,2.5153886870449242,0.7705411226482083,2.1799999999999784,6.443999999999997,9.835555555555551,8.2671385767334,0.8405360053163198,2.0,1.220000000000006,0.6896551724137931,0.01620185922974775,1.0,1.0,0.1,0.07692307692307693
call_04d682ac0cef,human,train,185.0,10.0,32.0,32.83999999999998,119.19999999999996,0.1775135135135134,0.6443243243243241,3.283999999999998,1.877589944583214,0.5717387163773493,4.13999999999999,0.9679999999999986,5.242,3.7249999999999988,2.9442571219239664,9.0,1.0844444444444457,0.20907792864602784,0.19279727026785332,1.039999999999992,1.2800000000000022,12.99777777777778,7.299646532961227,0.5616072730094976,1.0,0.3199999999999932,0.3243243243243243,0.009744214372715998,1.0,0.0,0.1,0.0
call_05d6615469e1,synthetic,train,169.0,27.0,19.0,63.41999999999998,60.88000000000001,0.375266272189349,0.3602366863905326,2.3488888888888884,1.3631807394454578,0.5803513081839698,2.0,0.6919999999999988,4.072000000000005,3.20421052631579,2.9393417017912693,27.0,6.907407407407406,4.870136200538645,0.7050599325176592,6.480000000000004,13.652000000000008,3.611538461538463,6.282155859935402,1.739468076233444,3.0,2.1400000000000006,1.0650887573964496,0.03374329864396092,0.0,3.0,0.0,0.15789473684210525
call_0615c3630150,human,train,146.0,28.0,18.0,50.17999999999997,88.88000000000001,0.3436986301369861,0.6087671232876714,1.7921428571428561,2.0757328432952766,1.1582407256330765,0.8099999999999952,0.32799999999999907,4.6759999999999975,4.937777777777779,3.671329694864662,12.0,2.3683333333333367,2.295349767585666,0.9691835753352552,1.0799999999999996,5.898000000000013,3.2288888888888896,2.9933127113040356,0.9270411012297425,19.0,17.499999999999975,7.808219178082193,0.3487445197289754,16.0,2.0,0.5714285714285714,0.1111111111111111
call_064d8dd77899,synthetic,train,140.0,12.0,17.0,23.6,77.23999999999998,0.1685714285714286,0.5517142857142856,1.9666666666666668,1.5033370288202919,0.7644086587221822,1.3900000000000006,0.3659999999999911,3.968000000000004,4.5435294117647045,3.0093676122410704,9.0,4.159999999999999,1.685018958020618,0.4050526341395717,3.92,6.615999999999995,7.387272727272727,5.608916749911522,0.7592675885925024,3.0,1.4399999999999977,1.2857142857142856,0.06101694915254227,3.0,0.0,0.25,0.0
call_06b5a78ea12e,synthetic,train,133.0,12.0,16.0,51.60000000000001,58.74000000000003,0.38796992481203013,0.4416541353383461,4.300000000000001,6.129388223958407,1.425439121850792,1.009999999999998,0.23399999999999893,14.102000000000004,3.671250000000002,2.821559575394431,5.0,1.7679999999999982,0.22506887834615966,0.1273014017795022,1.7999999999999972,2.0119999999999947,6.4890909090909075,3.6334843146025575,0.559937341841246,7.0,4.980000000000029,3.1578947368421053,0.09651162790697729,7.0,0.0,0.5833333333333334,0.0
call_0847d7417bb1,synthetic,val,115.0,12.0,13.0,26.83999999999999,53.82000000000005,0.23339130434782598,0.4680000000000004,2.236666666666666,2.4515278682668247,1.0960631303726494,1.2699999999999996,0.6399999999999987,5.64,4.140000000000004,3.0035261328593834,12.0,3.4549999999999983,2.4655509864260914,0.7136182305140645,2.6400000000000006,4.476000000000002,6.9327272727272735,6.212616329123551,0.8961287650191326,0.0,0.0,0.0,0.0,0.0,0.0,0.0,0.0
call_092aef8d1243,human,train,135.0,27.0,25.0,44.68000000000003,88.14,0.3309629629629632,0.6528888888888889,1.6548148148148158,1.9012556676719186,1.1489235234364765,0.740000000000002,0.32400000000000234,4.807999999999997,3.5256,2.8225068007003973,10.0,0.8320000000000002,0.5518840457922294,0.6633221704233525,0.7800000000000047,1.2459999999999876,3.0999999999999988,4.259227087702108,1.3739442218393902,24.0,19.36,10.666666666666666,0.4333034914950758,17.0,7.0,0.6296296296296297,0.28
call_098d8081babe,synthetic,train,147.0,9.0,17.0,34.840000000000025,67.48,0.2370068027210886,0.4590476190476191,3.871111111111114,1.9738763016767271,0.5098991594457672,3.8200000000000216,0.9,6.515999999999998,3.9694117647058826,2.813514592082577,9.0,3.4866666666666655,0.7119300839579983,0.20418644855391926,3.280000000000001,4.375999999999994,12.482499999999998,6.871356761950289,0.5504792118526168,2.0,0.7000000000000028,0.8163265306122448,0.020091848450057473,0.0,2.0,0.0,0.11764705882352941
call_099dffdf8486,synthetic,train,101.0,12.0,14.0,28.439999999999984,41.86,0.28158415841584145,0.41445544554455443,2.3699999999999988,2.334544923534351,0.9850400521241992,1.3999999999999986,0.35599999999999027,5.176,2.9899999999999998,2.0252654147049474,11.0,3.865454545454547,2.3505680691981428,0.6080961608932164,2.480000000000004,6.219999999999999,5.056363636363638,4.414272868624876,0.8730133325219995,2.0,0.7599999999999909,1.188118811881188,0.026722925457102368,1.0,1.0,0.08333333333333333,0.07142857142857142
call_0a9c546208d1,human,train,117.0,7.0,20.0,19.32000000000002,71.20000000000002,0.1651282051282053,0.6085470085470087,2.760000000000003,1.2291227998629148,0.44533434777641795,2.6600000000000037,1.4400000000000022,4.207999999999999,3.560000000000001,2.5772543529888536,7.0,1.3085714285714278,0.07917946548886264,0.06050832515524441,1.2999999999999972,1.4000000000000012,13.249999999999998,5.835577663493702,0.4404209557353738,0.0,0.0,0.0,0.0,0.0,0.0,0.0,0.0
call_0ab7d2a0c0f5,human,train,129.0,17.0,19.0,31.08,69.54,0.24093023255813953,0.5390697674418605,1.828235294117647,2.234531758541551,1.2222342308624958,0.9400000000000001,0.2800000000000006,3.7600000000000025,3.66,2.9345850598822683,12.0,1.6016666666666666,0.8826270761513921,0.5510678935388504,1.4499999999999993,3.149999999999998,5.9725,5.579537951300269,0.9342047637170814,8.0,4.540000000000004,3.7209302325581395,0.1460746460746462,5.0,3.0,0.29411764705882354,0.15789473684210525
call_0cf2f4a71328,synthetic,val,159.0,17.0,19.0,51.52000000000001,65.90000000000002,0.3240251572327045,0.4144654088050316,3.0305882352941182,1.9485272586003648,0.6429534820692197,2.3200000000000074,1.1120000000000019,5.992000000000002,3.46842105263158,2.873086114740505,17.0,5.589411764705882,3.0844590918463104,0.5518396607176098,4.74,9.284,5.939999999999999,7.741898991849478,1.3033499986278585,3.0,1.86000000000001,1.1320754716981132,0.036102484472049876,0.0,3.0,0.0,0.15789473684210525
call_0e101713ee94,synthetic,train,209.0,15.0,28.0,75.68000000000004,94.23999999999997,0.36210526315789493,0.45090909090909076,5.0453333333333354,3.9850752676566694,0.7898537131983353,4.420000000000002,0.7200000000000103,11.152000000000003,3.3657142857142843,2.8674620791756236,14.0,4.524285714285713,5.134839981211983,1.1349504221182156,2.0600000000000023,12.612,6.955714285714284,6.232326685786564,0.8960009611933859,4.0,3.2800000000000082,1.1483253588516746,0.043340380549682964,1.0,3.0,0.06666666666666667,0.10714285714285714
call_0e1e2f29bfdc,human,val,130.0,12.0,27.0,23.960000000000008,79.39999999999998,0.18430769230769237,0.6107692307692306,1.9966666666666673,1.4721375237690562,0.7372975912031998,1.0200000000000022,0.5900000000000021,4.080000000000001,2.9407407407407398,2.0211876338685526,9.0,1.6022222222222215,1.7220516044518128,1.0747894896023802,1.0799999999999983,2.628000000000002,8.654545454545454,8.186823519463637,0.9459564990976892,6.0,2.8600000000000048,2.7692307692307696,0.11936560934891502,3.0,3.0,0.25,0.1111111111111111
call_10aa0d1d33f0,human,val,136.0,16.0,19.0,25.00000000000003,77.54,0.1838235294117649,0.5701470588235295,1.5625000000000018,1.2742031823849762,0.8154900367263839,0.8600000000000065,0.3200000000000003,3.41,4.081052631578948,3.220960783004189,12.0,1.4249999999999978,0.8896488071143572,0.6243149523609534,1.1600000000000001,2.8219999999999983,6.598666666666665,4.67385617617354,0.7083031182319977,6.0,3.660000000000018,2.6470588235294117,0.14640000000000056,4.0,2.0,0.25,0.10526315789473684
call_10ceaf16fbbf,synthetic,train,161.0,9.0,18.0,37.39999999999998,77.00000000000001,0.2322981366459626,0.47826086956521746,4.155555555555553,2.7007287539605227,0.6499079889209818,3.9200000000000017,1.3999999999999915,7.272000000000003,4.277777777777779,3.6378191811938256,9.0,3.55111111111111,0.5831798739943778,0.16422462033633922,3.5999999999999943,4.011999999999998,10.132500000000002,5.179864259804495,0.5112128556431773,1.0,0.21999999999999886,0.3726708074534162,0.005882352941176444,0.0,1.0,0.0,0.05555555555555555
call_11d3230256a1,human,train,123.0,13.0,17.0,26.180000000000003,69.41999999999999,0.21284552845528457,0.564390243902439,2.013846153846154,1.8430139966142343,0.9151711977076029,1.5,0.2760000000000048,4.5200000000000005,4.083529411764705,3.1318345331853963,10.0,1.864,0.8850220336240233,0.4747972283390683,1.5900000000000034,3.232,6.391666666666666,5.263607497609306,0.8235109513860714,4.0,2.28000000000001,1.9512195121951221,0.08708938120702864,3.0,1.0,0.23076923076923078,0.058823529411764705
call_120d6007bcc1,synthetic,val,157.0,16.0,24.0,52.71999999999999,72.27999999999999,0.335796178343949,0.4603821656050955,3.2949999999999995,3.4310967634271123,1.0413040253193058,2.1500000000000004,0.46999999999999176,6.650000000000002,3.0116666666666663,2.20388986919845,13.0,4.498461538461538,5.17540610989774,1.1504835743616728,2.180000000000007,12.764000000000006,4.573333333333334,4.180409336682501,0.9140836742017128,4.0,3.499999999999993,1.5286624203821655,0.06638846737481019,3.0,1.0,0.1875,0.041666666666666664
call_1612f093f8b5,human,train,131.16,45.0,22.0,71.79999999999997,71.28000000000003,0.5474229948154923,0.5434583714547121,1.595555555555555,1.6201612478811496,1.0154213949115845,0.8400000000000034,0.34800000000000186,4.4479999999999995,3.2400000000000015,3.0287711279419147,21.0,2.55047619047619,2.13732025407535,0.8380083147046743,2.0200000000000102,5.179999999999993,1.3390909090909096,2.0286581079640458,1.5149517438971145,33.0,33.62,15.096065873741995,0.4682451253481896,24.0,8.0,0.5333333333333333,0.36363636363636365
call_16581bcbc272,human,train,102.54,15.0,14.0,31.420000000000012,48.180000000000035,0.3064170079968794,0.469865418373318,2.0946666666666673,2.1730159277424126,1.0374041666497829,1.240000000000009,0.488,4.303999999999999,3.441428571428574,2.054979517252309,11.0,1.225454545454545,0.9723482694100879,0.7934592702901314,0.9399999999999977,2.139999999999999,5.0371428571428565,3.5348134494551444,0.7017496921777089,6.0,3.5,3.510825043885313,0.11139401654996813,4.0,2.0,0.26666666666666666,0.14285714285714285
call_1761edbd6952,human,train,164.0,36.0,17.0,112.42,83.71999999999994,0.6854878048780488,0.5104878048780485,3.122777777777778,6.8910830511091605,2.20671579647687,0.8900000000000006,0.29999999999999716,7.219999999999992,4.924705882352938,3.1571806440837604,10.0,6.8100000000000005,5.30694073831619,0.7792864520288091,5.719999999999999,14.224,1.457142857142857,1.5473711742889622,1.0619213941198762,37.0,41.09999999999996,13.536585365853659,0.3655933107987899,25.0,12.0,0.6944444444444444,0.7058823529411765
call_181a5049ecae,synthetic,val,142.0,16.0,18.0,30.180000000000014,71.03999999999998,0.21253521126760574,0.5002816901408449,1.8862500000000009,1.603585338390197,0.8501446459325096,1.4100000000000072,0.38000000000000256,4.290000000000006,3.9466666666666654,3.8990654150848916,13.0,3.7061538461538466,1.694650127092444,0.45725304383980425,3.319999999999993,6.0440000000000005,6.713333333333332,7.982923997856651,1.1891147961057575,3.0,1.500000000000007,1.267605633802817,0.04970178926441373,3.0,0.0,0.1875,0.0
call_185e958a253b,human,val,135.2,18.0,23.0,30.21999999999999,78.60000000000001,0.22352071005917157,0.5813609467455623,1.6788888888888884,1.6397760310782594,0.9767031290340397,1.2899999999999991,0.2939999999999984,3.442,3.4173913043478263,2.621856656101127,11.0,1.2909090909090892,0.6499993642717805,0.5035206342950419,1.1399999999999988,1.7799999999999998,5.723529411764707,5.47857532057857,0.9572022656714869,8.0,4.380000000000004,3.550295857988166,0.14493712772998033,7.0,1.0,0.3888888888888889,0.043478260869565216
call_186e9d6ee732,synthetic,train,117.0,11.0,20.0,16.499999999999993,67.0,0.14102564102564097,0.5726495726495726,1.4999999999999993,1.3664818795991145,0.9109879197327434,0.7600000000000051,0.3399999999999963,3.7399999999999984,3.35,3.058852726105001,7.0,3.400000000000001,1.6045649165517022,0.4719308578093241,2.460000000000001,5.492000000000003,6.206,4.0946115810904455,0.659782723346833,4.0,1.8800000000000026,2.0512820512820515,0.11393939393939415,4.0,0.0,0.36363636363636365,0.0
call_189410107163,synthetic,train,196.0,40.0,18.0,70.08,82.20000000000003,0.3575510204081633,0.41938775510204096,1.752,2.090343512440001,1.1931184431735165,0.539999999999992,0.280000000000001,4.609999999999995,4.566666666666668,3.6520922466139614,27.0,10.372592592592591,10.013210752538866,0.9653527469776099,5.199999999999989,27.256000000000007,3.093333333333333,3.7075068223277525,1.1985474641145755,16.0,6.99999999999999,4.8979591836734695,0.09988584474885831,13.0,3.0,0.325,0.16666666666666666
call_18bd3c505fd5,synthetic,train,141.0,12.0,16.0,35.379999999999995,73.05999999999999,0.2509219858156028,0.5181560283687943,2.948333333333333,2.0540927978604637,0.6966962570470766,2.960000000000001,0.41600000000000503,5.5140000000000065,4.566249999999999,3.785159961943485,9.0,3.2066666666666643,1.4780467591460782,0.46092934276904757,2.859999999999985,4.6880000000000015,8.652727272727274,5.7718330015989805,0.6670536143894598,5.0,1.9799999999999933,2.127659574468085,0.05596382136800434,3.0,2.0,0.25,0.125
call_198ef413fe4a,human,val,128.0,11.0,21.0,31.080000000000016,70.7,0.24281250000000013,0.55234375,2.825454545454547,2.469686633181566,0.874084715733501,1.0600000000000023,0.4200000000000017,6.440000000000005,3.3666666666666667,2.4981084907877866,7.0,1.1914285714285733,0.24044177028536193,0.2018096393282411,1.0600000000000023,1.5479999999999996,8.937999999999999,3.870043410609242,0.43298762705406607,4.0,1.8600000000000092,1.875,0.05984555984556011,4.0,0.0,0.36363636363636365,0.0
call_1a2f3635b411,synthetic,train,140.0,9.0,12.0,34.56,70.43999999999998,0.24685714285714289,0.503142857142857,3.8400000000000003,3.0120941404795287,0.7843995157498772,2.960000000000008,0.8679999999999993,7.436000000000004,5.869999999999998,4.746967453016712,9.0,2.9644444444444438,0.8702887274553218,0.2935756576873275,2.6599999999999966,4.0760000000000005,11.592500000000001,7.820376829155997,0.674606584356782,0.0,0.0,0.0,0.0,0.0,0.0,0.0,0.0
call_1ad99899456c,synthetic,train,178.0,15.0,20.0,70.22000000000001,70.77999999999997,0.394494382022472,0.3976404494382021,4.681333333333334,4.242492768277734,0.9062573557984336,2.880000000000024,0.5080000000000013,9.935999999999998,3.538999999999999,3.1218102120404394,13.0,3.6646153846153826,3.8961057784262425,1.0631690831137948,2.239999999999995,10.548000000000005,5.442857142857143,4.506197999218775,0.8279103935572552,4.0,2.7200000000000273,1.348314606741573,0.038735403019083264,2.0,2.0,0.13333333333333333,0.1
call_1ba56b3cce45,synthetic,train,162.0,8.0,23.0,55.260000000000026,70.15999999999993,0.34111111111111125,0.433086419753086,6.907500000000003,5.194987367645854,0.752079242511162,5.400000000000009,1.340000000000002,13.664000000000001,3.0504347826086926,1.842558425150886,8.0,2.657500000000001,0.3991788446298248,0.1502084081391626,2.6500000000000057,3.1599999999999993,13.814285714285713,7.045482559044194,0.510014249362041,1.0,0.14000000000000057,0.37037037037037035,0.0025334781035106857,0.0,1.0,0.0,0.043478260869565216
call_1bf0aa4d4324,human,train,164.0,12.0,22.0,40.93999999999998,86.10000000000002,0.2496341463414633,0.5250000000000001,3.4116666666666653,1.7032999018245638,0.49925742115033644,2.980000000000004,1.6539999999999795,5.906000000000001,3.9136363636363645,2.4353561349692225,12.0,3.8483333333333345,4.461475528218091,1.1593266855482258,1.5199999999999996,10.376000000000007,9.710909090909091,7.3766036217039295,0.7596202943151397,0.0,0.0,0.0,0.0,0.0,0.0,0.0,0.0
call_1c1c0cce9fb5,human,val,145.0,26.0,27.0,32.120000000000054,84.52000000000001,0.22151724137931073,0.582896551724138,1.2353846153846175,1.1529001249999282,0.9332317325653201,0.6899999999999986,0.29000000000000625,3.2299999999999995,3.130370370370371,1.9516327096039767,13.0,1.3999999999999995,0.9864622102785764,0.7046158644846977,1.1599999999999966,2.5120000000000005,4.347999999999998,3.9825057438753304,0.9159396835039862,15.0,7.0800000000000205,6.206896551724138,0.2204234122042344,13.0,2.0,0.5,0.07407407407407407
call_1cc930924760,synthetic,train,118.0,25.0,8.0,33.020000000000024,18.900000000000002,0.27983050847457647,0.16016949152542376,1.320800000000001,1.550818932048483,1.1741512205091473,0.8000000000000114,0.30800000000000055,3.4599999999999995,2.3625000000000003,2.052594394906115,22.0,15.127272727272725,12.456438343216215,0.8234424385539566,11.52,31.098000000000003,3.0933333333333324,3.2528432007843366,1.0515656899087298,7.0,3.8599999999999914,3.5593220338983054,0.1168988491823134,3.0,4.0,0.12,0.5
call_1ee2936b46a7,synthetic,train,105.0,10.0,13.0,30.940000000000012,51.80000000000001,0.2946666666666668,0.49333333333333346,3.094000000000001,2.509853382171953,0.8112001881615876,2.3500000000000014,0.45600000000000734,5.957999999999995,3.9846153846153856,3.6057744615346685,8.0,1.8599999999999999,0.2592296279363155,0.13937076770769652,1.8599999999999994,2.120000000000002,7.202222222222222,5.378619768796078,0.7468000296076011,4.0,2.8600000000000065,2.2857142857142856,0.09243697478991614,2.0,2.0,0.2,0.15384615384615385
call_224586045e67,human,train,143.0,19.0,18.0,45.64000000000002,69.54000000000002,0.3191608391608393,0.48629370629370644,2.402105263157896,2.0424020402905048,0.8502550123908758,1.7000000000000028,0.4199999999999989,5.932000000000002,3.8633333333333346,3.425137466827672,15.0,2.6226666666666643,3.0450735440854118,1.1610600701901683,0.8799999999999999,7.635999999999996,4.922222222222221,5.303403053758716,1.0774408009893557,7.0,3.0800000000000196,2.937062937062937,0.06748466257668752,4.0,3.0,0.21052631578947367,0.16666666666666666
call_22d0f235a47e,human,train,205.0,18.0,34.0,34.83999999999999,102.38000000000011,0.16995121951219508,0.499414634146342,1.935555555555555,1.4534794354017526,0.7509365624922949,1.8400000000000016,0.29400000000000803,3.6220000000000008,3.0111764705882385,2.264488988849987,14.0,3.612857142857142,2.4494035092284023,0.6779685474337216,2.8900000000000006,6.244,8.598823529411765,5.59152076793692,0.6502657891293449,6.0,2.239999999999998,1.7560975609756098,0.06429391504018366,4.0,2.0,0.2222222222222222,0.058823529411764705
call_22eacbc23d18,human,train,160.02,18.0,17.0,38.08000000000001,87.43999999999997,0.23797025371828529,0.546431696037995,2.1155555555555563,2.1863674140308165,1.0334719919263309,1.5199999999999991,0.48999999999999855,4.083999999999998,5.143529411764704,3.8107416927856614,14.0,1.9457142857142873,1.3570225510586151,0.6974418397511232,1.3900000000000006,3.328000000000002,7.130588235294118,6.195873836284573,0.8689148260752164,6.0,3.200000000000008,2.2497187851518556,0.08403361344537834,4.0,2.0,0.2222222222222222,0.11764705882352941
call_23991b635849,human,train,202.0,16.0,29.0,52.13999999999996,114.55999999999996,0.2581188118811879,0.567128712871287,3.2587499999999974,3.105257386675057,0.9528983158189672,1.7999999999999972,0.2700000000000031,6.649999999999995,3.9503448275862056,2.87536322474177,11.0,1.8436363636363635,1.7379573837607742,0.9426790543081123,0.960000000000008,5.140000000000001,8.822666666666668,6.390120986508957,0.7242845307362425,6.0,3.6799999999999855,1.7821782178217822,0.07057920981971592,5.0,1.0,0.3125,0.034482758620689655
call_24e1989c4d6d,synthetic,train,155.0,35.0,25.0,35.19999999999999,71.41999999999999,0.22709677419354832,0.460774193548387,1.0057142857142853,0.9077516517332745,0.9025939718938812,0.7399999999999807,0.2479999999999933,2.299999999999997,2.8567999999999993,1.9808174474191227,21.0,4.716190476190476,5.609748722146437,1.189466106270953,2.219999999999999,10.659999999999997,3.400000000000001,2.6643529177997856,0.7836332111175838,16.0,6.799999999999997,6.193548387096774,0.19318181818181818,14.0,2.0,0.4,0.08
call_253156878935,synthetic,train,138.0,11.0,24.0,22.80000000000002,72.11999999999999,0.16521739130434795,0.5226086956521738,2.0727272727272745,1.7990355542956438,0.8679557498794765,1.2800000000000011,0.6600000000000108,4.720000000000002,3.0049999999999994,2.8506972831221473,9.0,3.839999999999998,1.2217655712578865,0.3181681175150748,3.74,5.535999999999998,7.907999999999999,5.819155952541573,0.7358568478175992,4.0,2.3799999999999955,1.7391304347826089,0.10438596491228042,2.0,2.0,0.18181818181818182,0.08333333333333333
call_26be2ced1f65,synthetic,train,210.0,10.0,28.0,47.16000000000001,106.74000000000005,0.22457142857142862,0.5082857142857146,4.716000000000001,2.4690694603433085,0.5235516243306421,4.980000000000004,1.259999999999998,6.8220000000000045,3.812142857142859,2.226216131759477,10.0,3.564,0.7447308238551684,0.20895926595262862,3.4000000000000057,4.438,13.908888888888887,7.543256656620815,0.5423335190093254,2.0,1.240000000000009,0.5714285714285714,0.02629346904156083,0.0,2.0,0.0,0.07142857142857142
call_2741c273bfcc,synthetic,train,191.0,24.0,19.0,60.63999999999993,69.91999999999996,0.317486910994764,0.3660732984293192,2.5266666666666637,1.6155975846588648,0.6394185691262005,1.819999999999995,1.2119999999999904,4.287999999999995,3.679999999999998,3.0749582795629333,23.0,10.306956521739131,6.983066745493894,0.6775100613615099,7.700000000000003,20.584000000000007,5.0408695652173945,7.877864372400894,1.5627986938521687,3.0,1.6399999999999757,0.9424083769633509,0.027044854881266123,1.0,2.0,0.041666666666666664,0.10526315789473684
call_290aacdf95ca,synthetic,train,134.0,11.0,16.0,20.259999999999998,72.28000000000002,0.15119402985074626,0.539402985074627,1.8418181818181816,0.9477419881133557,0.5145687003576956,1.6599999999999984,0.9399999999999995,3.4200000000000017,4.517500000000001,2.975960979246872,11.0,3.2909090909090897,1.7027542103387814,0.5174115003791879,2.559999999999988,5.099999999999998,9.764,9.353975839181969,0.9580065382201934,1.0,0.40000000000000213,0.44776119402985076,0.019743336623889544,0.0,1.0,0.0,0.0625
call_29a23dea3118,synthetic,train,163.0,15.0,22.0,38.98000000000004,83.51999999999998,0.23914110429447877,0.5123926380368097,2.598666666666669,1.8645530891401882,0.7175037541586146,2.0799999999999983,0.8400000000000032,5.3999999999999995,3.7963636363636355,2.796794505166986,15.0,2.4226666666666676,0.90255538457328,0.3725462511997577,2.1000000000000014,3.6079999999999983,8.059999999999999,8.003906189212508,0.9930404701256215,1.0,0.2599999999999909,0.36809815950920244,0.006670087224217308,0.0,1.0,0.0,0.045454545454545456
call_29e423c5b8aa,human,train,161.0,35.0,26.0,43.93999999999993,98.63999999999997,0.2729192546583846,0.612670807453416,1.2554285714285693,1.2387836035105295,0.9867416049810789,0.6400000000000006,0.24799999999999545,3.436000000000001,3.793846153846153,2.8302202644957033,12.0,1.5816666666666688,1.4136821503514239,0.8937927188733964,1.1600000000000072,2.498000000000002,3.2894117647058843,3.126159964647921,0.950370518580376,24.0,10.859999999999946,8.944099378881988,0.24715521165225227,23.0,1.0,0.6571428571428571,0.038461538461538464
call_29f2b21b3d8a,synthetic,train,140.0,9.0,10.0,49.260000000000005,62.559999999999995,0.35185714285714287,0.44685714285714284,5.473333333333334,4.621062888797581,0.844286764092128,3.8000000000000043,2.0759999999999965,9.380000000000003,6.255999999999999,4.450975623388647,8.0,4.9975,5.972373376640145,1.195072211433746,2.8400000000000016,8.473999999999998,9.99,8.6364865541492,0.8645131685835036,2.0,0.9000000000000057,0.8571428571428571,0.01827040194884299,1.0,1.0,0.1111111111111111,0.1
call_29fddbedd6a4,human,train,188.0,18.0,27.0,44.90000000000003,97.76,0.2388297872340427,0.52,2.494444444444446,1.9117857336422472,0.7664174433309673,1.9899999999999949,0.32800000000000157,4.738000000000009,3.620740740740741,2.256772401799835,15.0,2.6199999999999974,1.7458675016544998,0.6663616418528632,1.6799999999999997,4.7319999999999975,7.337647058823528,6.42109714778673,0.8750893980469331,4.0,2.0,1.2765957446808511,0.04454342984409797,3.0,1.0,0.16666666666666666,0.037037037037037035
call_2a34be1bd407,human,train,162.0,20.0,24.0,32.42000000000001,84.94000000000004,0.2001234567901235,0.5243209876543212,1.6210000000000004,1.3655105272388046,0.8423877404310945,1.5200000000000031,0.27400000000000013,2.7579999999999996,3.5391666666666683,2.3441094909486555,15.0,3.4066666666666663,1.8304632079218524,0.5373179671003481,2.8799999999999955,5.972000000000005,6.349473684210525,4.966796567612198,0.7822375230821599,6.0,1.8799999999999946,2.222222222222222,0.05798889574336811,5.0,1.0,0.25,0.041666666666666664
call_2cd6a0b37e59,synthetic,train,115.0,6.0,19.0,18.079999999999995,63.580000000000005,0.15721739130434778,0.5528695652173914,3.0133333333333323,4.524329293448428,1.5014367124275763,1.0399999999999991,0.5399999999999978,7.460000000000001,3.3463157894736844,2.751604719405742,4.0,1.7849999999999993,0.21971572542719772,0.12309004225613322,1.7799999999999958,2.010000000000001,18.088,11.264788324686794,0.6227768865925914,2.0,1.0799999999999956,1.0434782608695652,0.05973451327433606,2.0,0.0,0.3333333333333333,0.0
call_2d2c74bdeb7b,human,train,150.0,11.0,23.0,38.14000000000002,82.75999999999996,0.2542666666666668,0.5517333333333331,3.467272727272729,2.294028179699674,0.6616232295935082,2.719999999999999,1.3400000000000034,6.880000000000001,3.5982608695652156,3.3707742010635733,10.0,3.3359999999999994,3.122944764160903,0.9361345216309662,1.6400000000000006,8.070000000000002,7.267999999999998,5.72063772668747,0.7870993019658051,2.0,1.4199999999999946,0.8,0.037231253277398894,1.0,1.0,0.09090909090909091,0.043478260869565216
call_2d4374d86df7,synthetic,val,172.0,44.0,11.0,46.85999999999991,62.52000000000004,0.27244186046511576,0.3634883720930235,1.064999999999998,1.0611582437044076,0.9963927170933424,0.6799999999999784,0.2600000000000051,2.5680000000000156,5.683636363636367,6.007394341714181,30.0,9.994666666666665,9.038069016972354,0.9042891892648435,6.409999999999997,25.14600000000001,2.8153488372093047,2.29206046110969,0.8141301819570179,15.0,9.060000000000004,5.232558139534883,0.19334186939820788,14.0,1.0,0.3181818181818182,0.09090909090909091
call_30c4f6565eec,synthetic,train,128.0,10.0,18.0,37.65999999999998,59.1,0.29421874999999986,0.46171875,3.7659999999999982,3.1441125934037406,0.8348679217747589,3.309999999999995,0.510000000000003,9.079999999999998,3.283333333333333,2.5043273658919976,8.0,2.530000000000001,1.6964079697997174,0.6705169841105599,1.9000000000000057,3.6400000000000015,7.880000000000002,4.4314432060998925,0.562365889098971,3.0,1.8800000000000026,1.40625,0.04992033988316525,2.0,1.0,0.2,0.05555555555555555
call_312805f2b67f,synthetic,train,132.0,16.0,17.0,25.459999999999976,66.93999999999998,0.1928787878787877,0.507121212121212,1.5912499999999985,0.7237046617923666,0.45480261542332584,1.4900000000000002,0.789999999999992,2.610000000000003,3.9376470588235284,3.845571218048054,16.0,4.015000000000002,2.710853186729227,0.6751813665577149,3.079999999999999,7.590000000000003,6.366666666666668,8.744466186617048,1.373476364390112,2.0,0.939999999999996,0.9090909090909091,0.0369206598586016,0.0,2.0,0.0,0.11764705882352941
call_3332ecee2806,human,train,140.0,37.0,22.0,54.699999999999996,73.35999999999999,0.3907142857142857,0.5239999999999999,1.4783783783783782,1.887147874458451,1.2764985622479468,0.6799999999999997,0.28000000000000114,3.648,3.334545454545454,1.9249196613052035,13.0,2.2753846153846142,2.557608905522787,1.1240336636847954,1.4200000000000017,3.415999999999997,2.2849999999999997,2.2438081468788744,0.9819729308003828,27.0,17.560000000000002,11.571428571428571,0.32102376599634375,24.0,3.0,0.6486486486486487,0.13636363636363635
call_349b9fddaff0,human,train,147.0,16.0,20.0,33.38,83.88,0.2270748299319728,0.5706122448979591,2.08625,1.9255222505855376,0.9229585383273996,1.4500000000000008,0.41000000000000014,5.4899999999999975,4.194,3.0244940072679936,10.0,1.47,0.8715159206807421,0.5928679732522055,1.3099999999999992,2.1759999999999997,6.901333333333332,6.142470585105708,0.8900411396501704,7.0,5.119999999999996,2.8571428571428568,0.1533852606351107,6.0,1.0,0.375,0.05
call_34f4c668dbe8,human,train,223.36,63.0,25.0,126.14000000000006,139.23999999999998,0.5647385386819487,0.623388252148997,2.002222222222223,2.641476525796047,1.3192724046706112,0.8400000000000034,0.2840000000000032,5.451999999999989,5.569599999999999,2.8100455227629286,14.0,1.5171428571428562,1.2322072446944756,0.8121893326611426,1.2000000000000028,2.7399999999999984,1.557419354838709,1.5695262645490393,1.0077736992754813,61.0,56.980000000000054,16.386103151862464,0.451720310765816,49.0,12.0,0.7777777777777778,0.48
call_35966c559fcc,human,train,99.7,19.0,13.0,36.17999999999999,46.860000000000014,0.3628886659979939,0.4700100300902709,1.9042105263157891,2.8070106140265354,1.4741072876314036,0.7199999999999989,0.2720000000000006,3.727999999999998,3.6046153846153857,2.9270531660163597,8.0,1.5274999999999985,0.5037794656394791,0.3298065241502321,1.5199999999999978,2.101999999999999,3.215555555555556,2.1379902874278445,0.6648898613286316,13.0,8.839999999999986,7.823470411233702,0.24433388612493057,11.0,2.0,0.5789473684210527,0.15384615384615385
call_36640e327eaf,human,train,159.0,44.0,28.0,60.69999999999997,95.30000000000003,0.381761006289308,0.5993710691823901,1.3795454545454537,1.7503012137466447,1.268752115401193,0.6199999999999974,0.2660000000000035,3.847999999999999,3.4035714285714294,2.197037314017146,20.0,2.0680000000000014,1.9980130129706357,0.9661571629451811,1.2299999999999969,5.504000000000003,2.2590697674418614,3.11086902832819,1.3770575274666679,31.0,20.679999999999982,11.69811320754717,0.3406919275123557,24.0,6.0,0.5454545454545454,0.21428571428571427
call_36d72e4b1aef,synthetic,val,142.1,12.0,18.0,38.46000000000001,65.52000000000002,0.27065446868402543,0.4610837438423647,3.2050000000000005,1.6130121925556957,0.503279935274788,2.820000000000001,1.644000000000001,5.596000000000003,3.6400000000000015,2.3890118831386693,12.0,3.8099999999999983,1.7410437482537129,0.4569668630587175,3.2700000000000005,6.252000000000001,8.423636363636362,7.419227199068979,0.880762995788461,2.0,0.8200000000000003,0.844475721323012,0.021320852834113366,0.0,2.0,0.0,0.1111111111111111
call_373750027ccd,synthetic,train,149.0,13.0,17.0,47.95999999999999,68.15999999999998,0.3218791946308724,0.45744966442953006,3.689230769230768,3.4991833366756633,0.9484858919262643,3.280000000000001,0.39999999999999364,8.564000000000002,4.009411764705881,2.3355374002779086,9.0,2.2822222222222246,0.7912546686227456,0.3467036035834812,1.980000000000004,2.8520000000000043,7.606666666666668,5.4385925466878735,0.7149771095558114,5.0,2.2399999999999967,2.013422818791946,0.0467055879899916,4.0,1.0,0.3076923076923077,0.058823529411764705
call_374f870c8124,synthetic,train,116.0,24.0,13.0,28.320000000000014,43.15999999999998,0.2441379310344829,0.3720689655172412,1.1800000000000006,1.284743813632378,1.088765943756252,0.7100000000000009,0.29999999999999716,3.382,3.3199999999999985,3.0552351036313956,16.0,7.176250000000001,6.734304785016788,0.9384155770795035,4.400000000000002,16.140000000000008,3.28695652173913,2.0421949717050696,0.6213027030319657,12.0,6.679999999999992,6.206896551724138,0.23587570621468884,8.0,4.0,0.3333333333333333,0.3076923076923077
call_37e63dcc8185,synthetic,train,143.0,10.0,23.0,41.72,63.53999999999997,0.29174825174825175,0.4443356643356641,4.172,3.977367973924465,0.9533480282656916,2.2200000000000024,0.5459999999999979,10.636,2.7626086956521725,2.8902252317698633,5.0,5.5600000000000005,3.177873502831729,0.5715599825236922,4.02,9.14,6.991111111111111,5.965345187822456,0.8532756943801988,6.0,3.780000000000001,2.5174825174825175,0.09060402684563762,5.0,1.0,0.5,0.043478260869565216
call_387c5493a07f,synthetic,train,165.0,12.0,26.0,39.699999999999996,73.36000000000001,0.24060606060606057,0.44460606060606067,3.308333333333333,2.1596521067575263,0.652791568793207,2.6600000000000037,1.4980000000000036,6.202000000000002,2.821538461538462,1.8468594805313152,12.0,5.468333333333334,3.113620168799585,0.569391070185843,4.360000000000002,10.646,10.254545454545454,9.5393580531457,0.9302565477358395,1.0,0.8400000000000034,0.36363636363636365,0.021158690176322506,0.0,1.0,0.0,0.038461538461538464
call_39880aff21ed,synthetic,train,192.0,19.0,18.0,63.36000000000003,76.98000000000005,0.3300000000000001,0.4009375000000002,3.3347368421052646,2.187195677288138,0.6558825421160764,3.0999999999999943,0.47600000000001613,5.923999999999999,4.276666666666669,3.8019600208313595,19.0,8.266315789473685,6.295208044324639,0.76154942596567,6.060000000000002,15.051999999999994,6.376666666666664,9.066613357686412,1.4218421365948377,2.0,0.7800000000000082,0.625,0.012310606060606185,0.0,2.0,0.0,0.1111111111111111
call_3adbf4ac0f30,human,train,167.0,24.0,18.0,60.639999999999986,76.3,0.36311377245508974,0.45688622754491015,2.526666666666666,2.29764130263093,0.9093567160808433,1.7900000000000027,0.5540000000000014,4.359999999999998,4.238888888888889,3.0830322175288685,21.0,5.094285714285714,4.55170985290517,0.8934932408955747,3.6199999999999903,12.300000000000011,4.207826086956523,5.776280551811221,1.3727469796616867,7.0,2.5999999999999766,2.51497005988024,0.042875989445909916,3.0,4.0,0.125,0.2222222222222222
call_3b1bf9fab29d,human,train,123.0,11.0,14.0,22.519999999999996,70.61999999999998,0.1830894308943089,0.5741463414634145,2.047272727272727,1.2559754695714762,0.6134871298972576,1.6000000000000014,0.7999999999999972,3.16,5.044285714285713,3.973305055142946,10.0,1.2860000000000007,0.2241517343229804,0.17430150413917597,1.3100000000000023,1.565999999999999,9.4,3.98035174325084,0.42344167481391914,1.0,2.24,0.48780487804878053,0.09946714031971583,1.0,0.0,0.09090909090909091,0.0
call_3b9afdd4a2df,human,val,156.0,25.0,27.0,29.039999999999985,96.97999999999998,0.18615384615384606,0.6216666666666665,1.1615999999999993,0.8711908172151513,0.7499920947100137,0.7199999999999989,0.4199999999999975,2.7840000000000016,3.591851851851851,2.6911446511861232,14.0,2.0714285714285716,1.6528194834578758,0.7979128540831124,1.4600000000000009,4.518000000000002,5.2075000000000005,3.9839921874923405,0.7650489078237811,14.0,8.499999999999982,5.384615384615384,0.2926997245179059,11.0,3.0,0.44,0.1111111111111111
call_3ca96b2dd5c4,human,train,212.0,25.0,36.0,57.179999999999964,124.59999999999998,0.2697169811320753,0.5877358490566037,2.2871999999999986,1.8921554270196708,0.8272802671474606,1.5600000000000023,0.5520000000000019,4.340000000000001,3.4611111111111104,2.272306436907195,15.0,3.481333333333333,4.919639372510504,1.4131480388291378,1.1199999999999974,9.791999999999993,5.970833333333335,5.150993364283138,0.8626925383307416,12.0,12.219999999999986,3.3962264150943398,0.2137110877929345,10.0,2.0,0.4,0.05555555555555555
call_3cd08cbaf55c,synthetic,train,139.0,14.0,19.0,40.860000000000014,60.68,0.2939568345323742,0.43654676258992803,2.9185714285714295,2.9316739663369726,1.0044893668310722,1.8700000000000045,0.3659999999999993,6.558000000000005,3.1936842105263157,4.274167460362819,13.0,3.9169230769230765,3.40429453804678,0.8691246856757295,2.219999999999999,9.28,6.773846153846152,6.650521712862414,0.9817940298343335,3.0,1.9200000000000053,1.2949640287769784,0.04698972099853169,1.0,2.0,0.07142857142857142,0.10526315789473684
call_3d69be34ef44,human,train,146.1,17.0,25.0,37.87999999999996,77.34000000000002,0.2592744695414097,0.5293634496919919,2.2282352941176446,1.8323505806801907,0.8223326259652396,1.3799999999999955,0.8799999999999955,4.295999999999996,3.093600000000001,2.035380809578393,14.0,1.4285714285714282,1.229627453121224,0.860739217184857,0.9199999999999982,2.2539999999999942,6.172500000000002,4.988721654893164,0.8082173600474949,6.0,3.240000000000002,2.4640657084188913,0.0855332629355862,3.0,3.0,0.17647058823529413,0.12
call_3f3ac4984431,human,train,175.0,21.0,20.0,53.859999999999985,81.50000000000004,0.3077714285714285,0.46571428571428597,2.564761904761904,2.162193813275721,0.8430388057703333,1.9400000000000048,0.5600000000000023,6.459999999999999,4.075000000000002,2.754377425118063,21.0,3.925714285714286,4.750126385715659,1.21000308224198,1.6200000000000045,9.820000000000007,5.5520000000000005,6.67761454413176,1.202740371781657,2.0,0.46000000000000796,0.6857142857142857,0.008540660972892834,0.0,2.0,0.0,0.1
call_415d987a1504,synthetic,train,124.0,15.0,17.0,18.939999999999998,62.539999999999985,0.15274193548387094,0.5043548387096773,1.2626666666666666,0.8579624441405072,0.6794845122548896,1.0399999999999991,0.4599999999999994,2.3319999999999976,3.6788235294117637,2.5157805065413443,15.0,3.270666666666669,1.5254615330741357,0.4664069098269878,2.740000000000002,5.0480000000000045,5.032857142857144,4.2144283268847955,0.8373828637012082,0.0,0.0,0.0,0.0,0.0,0.0,0.0,0.0
call_41fc5fd779c9,synthetic,train,77.0,8.0,16.0,12.7,46.420000000000016,0.16493506493506493,0.6028571428571431,1.5875,1.5632318286166003,0.9847129629080947,0.889999999999997,0.3140000000000015,4.088,2.901250000000001,2.858150352500724,5.0,1.7240000000000013,0.368000000000001,0.2134570765661257,1.799999999999999,2.048000000000002,5.362857142857144,4.389772901010823,0.8185511536248203,3.0,2.779999999999994,2.3376623376623376,0.21889763779527513,3.0,0.0,0.375,0.0
call_450b4e13468b,synthetic,train,142.0,12.0,15.0,45.820000000000036,59.559999999999974,0.3226760563380284,0.4194366197183097,3.8183333333333365,3.431457011565527,0.8986792697247118,2.5700000000000056,0.6880000000000009,7.378,3.970666666666665,3.7738105705271185,10.0,4.326000000000002,2.3286399464064846,0.5382894004638196,3.360000000000002,7.194000000000004,7.632727272727271,7.0058535148170495,0.917870279454354,3.0,2.5600000000000023,1.267605633802817,0.05587079877782628,2.0,1.0,0.16666666666666666,0.06666666666666667
call_4789ebd9b148,synthetic,train,134.0,22.0,21.0,33.82,63.400000000000006,0.25238805970149253,0.473134328358209,1.5372727272727273,1.3853164450379425,0.9011520340282299,0.8500000000000014,0.3059999999999974,3.7240000000000006,3.0190476190476194,2.4284855260250944,19.0,4.475789473684209,2.719060046160444,0.6075040084318962,2.8599999999999994,8.003999999999996,3.637142857142857,4.418132704960261,1.2147261953936304,7.0,1.9399999999999853,3.134328358208955,0.05736250739207526,3.0,4.0,0.13636363636363635,0.19047619047619047
call_47bef2f628eb,human,val,146.0,14.0,27.0,28.54000000000005,80.77999999999999,0.19547945205479486,0.5532876712328766,2.0385714285714323,1.42749459414967,0.7002426180131515,1.4500000000000046,0.5259999999999969,3.9359999999999995,2.9918518518518513,2.5445206738271176,11.0,1.4381818181818173,0.5064281010050729,0.3521307908379143,1.2800000000000011,1.5600000000000023,8.404615384615381,4.524845284876711,0.5383762465989133,4.0,1.819999999999995,1.6438356164383563,0.06377014716187777,3.0,1.0,0.21428571428571427,0.037037037037037035
call_486215b37ca1,human,train,140.26,46.0,20.0,83.63999999999997,69.41999999999996,0.5963211179238556,0.49493797233708803,1.8182608695652167,1.8659084561493575,1.0262050332720047,1.1199999999999974,0.29000000000000625,4.159999999999997,3.470999999999998,2.509123153613631,14.0,2.718571428571432,2.602322745830998,0.957239055218968,2.170000000000009,6.112000000000009,1.239555555555556,1.3050158884610548,1.0528095191959026,38.0,36.55999999999995,16.255525452730645,0.43711142993782837,32.0,6.0,0.6956521739130435,0.3
call_488e7b893457,human,train,155.0,19.0,19.0,32.70000000000006,82.90000000000006,0.21096774193548426,0.5348387096774198,1.7210526315789505,1.7015222124131026,0.98865205002596,1.4000000000000057,0.44400000000000084,3.4480000000000057,4.363157894736846,2.9546129012312035,17.0,1.8058823529411736,1.572495427183211,0.870762940134027,1.5,4.1519999999999975,6.29333333333333,5.823248425253917,0.9253043048602627,3.0,1.2799999999999976,1.161290322580645,0.039143730886850005,2.0,1.0,0.10526315789473684,0.05263157894736842
call_4ac92327c83b,human,train,152.0,17.0,19.0,54.72000000000004,60.39999999999997,0.36000000000000026,0.39736842105263137,3.2188235294117673,2.7456101483104236,0.8529856089414687,2.84,0.48000000000000237,6.016000000000004,3.178947368421051,2.3173530606612864,12.0,2.1550000000000002,1.9173266979486483,0.8897107647093494,1.3499999999999979,5.676000000000003,5.996249999999998,5.614980938302462,0.9364154160187557,6.0,3.919999999999994,2.368421052631579,0.07163742690058464,5.0,1.0,0.29411764705882354,0.05263157894736842
call_4affad158a4c,synthetic,val,165.0,20.0,18.0,28.18,85.50000000000001,0.1707878787878788,0.5181818181818183,1.409,1.3531958468750933,0.9603944974273195,0.9199999999999982,0.3360000000000028,3.1540000000000026,4.750000000000001,3.3238147427984694,19.0,4.963157894736843,2.2857108824667964,0.4605355966794181,4.359999999999999,7.956000000000003,6.57578947368421,9.183467018615271,1.3965573343500093,1.0,0.4200000000000017,0.36363636363636365,0.014904187366926959,1.0,0.0,0.05,0.0
call_4b1bec58d02d,synthetic,train,213.0,42.0,16.0,59.740000000000045,71.95999999999998,0.28046948356807533,0.33784037558685437,1.4223809523809534,2.0910612588369144,1.4701133724665274,0.7599999999999909,0.3019999999999846,2.711999999999999,4.497499999999999,4.498610202051293,32.0,6.467499999999999,5.011102049449802,0.7748128410436493,5.169999999999998,11.518,3.621951219512194,3.7135422702242686,1.0252877648430645,10.0,5.74,2.8169014084507045,0.096083026447941,10.0,0.0,0.23809523809523808,0.0
call_4baef170cf46,human,train,151.0,17.0,20.0,45.45999999999999,81.89999999999995,0.30105960264900655,0.5423841059602645,2.674117647058823,2.506741636710491,0.9374088830637561,1.539999999999992,0.5759999999999976,6.8039999999999985,4.094999999999997,3.4278907508845715,11.0,2.418181818181821,1.9089350585735614,0.7894092347484643,1.4000000000000057,4.359999999999999,5.291250000000001,4.21451639426162,0.7965067600777925,7.0,6.939999999999998,2.781456953642384,0.1526616805983282,6.0,1.0,0.35294117647058826,0.05
call_4c278007298d,human,train,130.0,14.0,14.0,43.50000000000001,67.67999999999999,0.33461538461538465,0.5206153846153846,3.1071428571428577,3.353101823198141,1.079159207466068,1.6699999999999984,0.6160000000000011,8.792,4.834285714285714,3.1947226892524636,10.0,2.6220000000000008,3.2913638510502,1.2552875099352399,1.0300000000000056,4.589999999999998,6.563076923076922,5.369416792016665,0.8181249214277619,4.0,4.1000000000000085,1.8461538461538463,0.09425287356321857,4.0,0.0,0.2857142857142857,0.0
call_4c8c40f7c2fd,human,train,154.0,16.0,22.0,29.779999999999987,77.10000000000007,0.19337662337662329,0.5006493506493511,1.8612499999999992,1.244818636388451,0.6688078637412769,1.8999999999999986,0.259999999999998,3.559999999999995,3.5045454545454575,1.7530537700427677,13.0,2.956923076923075,1.593367911618389,0.5388601157918592,2.0400000000000063,4.356000000000002,7.180000000000001,6.472065100620253,0.9014018245989209,4.0,0.9799999999999898,1.5584415584415583,0.032907991940899606,3.0,1.0,0.1875,0.045454545454545456
call_4cd5b14fbe3c,synthetic,train,141.0,13.0,17.0,43.51999999999998,72.5,0.3086524822695034,0.5141843971631206,3.347692307692306,2.3870102118506504,0.7130315430620052,2.1400000000000006,1.1399999999999948,7.1240000000000006,4.264705882352941,4.023066020787188,8.0,3.855000000000001,2.9300981212239288,0.7600773336508244,2.280000000000001,8.38,7.235000000000002,8.166790985448323,1.1287893552796573,6.0,4.539999999999992,2.553191489361702,0.10431985294117634,5.0,1.0,0.38461538461538464,0.058823529411764705
call_4d8129939686,synthetic,train,151.0,9.0,22.0,27.959999999999987,78.23999999999997,0.1851655629139072,0.5181456953642382,3.106666666666665,2.121802169016813,0.6829835307994038,2.519999999999996,0.6799999999999976,5.748000000000001,3.556363636363635,3.7658013096992002,8.0,3.1275000000000004,1.3642190989720107,0.436201150750443,3.0100000000000016,4.552,10.235000000000001,3.6324062272824054,0.3549004618741969,3.0,1.179999999999989,1.1920529801324504,0.04220314735336157,1.0,2.0,0.1111111111111111,0.09090909090909091
call_4e60206f7e8a,human,train,100.0,13.0,16.0,33.12,45.699999999999996,0.3312,0.45699999999999996,2.5476923076923077,2.1640210216743565,0.8494043865267704,1.9600000000000009,0.7079999999999984,5.476000000000002,2.8562499999999997,2.064221629937058,9.0,3.6622222222222214,3.7945627116756846,1.0361366627755209,1.5799999999999983,8.272,4.121666666666667,3.974313008419047,0.9642490113430765,6.0,3.079999999999993,3.5999999999999996,0.09299516908212539,4.0,2.0,0.3076923076923077,0.125
call_4e9cec0da4ea,synthetic,train,136.0,13.0,20.0,33.93999999999996,64.44000000000003,0.2495588235294115,0.4738235294117649,2.610769230769228,2.3777120920959747,0.9107323864834326,1.6800000000000068,0.5159999999999997,5.779999999999999,3.2220000000000013,2.4505583037340717,12.0,3.9500000000000006,2.574781544131463,0.6518434288940412,2.860000000000003,6.116000000000001,7.555000000000004,6.295316380717759,0.8332649081029458,3.0,1.1399999999999935,1.3235294117647058,0.03358868591632277,1.0,2.0,0.07692307692307693,0.1
call_4f0dad5104b3,human,train,152.0,36.0,25.0,76.16000000000004,84.67999999999998,0.5010526315789476,0.5571052631578945,2.1155555555555567,2.9998337402489152,1.4179886377227007,0.8599999999999994,0.3700000000000081,5.199999999999996,3.387199999999999,2.673753197286543,13.0,0.8723076923076926,0.767955866582027,0.880372686557879,0.7800000000000011,1.3119999999999947,2.0394285714285703,2.2550590018979135,1.1057308078793362,36.0,26.360000000000028,14.210526315789474,0.3461134453781515,23.0,12.0,0.6388888888888888,0.48
call_51851f91f064,human,train,132.0,22.0,16.0,29.58,78.51999999999997,0.2240909090909091,0.5948484848484846,1.3445454545454545,1.3221185728447975,0.9833201015072869,0.6300000000000003,0.2659999999999991,3.3240000000000105,4.907499999999998,2.757987264292567,13.0,1.7030769230769258,1.405436612233338,0.8252337831541718,1.1799999999999997,4.052000000000005,3.598095238095238,3.7187089657409436,1.0335215495044974,9.0,3.939999999999989,4.090909090909091,0.1331981068289381,9.0,0.0,0.4090909090909091,0.0
call_5273f6be303c,human,train,164.0,20.0,22.0,34.42000000000005,95.88000000000004,0.20987804878048813,0.5846341463414636,1.7210000000000025,1.3590507716785238,0.7896866773262765,1.3900000000000006,0.41000000000000375,3.332000000000002,4.35818181818182,4.6187046948090575,15.0,3.082666666666667,2.892978780119588,0.938466299779278,1.259999999999999,7.551999999999998,6.355789473684209,4.738747686877748,0.74557971224476,5.0,3.560000000000063,1.829268292682927,0.10342823939570185,5.0,0.0,0.25,0.0
call_52ba7c3bd761,synthetic,train,146.0,11.0,18.0,37.34000000000003,70.57999999999998,0.2557534246575345,0.48342465753424646,3.3945454545454576,2.0107726404470125,0.5923540183427187,2.5999999999999943,1.519999999999996,6.760000000000005,3.9211111111111103,2.494611724160893,9.0,2.559999999999999,1.4730165571974314,0.5753970926552469,1.9399999999999977,3.4439999999999893,9.149999999999999,6.535645339214785,0.7142781791491569,2.0,1.6999999999999957,0.8219178082191781,0.04552758435993557,2.0,0.0,0.18181818181818182,0.0
call_52bfee0220ab,synthetic,train,164.0,25.0,20.0,48.719999999999985,65.24,0.29707317073170725,0.39780487804878045,1.9487999999999994,1.6172676216384225,0.8298787056847409,1.1799999999999997,0.5439999999999942,4.003999999999997,3.2619999999999996,2.6261599342005044,23.0,7.774782608695653,3.7845508257574,0.48677255895548704,7.799999999999997,13.620000000000005,4.280833333333335,7.748527772350621,1.8100512608177424,3.0,2.259999999999991,1.0975609756097562,0.046387520525451385,2.0,1.0,0.08,0.05
call_54a09817b7e2,synthetic,train,124.0,11.0,19.0,24.97999999999999,60.54000000000001,0.20145161290322572,0.488225806451613,2.27090909090909,1.5091807202190854,0.6645711738354662,1.8599999999999994,0.6000000000000014,4.160000000000004,3.186315789473685,1.873797749368956,10.0,2.4819999999999998,0.37645185615161836,0.1516727865236174,2.360000000000003,2.9439999999999977,8.814,6.148749791624309,0.6976117303862388,3.0,1.9199999999999946,1.4516129032258063,0.0768614891913529,1.0,2.0,0.09090909090909091,0.10526315789473684
call_565b6523733e,human,train,124.0,15.0,19.0,29.719999999999988,72.60000000000001,0.2396774193548386,0.585483870967742,1.9813333333333325,1.9615975348906016,0.9900391326836823,1.2399999999999949,0.4079999999999998,4.763999999999997,3.8210526315789477,3.665621071433213,13.0,1.8753846153846134,1.8102299700255486,0.9652579823762164,1.2199999999999989,3.3199999999999994,5.995714285714286,4.053796658311657,0.6761157161825493,5.0,3.680000000000005,2.419354838709677,0.12382234185733534,2.0,3.0,0.13333333333333333,0.15789473684210525
call_568b5e814bc3,human,train,154.0,23.0,19.0,37.660000000000025,79.97999999999999,0.2445454545454547,0.5193506493506492,1.6373913043478272,1.5893045167245041,0.970632073411141,0.9400000000000013,0.31999999999999745,3.9400000000000066,4.209473684210526,3.334504577238314,18.0,2.7433333333333336,2.2157642273290525,0.8076904838380506,1.8000000000000007,5.599999999999996,4.6599999999999975,3.8988156709908233,0.8366557233885892,9.0,2.820000000000007,3.506493506493506,0.07488050982474788,5.0,4.0,0.21739130434782608,0.21052631578947367
call_569ffb0869eb,human,val,134.0,23.0,13.0,36.66000000000002,66.58,0.27358208955223895,0.496865671641791,1.5939130434782616,2.1514115470110484,1.349767200797984,0.6399999999999997,0.2480000000000004,5.524000000000004,5.121538461538462,3.1763787948732918,11.0,3.363636363636363,2.0199877260080426,0.6005368915159047,2.979999999999997,5.119999999999997,4.043636363636363,4.946777229538204,1.2233486853624158,12.0,5.620000000000001,5.3731343283582085,0.1533006001091107,12.0,0.0,0.5217391304347826,0.0
call_56f58de34ea0,synthetic,train,159.0,15.0,20.0,27.600000000000016,83.46000000000004,0.17358490566037746,0.5249056603773588,1.840000000000001,1.8281502491133867,0.9935599179964053,1.1799999999999997,0.43599999999999284,3.4840000000000058,4.173000000000002,3.490543080954594,14.0,3.3628571428571417,1.5684907603508922,0.46641611395311167,2.5699999999999967,5.4979999999999976,7.38,4.8785595063648515,0.6610514236266737,2.0,1.059999999999988,0.7547169811320755,0.03840579710144882,1.0,1.0,0.06666666666666667,0.05
call_578504f9f39e,synthetic,train,148.0,8.0,17.0,37.8,76.81999999999998,0.2554054054054054,0.5190540540540539,4.725,2.588315089010606,0.5477915532297579,4.249999999999993,2.102000000000004,7.741999999999997,4.518823529411764,3.207450668737954,7.0,2.4171428571428604,0.3007473683872194,0.12442267013655632,2.4399999999999977,2.8080000000000043,14.074285714285717,8.396208084848878,0.5965637088301069,1.0,0.5200000000000102,0.4054054054054054,0.013756613756614028,1.0,0.0,0.125,0.0
call_57f113803718,human,train,173.0,23.0,21.0,34.02000000000007,99.17999999999994,0.19664739884393104,0.5732947976878608,1.4791304347826115,1.290021614390806,0.8721486517045409,0.7199999999999989,0.34800000000000325,3.06,4.72285714285714,3.1959694003796804,12.0,2.8849999999999976,1.5075172746384449,0.5225363170323903,2.099999999999998,5.075999999999994,5.799090909090906,5.569212372165478,0.9603595562599199,11.0,5.900000000000048,3.815028901734104,0.17342739564961895,11.0,0.0,0.4782608695652174,0.0
call_5823cd70919d,synthetic,train,146.0,10.0,20.0,31.6,62.300000000000026,0.21643835616438356,0.42671232876712345,3.16,1.8141885238309732,0.5741102923515737,3.3299999999999965,0.863999999999993,5.091999999999999,3.115000000000001,2.6536456055773527,10.0,3.3800000000000003,1.3472045130565737,0.3985812168806431,3.610000000000001,4.496000000000001,11.153333333333334,4.593405901700582,0.411841533326412,3.0,0.7999999999999972,1.2328767123287672,0.02531645569620244,0.0,3.0,0.0,0.15
call_58a0f7394bc3,synthetic,train,150.0,12.0,19.0,44.16,64.87999999999998,0.2944,0.4325333333333332,3.6799999999999997,2.729774105428262,0.7417864416924626,2.8500000000000014,0.6980000000000004,6.93,3.414736842105262,2.503175600840391,12.0,3.3533333333333317,1.2059942878066314,0.35964044367991016,2.9199999999999946,5.122000000000001,8.47090909090909,6.773667536927576,0.799638794872326,2.0,0.9199999999999999,0.8,0.020833333333333332,0.0,2.0,0.0,0.10526315789473684
call_58ed2170e352,human,val,133.0,19.0,21.0,29.100000000000012,76.38000000000001,0.2187969924812031,0.5742857142857144,1.5315789473684216,1.4187958688449602,0.926361563850661,1.08,0.39599999999999863,2.591999999999998,3.6371428571428575,3.10752258216082,14.0,2.14857142857143,2.128362405844512,0.990594204847844,1.3600000000000065,4.174000000000002,4.565555555555555,4.271392203722892,0.9355689908373336,7.0,4.38,3.1578947368421053,0.1505154639175257,5.0,2.0,0.2631578947368421,0.09523809523809523
call_5a6307557d57,human,train,144.0,17.0,17.0,35.44,79.52000000000001,0.24611111111111109,0.5522222222222223,2.084705882352941,1.4784814055090392,0.7092038344710403,1.9199999999999982,0.45200000000000384,3.819999999999998,4.67764705882353,3.5030869234261917,15.0,2.7413333333333356,1.9738350713493993,0.7200273849766772,1.5199999999999996,4.872,5.825000000000001,6.8868987940872195,1.1823002221608958,3.0,1.620000000000008,1.25,0.04571106094808149,2.0,1.0,0.11764705882352941,0.058823529411764705
call_5a7a7e3c9588,synthetic,train,145.0,21.0,14.0,42.69999999999999,58.64000000000001,0.29448275862068957,0.4044137931034483,2.0333333333333328,1.675633024186987,0.8240818151739283,1.5799999999999983,0.6000000000000085,3.839999999999989,4.1885714285714295,2.293814219475805,18.0,9.12111111111111,5.278078237061593,0.5786661485388518,7.0699999999999985,17.624000000000002,3.4970000000000008,5.083936565300553,1.4537994181585792,3.0,1.1400000000000006,1.2413793103448276,0.026697892271662783,3.0,0.0,0.14285714285714285,0.0
call_5c9d19646f57,human,train,65.64,21.0,11.0,28.959999999999987,41.38000000000002,0.44119439366240076,0.6304082876294944,1.3790476190476184,1.592404306048845,1.1547130672315526,0.72,0.259999999999998,2.900000000000002,3.7618181818181835,3.2268696291151557,7.0,2.194285714285714,1.724602290739662,0.7859515647902107,1.379999999999999,4.536,1.6040000000000005,1.4863727661660118,0.9266663130710794,18.0,11.239999999999995,16.45338208409506,0.38812154696132595,14.0,4.0,0.6666666666666666,0.36363636363636365
call_5d86f0ca06aa,synthetic,train,129.0,9.0,16.0,22.019999999999996,69.41999999999997,0.17069767441860462,0.5381395348837207,2.4466666666666663,1.6305418322345089,0.6664339913765024,2.219999999999999,0.5919999999999959,4.376000000000006,4.338749999999998,2.6286638121867143,9.0,3.877777777777779,1.6360506497034453,0.421904179006619,3.200000000000003,6.148000000000003,8.9575,5.4824669401648,0.6120532447853531,0.0,0.0,0.0,0.0,0.0,0.0,0.0,0.0
call_5e4539a471f6,synthetic,val,96.24,24.0,5.0,24.919999999999995,12.4,0.25893599334995837,0.1288445552784705,1.038333333333333,0.8087833798709979,0.7789246034070607,0.7599999999999945,0.32600000000000406,2.0159999999999965,2.48,1.871512757103194,21.0,13.88952380952381,11.173467925739455,0.8044529156628104,10.479999999999997,32.46,2.9139130434782605,2.6461288199120228,0.9081015048937113,3.0,1.4799999999999986,1.8703241895261846,0.05939004815409306,3.0,0.0,0.125,0.0
call_5f7a4b3e8ca9,human,train,112.0,30.0,15.0,38.139999999999986,56.700000000000024,0.34053571428571416,0.5062500000000002,1.271333333333333,1.4388577259602686,1.1317706287049836,0.5900000000000034,0.2999999999999997,2.959999999999997,3.7800000000000016,2.892011987065982,11.0,2.098181818181818,0.8420086177686636,0.40130393394520364,1.7199999999999989,3.1200000000000045,2.4800000000000004,2.197013647093992,0.8858925996346739,21.0,12.38000000000001,11.25,0.32459360251704283,19.0,2.0,0.6333333333333333,0.13333333333333333
call_6058d9c5c82f,synthetic,val,153.0,13.0,26.0,30.52000000000001,82.53999999999992,0.19947712418300662,0.539477124183006,2.3476923076923084,1.686042949750205,0.718170325909327,2.680000000000007,0.4399999999999977,4.604000000000001,3.1746153846153815,2.2260662626968597,11.0,1.9909090909090887,0.4169467928875029,0.20942532976084643,1.8600000000000012,2.4199999999999946,7.233333333333332,3.686654611191862,0.5096757526993358,3.0,2.3200000000000003,1.1764705882352942,0.07601572739187416,2.0,1.0,0.15384615384615385,0.038461538461538464
call_60ffdefc5f5a,human,train,211.0,19.0,29.0,28.03999999999997,138.94,0.13289099526066336,0.6584834123222749,1.475789473684209,1.0274050899409461,0.6961732064507131,1.0799999999999983,0.3759999999999962,2.9319999999999813,4.79103448275862,3.645178530065753,14.0,1.4300000000000002,0.5320445738577059,0.37205914255783623,1.2100000000000044,2.020000000000006,8.894444444444446,6.41128104916311,0.7208186064018486,5.0,2.480000000000004,1.4218009478672986,0.08844507845934403,5.0,0.0,0.2631578947368421,0.0
call_624a4731ab56,human,train,183.0,24.0,29.0,81.3,82.18000000000005,0.4442622950819672,0.4490710382513664,3.3874999999999997,3.8790669518154335,1.145112015296069,1.2899999999999956,0.28600000000000425,7.709999999999997,2.8337931034482775,2.35013780049846,16.0,1.9549999999999985,2.6861450072548214,1.373987215987122,0.9499999999999957,4.8799999999999955,3.8660869565217393,3.480611814197931,0.9002932043022088,18.0,10.540000000000028,5.901639344262295,0.12964329643296468,8.0,10.0,0.3333333333333333,0.3448275862068966
call_63a156c6b8d9,human,train,122.0,11.0,19.0,20.119999999999983,66.8,0.1649180327868851,0.5475409836065573,1.8290909090909075,1.0436078551697,0.5705609546156416,1.7600000000000016,0.5999999999999943,3.3999999999999915,3.5157894736842104,3.39704874357213,10.0,1.4520000000000017,0.43627514254195,0.30046497420244456,1.379999999999999,1.7060000000000068,8.052000000000001,3.8199811517859614,0.47441395327694497,1.0,1.1400000000000001,0.49180327868852464,0.05666003976143146,1.0,0.0,0.09090909090909091,0.0
call_64637c20ee66,human,val,146.58,38.0,28.0,55.300000000000026,78.55999999999997,0.37726838586437456,0.5359530631736933,1.4552631578947375,1.4167303662828448,0.9735217706826054,0.9000000000000057,0.38200000000000006,2.869999999999992,2.8057142857142847,1.9652615757767462,16.0,1.5037499999999997,1.7314043252516131,1.151391072486526,0.8100000000000023,4.719999999999999,2.452972972972973,2.506304337406365,1.0217415214195187,28.0,20.420000000000016,11.461318051575931,0.36925858951175417,22.0,6.0,0.5789473684210527,0.21428571428571427
call_65a7cdefc22d,human,train,132.0,27.0,21.0,36.93999999999998,76.9,0.27984848484848474,0.5825757575757576,1.3681481481481474,0.9905966665752032,0.7240419598681781,1.0599999999999987,0.42400000000000093,3.264,3.661904761904762,2.6714426618760894,15.0,2.6680000000000006,2.308012709381528,0.8650722299031213,1.480000000000004,6.275999999999996,3.527692307692308,3.1690963377015127,0.8983482858726485,18.0,13.919999999999979,8.181818181818182,0.37682728749323186,12.0,5.0,0.4444444444444444,0.23809523809523808
call_6756c4a91509,synthetic,train,184.0,13.0,25.0,41.98000000000001,87.05999999999999,0.22815217391304354,0.47315217391304343,3.22923076923077,2.5693293394265098,0.79564748481526,1.9600000000000009,1.1879999999999997,6.291999999999989,3.4823999999999997,3.1831924604082618,13.0,3.92,1.0083650132764412,0.25723597277460236,3.719999999999999,5.403999999999999,10.823333333333332,8.970673825799759,0.8288272706313298,3.0,0.9599999999999778,0.9782608695652173,0.022868032396378694,0.0,3.0,0.0,0.12
call_678ee1dd2242,human,val,166.0,15.0,18.0,49.11999999999997,79.25999999999999,0.29590361445783114,0.47746987951807224,3.2746666666666644,2.930278409222501,0.8948325761062205,2.6400000000000006,0.26400000000000434,6.891999999999994,4.403333333333332,3.1212906874489517,13.0,4.141538461538462,4.536826824239171,1.0954448126877638,1.9399999999999977,11.152000000000003,7.254285714285717,5.972419603340624,0.8232953372072539,2.0,0.4800000000000111,0.7228915662650602,0.00977198697068427,2.0,0.0,0.13333333333333333,0.0
call_68544c09a58b,synthetic,train,159.0,7.0,21.0,11.999999999999982,69.06,0.07547169811320743,0.43433962264150944,1.7142857142857117,0.8670287051246933,0.5057667446560719,1.4200000000000017,0.8199999999999932,2.711999999999996,3.2885714285714287,2.8618380469206715,6.0,2.5899999999999994,1.176647780773841,0.4543041624609425,1.8499999999999979,4.240000000000002,16.14666666666667,6.877292749007819,0.4259264708303769,1.0,0.6799999999999926,0.37735849056603776,0.056666666666666136,1.0,0.0,0.14285714285714285,0.0
call_6971b2685c1d,human,val,98.0,10.0,11.0,19.540000000000006,51.84000000000001,0.19938775510204088,0.5289795918367348,1.9540000000000006,1.4500220687975751,0.7420788479004988,1.490000000000001,0.5399999999999988,3.7979999999999965,4.712727272727274,2.9260867162601962,9.0,4.828888888888887,3.8781336990431763,0.80311098231451,3.66,11.003999999999996,6.111111111111111,6.319965619534554,1.0341761922874726,1.0,0.35999999999999943,0.6122448979591837,0.018423746161719514,1.0,0.0,0.1,0.0
call_6afd8cabf618,synthetic,train,152.0,11.0,21.0,33.46000000000001,73.02,0.22013157894736848,0.48039473684210526,3.0418181818181824,2.8462217960652114,0.9356975420417609,2.0799999999999983,0.3999999999999986,7.659999999999997,3.477142857142857,3.294377812283837,10.0,3.1679999999999966,2.725922962961354,0.8604554807327516,2.289999999999999,4.719999999999998,8.584,5.083933909877273,0.5922569792494493,1.0,0.4200000000000017,0.39473684210526316,0.012552301255230174,1.0,0.0,0.09090909090909091,0.0
call_6b0cc9c966a1,human,train,153.0,17.0,26.0,37.67999999999997,86.38,0.24627450980392138,0.5645751633986927,2.2164705882352926,2.86786852840115,1.2938897288434072,1.0199999999999818,0.25999999999999945,5.324000000000004,3.322307692307692,2.4311651332900936,11.0,1.5054545454545476,0.9525121200504306,0.6327073261204542,1.5,1.8000000000000043,7.128750000000003,5.925170751758976,0.8311654570238785,7.0,3.5399999999999934,2.7450980392156863,0.09394904458598716,6.0,1.0,0.35294117647058826,0.038461538461538464
call_6b31fbd81fc3,synthetic,train,162.0,34.0,10.0,37.67999999999999,47.28,0.23259259259259255,0.29185185185185186,1.1082352941176468,1.2604398639042762,1.1373395799560881,0.7399999999999949,0.27200000000000274,3.1420000000000043,4.728,3.111632369030762,24.0,13.875,11.7995384796751,0.8504171877243315,7.77,28.83799999999999,3.6466666666666665,3.5725134744675966,0.9796654865998894,10.0,6.799999999999988,3.7037037037037033,0.1804670912951165,10.0,0.0,0.29411764705882354,0.0
call_6b6499e4474f,synthetic,train,139.0,8.0,13.0,38.739999999999995,59.72000000000002,0.278705035971223,0.4296402877697843,4.842499999999999,3.48874529738128,0.7204430144308271,3.849999999999998,0.6039999999999992,9.973999999999997,4.5938461538461555,4.4008277865761345,7.0,4.514285714285714,1.7392186845400035,0.3852699617651906,4.159999999999997,6.500000000000002,12.322857142857146,8.316856745336485,0.6749130213002016,1.0,0.519999999999996,0.4316546762589928,0.013422818791946208,1.0,0.0,0.125,0.0
call_6c8d4490f8d7,synthetic,val,129.0,8.0,16.0,44.279999999999966,62.15999999999998,0.3432558139534881,0.48186046511627895,5.534999999999996,3.9193972750921824,0.708111522148543,4.649999999999999,1.5959999999999939,9.905999999999999,3.884999999999999,2.804090761726517,6.0,1.9566666666666663,0.20669354663903436,0.10563554342710446,2.030000000000001,2.16,10.731428571428575,10.426054490788832,0.9715439488221752,3.0,2.799999999999983,1.3953488372093024,0.06323396567298972,2.0,1.0,0.25,0.0625
call_6d88a2e95795,human,train,154.0,43.0,26.0,48.419999999999966,89.94000000000005,0.3144155844155842,0.5840259740259743,1.1260465116279061,1.151706801219913,1.0227879482126454,0.7999999999999972,0.29999999999999716,2.0520000000000045,3.4592307692307713,2.7235411381803916,21.0,2.037142857142856,2.3143303934546657,1.136066813056288,1.0,6.34,2.445714285714286,2.808193066603457,1.148209781905619,26.0,17.619999999999965,10.12987012987013,0.36389921520033,22.0,4.0,0.5116279069767442,0.15384615384615385
call_6dfa70c50ea5,synthetic,train,132.0,24.0,14.0,41.47999999999998,40.359999999999985,0.3142424242424241,0.3057575757575757,1.7283333333333326,2.278302852758802,1.3182080150967037,0.8999999999999968,0.30600000000000804,4.0440000000000005,2.8828571428571417,2.4383584307346386,17.0,11.107058823529414,12.612811304246957,1.1355671654072568,3.6799999999999997,32.172000000000004,3.534782608695653,3.321535618623485,0.939671823226816,9.0,5.519999999999987,4.090909090909091,0.13307618129218876,7.0,2.0,0.2916666666666667,0.14285714285714285
call_6e83cb807322,human,train,165.0,16.0,18.0,49.23999999999998,86.01999999999998,0.2984242424242423,0.5213333333333332,3.077499999999999,3.1227942215266116,1.0147178623969497,1.8799999999999955,0.4299999999999997,8.019999999999996,4.778888888888888,2.82978972302594,11.0,2.005454545454547,2.020370639427617,1.007437762180588,1.3200000000000003,3.2399999999999993,7.4893333333333345,4.077586650077332,0.5444525525294638,5.0,2.759999999999998,1.8181818181818181,0.05605199025182776,5.0,0.0,0.3125,0.0
call_70101b573bb2,synthetic,train,163.0,25.0,26.0,46.260000000000026,67.58000000000003,0.28380368098159525,0.4146012269938652,1.8504000000000012,1.297679405708513,0.7012966956920191,1.460000000000008,0.42400000000000093,3.308000000000001,2.59923076923077,3.1353492298146652,22.0,5.03181818181818,3.0857718002642054,0.6132518482909896,4.339999999999999,8.113999999999999,3.1174999999999984,3.4531160444831097,1.1076555074524816,7.0,3.4599999999999866,2.576687116564417,0.07479463899697329,3.0,4.0,0.12,0.15384615384615385
call_70de89818ee5,synthetic,train,170.0,26.0,18.0,54.32000000000002,63.38,0.319529411764706,0.3728235294117647,2.08923076923077,1.4944021780707117,0.7152882295625643,1.6900000000000048,0.6000000000000068,3.7699999999999996,3.5211111111111113,2.8557191911610365,23.0,7.606086956521737,4.83637462059128,0.6358558149857063,5.900000000000006,15.248000000000003,4.1255999999999995,5.552926493300626,1.3459682211801016,5.0,3.5000000000000284,1.7647058823529411,0.06443298969072214,3.0,2.0,0.11538461538461539,0.1111111111111111
call_716d56beca2a,human,train,211.0,32.0,32.0,52.85999999999993,129.71999999999997,0.25052132701421764,0.6147867298578198,1.6518749999999978,1.4834576112498132,0.8980447135829377,0.9800000000000004,0.3599999999999852,3.935999999999992,4.053749999999999,3.359752362526143,20.0,1.8840000000000015,1.5906552109115293,0.8442968210783057,1.3300000000000018,5.0460000000000065,5.077419354838713,5.192855493751027,1.0227351988963262,15.0,14.819999999999972,4.265402843601896,0.2803632236095345,12.0,3.0,0.375,0.09375
call_71fec5a6b017,synthetic,train,101.0,12.0,18.0,24.020000000000028,46.18,0.2378217821782181,0.45722772277227725,2.001666666666669,1.7044541322338025,0.8515174682267113,1.3599999999999994,0.552000000000006,3.7279999999999998,2.5655555555555556,2.0620249546453717,9.0,2.3955555555555526,1.3847993124646159,0.5780702139230779,1.8799999999999955,3.047999999999997,5.419999999999998,3.935682914056974,0.7261407590511024,4.0,2.0799999999999983,2.376237623762376,0.0865945045795169,3.0,1.0,0.25,0.05555555555555555
call_743448b8a861,synthetic,val,103.0,13.0,20.0,26.36,51.12,0.25592233009708737,0.4963106796116505,2.0276923076923077,2.900467213945297,1.4304276851778779,0.9199999999999999,0.5599999999999938,4.408000000000001,2.556,1.8995536317777386,3.0,2.4266666666666663,0.14727148022916242,0.06068879679773177,2.4399999999999977,2.567999999999999,5.183333333333334,3.3036629502552004,0.637362627058881,11.0,8.94000000000001,6.407766990291263,0.33915022761760283,10.0,0.0,0.7692307692307693,0.0
call_74b20933dd43,human,val,148.0,32.0,22.0,44.24,85.17999999999996,0.2989189189189189,0.5755405405405403,1.3825,1.552648946156213,1.1230733787748375,0.6899999999999906,0.24800000000000022,3.9879999999999978,3.8718181818181803,2.350827004121269,16.0,2.3837500000000005,2.138039040218864,0.896922512939219,1.1899999999999982,5.809999999999999,3.2780645161290325,3.298039906011466,1.006093653674035,20.0,11.880000000000008,8.108108108108107,0.26853526220614843,16.0,4.0,0.5,0.18181818181818182
call_750153d8eb40,human,train,140.0,26.0,21.0,38.11999999999999,74.52000000000001,0.27228571428571424,0.5322857142857144,1.4661538461538457,0.9219505948847179,0.6288225463536903,1.2500000000000018,0.38999999999999524,2.96,3.548571428571429,2.978868890022781,19.0,3.3431578947368403,2.655728768315531,0.7943773079029458,2.1200000000000045,6.44,3.0288000000000004,3.403880514941733,1.1238379935755851,11.0,10.34000000000002,4.714285714285714,0.27124868835257143,7.0,4.0,0.2692307692307692,0.19047619047619047
call_7519d635bbbb,synthetic,train,150.0,14.0,22.0,29.240000000000002,83.93999999999997,0.19493333333333335,0.5595999999999998,2.0885714285714285,1.9596459488637128,0.9382709741481525,1.6200000000000045,0.4159999999999993,3.638,3.815454545454544,2.193361320963219,12.0,2.551666666666668,1.372599925526573,0.5379228970058415,2.150000000000002,4.344000000000003,6.5661538461538465,5.278271189088537,0.8038604200814313,3.0,1.2599999999999874,1.2,0.04309165526675743,2.0,1.0,0.14285714285714285,0.045454545454545456
call_7601ac7d4fbf,synthetic,train,143.0,10.0,18.0,50.19999999999996,59.860000000000014,0.3510489510489508,0.4186013986013987,5.019999999999996,3.9528824925615997,0.7874267913469328,4.109999999999992,0.9799999999999986,8.81999999999999,3.3255555555555563,2.887134723836117,10.0,3.7560000000000002,1.8675074297040954,0.49720645093293275,3.0300000000000047,6.921999999999999,6.031111111111115,4.581005334699276,0.7595624173230187,1.0,0.09999999999999432,0.4195804195804196,0.0019920318725098487,0.0,1.0,0.0,0.05555555555555555
call_76856257e3ef,synthetic,train,61.0,13.0,12.0,19.679999999999986,21.39999999999999,0.3226229508196719,0.3508196721311474,1.5138461538461527,0.9781736393090216,0.6461512861289274,1.0599999999999952,0.671999999999997,3.072,1.7833333333333325,1.255171524356554,10.0,5.004,2.555931141482493,0.5107776062115295,3.7699999999999996,8.06,2.541666666666668,3.7005716525363423,1.4559626173913471,5.0,2.859999999999994,4.918032786885246,0.14532520325203233,3.0,2.0,0.23076923076923078,0.16666666666666666
call_7744ab92baa3,human,train,179.0,44.0,19.0,51.67999999999995,112.70000000000002,0.2887150837988824,0.6296089385474861,1.1745454545454534,1.0798767912579283,0.919399744879042,0.6800000000000068,0.2660000000000139,2.6559999999999975,5.931578947368422,5.420791613542392,16.0,2.345,1.8513306025667038,0.7894800010945431,1.8200000000000038,4.2799999999999985,2.6981395348837225,2.3302891883756094,0.863665187899941,30.0,16.899999999999977,10.05586592178771,0.3270123839009287,28.0,2.0,0.6363636363636364,0.10526315789473684
call_794031bf2233,synthetic,train,156.0,40.0,11.0,31.91999999999998,40.89999999999999,0.20461538461538448,0.26217948717948714,0.7979999999999995,0.6143744786366052,0.7698928303716862,0.609999999999995,0.27799999999998737,1.5579999999999994,3.7181818181818174,2.2852325053057054,33.0,14.480000000000002,10.233421182132059,0.7067279821914404,10.780000000000001,32.52,3.037948717948719,3.7842691801904627,1.245665918529946,7.0,3.359999999999994,2.692307692307692,0.10526315789473673,7.0,0.0,0.175,0.0
call_7a250598cb8b,synthetic,train,153.0,21.0,20.0,38.60000000000001,74.19999999999999,0.25228758169934645,0.48496732026143785,1.8380952380952384,1.3712268370144858,0.7460042377539947,1.4799999999999969,0.3999999999999915,4.340000000000003,3.7099999999999995,2.414104388795147,18.0,4.592222222222221,3.833102247463037,0.8346944163360113,2.7399999999999958,11.23,5.135,6.507161823713933,1.267217492446725,3.0,2.179999999999996,1.1764705882352942,0.05647668393782372,3.0,0.0,0.14285714285714285,0.0
call_7a345e2b0f37,synthetic,train,131.0,11.0,15.0,29.440000000000005,67.74000000000004,0.22473282442748096,0.5170992366412217,2.6763636363636367,2.365030358164842,0.8836730278469178,2.540000000000001,0.5399999999999991,5.359999999999999,4.516000000000003,2.6730177702364806,11.0,3.174545454545454,2.082168291322397,0.6558949371290484,2.1000000000000085,5.52,9.017999999999999,7.570344509994247,0.8394704491011586,0.0,0.0,0.0,0.0,0.0,0.0,0.0,0.0
call_7ae75e4aa32f,synthetic,train,243.0,27.0,22.0,62.63999999999997,99.90000000000006,0.25777777777777766,0.41111111111111137,2.319999999999999,1.6705199900142,0.7200517198337072,1.8999999999999986,0.6119999999999891,4.072000000000003,4.540909090909094,4.544553092430253,24.0,5.579166666666667,2.6534787177506365,0.47560484858861296,5.0000000000000036,8.942,6.420769230769232,7.950898315515589,1.2383093099521103,5.0,3.20000000000001,1.234567901234568,0.05108556832694782,3.0,2.0,0.1111111111111111,0.09090909090909091
call_7b14e69a57bd,synthetic,train,81.0,17.0,3.0,10.140000000000033,10.320000000000004,0.1251851851851856,0.12740740740740744,0.5964705882352961,0.31942855551143856,0.5355311088456053,0.5199999999999996,0.2600000000000051,1.1200000000000045,3.4400000000000013,0.3860915262818736,14.0,20.11428571428571,10.470591274262073,0.5205549639192794,23.05,31.68800000000001,3.871249999999998,2.621916939473866,0.6772791577588291,3.0,2.5800000000000036,2.222222222222222,0.25443786982248473,3.0,0.0,0.17647058823529413,0.0
call_7b1e73c133f8,synthetic,val,124.0,11.0,20.0,22.74000000000001,65.02000000000002,0.18338709677419363,0.5243548387096776,2.0672727272727283,1.2235647689442741,0.5918738987857084,1.5399999999999991,0.8799999999999955,3.58,3.2510000000000012,3.240070832559067,10.0,3.1739999999999986,1.499707971573135,0.47249778562480643,2.59,4.634000000000004,6.711999999999999,4.323296890105976,0.6441145545449906,3.0,1.5599999999999987,1.4516129032258063,0.06860158311345638,1.0,2.0,0.09090909090909091,0.1
call_7d4f3b80384e,synthetic,train,131.0,8.0,19.0,35.6,64.49999999999999,0.2717557251908397,0.49236641221374033,4.45,1.9276151068094485,0.4331719341144828,5.560000000000002,2.0179999999999993,5.893999999999992,3.3947368421052624,2.3838477707072263,8.0,1.9999999999999993,0.3702701716314728,0.18513508581573646,1.8599999999999994,2.5780000000000007,12.111428571428572,7.8052133284133145,0.6444502630206794,0.0,0.0,0.0,0.0,0.0,0.0,0.0,0.0
call_7d5b26105bb5,synthetic,train,129.0,9.0,16.0,32.06,65.14,0.24852713178294575,0.5049612403100775,3.5622222222222226,2.770213701254342,0.7776644825729594,3.0800000000000054,0.6080000000000012,6.728000000000002,4.07125,2.723517658745763,9.0,3.013333333333333,1.0834512756311043,0.35955241447934877,2.4399999999999977,4.527999999999999,7.349999999999999,4.598695467195015,0.625672852679594,0.0,0.0,0.0,0.0,0.0,0.0,0.0,0.0
call_7f82debeb19b,human,train,127.0,16.0,16.0,29.500000000000014,64.34000000000002,0.23228346456692925,0.5066141732283466,1.8437500000000009,1.61994164632557,0.8786124183460715,1.3599999999999994,0.39000000000000057,4.130000000000003,4.021250000000001,4.588836828380369,14.0,2.165714285714287,1.9430525111855537,0.8971878349801364,1.3499999999999988,4.616000000000002,6.2653333333333325,5.277178370640464,0.8422821404512341,2.0,1.1800000000000057,0.9448818897637795,0.040000000000000174,2.0,0.0,0.125,0.0
call_802282383eb2,synthetic,train,154.0,8.0,26.0,26.78000000000003,87.30000000000004,0.17389610389610408,0.5668831168831171,3.3475000000000037,2.1839399602553153,0.6524092487693243,2.8600000000000065,0.9660000000000082,6.071999999999998,3.357692307692309,2.350079061996242,8.0,2.247499999999998,0.28176896564384174,0.1253699513432,2.1100000000000003,2.7120000000000006,12.625714285714283,7.0463341170991844,0.558093899295025,1.0,0.8400000000000034,0.3896103896103896,0.03136669156086641,0.0,1.0,0.0,0.038461538461538464
call_810c24005ecc,synthetic,val,112.0,17.0,15.0,30.000000000000014,50.46000000000002,0.26785714285714296,0.4505357142857145,1.764705882352942,1.6269137785717405,0.9219178078573191,1.0600000000000023,0.37599999999999767,4.5880000000000045,3.3640000000000017,3.04776377037329,14.0,4.498571428571425,2.623132960909958,0.5831035479952277,3.4399999999999977,8.796000000000003,4.3862499999999995,5.145141974474562,1.1730161241321317,4.0,1.4399999999999977,2.142857142857143,0.047999999999999904,3.0,1.0,0.17647058823529413,0.06666666666666667
call_810e3066a7b4,synthetic,val,131.0,13.0,19.0,25.239999999999988,70.92000000000003,0.19267175572519074,0.5413740458015269,1.9415384615384605,2.0430514363563224,1.0522848127033362,1.3200000000000003,0.37199999999999844,3.6479999999999952,3.73263157894737,2.430960048829017,9.0,3.1622222222222187,1.402329631385475,0.4434633409159975,2.4399999999999977,4.859999999999994,5.988333333333334,4.353201567684282,0.7269471028696267,6.0,2.6799999999999997,2.7480916030534353,0.10618066561014267,4.0,2.0,0.3076923076923077,0.10526315789473684
call_81b12145be34,synthetic,train,132.0,16.0,22.0,29.080000000000005,68.15999999999998,0.22030303030303033,0.5163636363636362,1.8175000000000003,1.6136430057481717,0.8878365918834505,1.2099999999999973,0.45000000000000107,4.2700000000000005,3.0981818181818173,2.8853795029481053,11.0,2.54909090909091,1.8607791845229031,0.7299775688213953,1.980000000000004,2.960000000000001,6.165333333333334,5.839029447509996,0.9470744129828064,7.0,4.740000000000013,3.1818181818181817,0.16299862448418198,5.0,2.0,0.3125,0.09090909090909091
call_81b98c77cf99,human,train,169.0,16.0,22.0,44.30000000000001,90.22,0.26213017751479295,0.5338461538461539,2.7687500000000007,1.9294166054794897,0.6968547559293866,2.0899999999999963,0.35999999999999943,5.609999999999999,4.100909090909091,3.151994908121913,14.0,2.4185714285714286,1.601989197140577,0.662370016537746,1.6099999999999994,4.962000000000006,6.882666666666666,6.119999419026838,0.8891901519314469,4.0,2.059999999999995,1.4201183431952662,0.04650112866817144,2.0,2.0,0.125,0.09090909090909091
call_850d796d23a7,synthetic,train,138.0,13.0,14.0,36.240000000000016,71.61999999999996,0.26260869565217404,0.5189855072463765,2.787692307692309,2.4939254009142773,0.8946200389593154,1.759999999999998,0.5439999999999998,5.671999999999995,5.115714285714283,3.7860962071500435,13.0,3.250769230769232,1.6497387277452404,0.5074917998269786,2.92,4.816000000000002,5.129999999999999,4.884400338492605,0.9521248223182468,5.0,2.27999999999998,2.173913043478261,0.06291390728476763,0.0,5.0,0.0,0.35714285714285715
call_8570ae0e7d61,synthetic,train,168.0,14.0,19.0,63.74000000000003,68.54000000000002,0.3794047619047621,0.4079761904761906,4.552857142857145,4.344498045264391,0.954235529239119,4.140000000000001,0.4480000000000042,6.322000000000001,3.6073684210526324,2.7489420780504763,12.0,3.1166666666666667,1.8492671221024004,0.5933477397120002,2.3000000000000025,5.496,7.186153846153845,7.433667216389473,1.0344430936958164,5.0,2.1999999999999726,1.7857142857142858,0.03451521807342284,2.0,3.0,0.14285714285714285,0.15789473684210525
call_8834a90f11cd,human,train,128.0,10.0,17.0,30.22,66.20000000000003,0.23609375,0.5171875000000002,3.022,1.0034520417040391,0.33204898798942395,3.039999999999999,1.684000000000002,4.232000000000004,3.8941176470588252,2.7639593485210345,10.0,2.5100000000000002,1.768168544002522,0.7044496191245108,1.4199999999999982,4.77,9.044444444444444,6.93129955926354,0.7663599021298754,0.0,0.0,0.0,0.0,0.0,0.0,0.0,0.0
call_8893de2fe204,synthetic,train,176.0,8.0,18.0,61.97999999999999,89.05999999999996,0.35215909090909087,0.506022727272727,7.747499999999999,5.650760457672935,0.7293656608806629,7.049999999999997,0.43799999999999173,15.866000000000003,4.947777777777776,4.225689365924091,6.0,1.8166666666666675,0.23421262894121817,0.12892438290342279,1.7899999999999991,2.0900000000000034,10.534285714285716,5.04659109029581,0.479063434120839,3.0,1.1399999999999793,1.0227272727272727,0.01839303000968021,2.0,1.0,0.25,0.05555555555555555
call_88cd54e1e505,synthetic,train,131.0,9.0,15.0,30.760000000000005,65.85999999999999,0.23480916030534354,0.5027480916030533,3.4177777777777782,2.856267096823241,0.8357088384723396,2.1200000000000045,0.2760000000000005,6.592000000000002,4.390666666666665,2.885354898255828,7.0,3.940000000000001,1.1731276876063266,0.29774814406251937,3.8599999999999994,5.120000000000001,7.5275,5.247941858481285,0.6971692937205294,3.0,1.0999999999999943,1.3740458015267176,0.03576072821846535,2.0,1.0,0.2222222222222222,0.06666666666666667
call_88d7858b7921,synthetic,train,142.0,8.0,13.0,50.46000000000002,69.06000000000004,0.3553521126760565,0.4863380281690144,6.307500000000003,6.961342812274082,1.103661167225379,3.770000000000003,0.5439999999999969,15.58,5.312307692307696,3.9682706053938843,6.0,2.066666666666664,0.2115550887016294,0.10236536550078854,2.1000000000000014,2.29999999999999,11.668571428571425,7.811923905289961,0.6694841740576609,2.0,1.460000000000008,0.8450704225352113,0.028933808957590314,2.0,0.0,0.25,0.0
call_893d552b156a,human,train,153.0,16.0,19.0,37.63999999999998,85.03999999999999,0.2460130718954247,0.5558169934640522,2.3524999999999987,1.778354225119393,0.7559422848541526,2.09,0.4600000000000044,4.749999999999995,4.47578947368421,4.076492707927235,13.0,1.5815384615384611,1.316252525186247,0.8322608379095922,1.040000000000001,2.444000000000005,6.4573333333333345,5.899242286561518,0.9135725201158656,6.0,3.5200000000000102,2.3529411764705883,0.09351753453772614,3.0,3.0,0.1875,0.15789473684210525
call_8a3996f823e4,human,train,136.0,17.0,15.0,43.40000000000007,68.11999999999999,0.31911764705882406,0.5008823529411764,2.5529411764705925,2.5328425433652533,0.9921272635301667,1.5999999999999999,0.3240000000000066,5.6960000000000015,4.541333333333332,2.905456628866144,11.0,3.814545454545453,4.961928444092834,1.3007915368212868,1.4200000000000017,10.999999999999993,5.681249999999996,4.9419503677697945,0.8698702517526598,7.0,3.520000000000044,3.088235294117647,0.08110599078341102,6.0,1.0,0.35294117647058826,0.06666666666666667
call_8a570a10920b,synthetic,train,183.0,14.0,28.0,58.19999999999998,83.82000000000001,0.3180327868852458,0.45803278688524596,4.157142857142856,4.3457161641773,1.0453612766062237,2.1299999999999955,0.8239999999999966,8.274000000000003,2.9935714285714288,3.114835714867194,7.0,3.77142857142857,0.8645300717140825,0.2292314584090371,3.5399999999999956,4.875999999999996,6.475384615384617,5.912032860563164,0.9130010357248884,9.0,7.899999999999961,2.9508196721311477,0.13573883161511965,7.0,2.0,0.5,0.07142857142857142
call_8a61615c9927,human,train,174.0,35.0,31.0,41.19999999999996,90.95999999999994,0.23678160919540206,0.5227586206896548,1.177142857142856,1.0354752433505285,0.8796512989628286,0.7199999999999989,0.3,2.3760000000000003,2.934193548387095,2.041240568701597,22.0,3.5900000000000034,3.5352651951444884,0.9847535362519457,2.620000000000001,9.506000000000007,3.652352941176471,4.26166500106647,1.166827267162667,14.0,7.87999999999999,4.827586206896552,0.19126213592233005,13.0,1.0,0.37142857142857144,0.03225806451612903
call_8a9391c1823b,human,train,134.0,30.0,26.0,52.360000000000035,76.39999999999996,0.3907462686567167,0.570149253731343,1.7453333333333345,1.988915505718854,1.1395619780665696,0.8100000000000017,0.340000000000002,5.342,2.938461538461537,2.746617069313412,10.0,1.5159999999999998,1.4363787801273007,0.9474794064164254,1.2299999999999969,2.2020000000000013,2.772413793103447,2.228086631096695,0.8036630883308978,25.0,17.380000000000017,11.194029850746269,0.3319327731092438,20.0,5.0,0.6666666666666666,0.19230769230769232
call_8ade6f74aa33,synthetic,train,142.0,17.0,17.0,34.28000000000002,64.94,0.2414084507042255,0.4573239436619718,2.0164705882352956,1.2400613892606052,0.6149662665528084,1.5399999999999991,0.5560000000000088,3.6559999999999997,3.82,4.141571171029887,16.0,3.9587499999999993,2.2053737636736317,0.5570884152001596,3.2199999999999953,6.789999999999999,5.997499999999999,6.24927945846559,1.0419807350505363,3.0,0.70000000000001,1.267605633802817,0.020420070011668887,1.0,2.0,0.058823529411764705,0.11764705882352941
call_8ae3fce602f3,synthetic,train,160.0,16.0,20.0,28.279999999999994,80.42,0.17674999999999996,0.502625,1.7674999999999996,1.612775170319782,0.9124611996151526,0.9899999999999984,0.48999999999999755,3.8200000000000003,4.021,3.1544348146696564,15.0,4.697333333333334,1.7307241901072012,0.36844823803020177,4.419999999999995,6.155999999999999,6.369333333333333,6.87885985384852,1.0799968370078272,3.0,1.1200000000000028,1.125,0.03960396039603971,1.0,2.0,0.0625,0.1
call_8c2ebe3761bb,synthetic,train,131.0,10.0,13.0,42.58000000000001,59.660000000000004,0.32503816793893137,0.4554198473282443,4.258000000000001,2.7357404847682476,0.642494242547733,4.470000000000002,0.5719999999999985,7.338000000000001,4.5892307692307694,4.328066652299332,10.0,2.4899999999999984,1.4943694322355512,0.6001483663596595,1.9799999999999986,3.1839999999999997,8.702222222222222,7.2421632400175655,0.8322199841695365,2.0,0.8800000000000026,0.9160305343511451,0.020666979802724337,0.0,2.0,0.0,0.15384615384615385
call_8c6b33721067,synthetic,train,151.0,9.0,20.0,65.4,53.719999999999985,0.433112582781457,0.3557615894039734,7.2666666666666675,6.958767451527926,0.9576285483754026,5.34,0.6760000000000048,14.044000000000004,2.685999999999999,2.316472317986984,8.0,4.030000000000002,4.061600669686767,1.0078413572423734,2.600000000000005,6.345999999999998,9.2025,6.580930310374064,0.7151241847730577,2.0,1.0600000000000058,0.794701986754967,0.016207951070336478,1.0,1.0,0.1111111111111111,0.05
call_8cafd2754e55,synthetic,val,176.0,15.0,20.0,45.52000000000004,88.61999999999992,0.25863636363636383,0.5035227272727268,3.034666666666669,3.0688844154766657,1.0112756202141904,2.480000000000004,0.5480000000000034,6.280000000000001,4.430999999999996,3.2384346527296173,14.0,3.7585714285714276,3.554236621158427,0.945634980923945,2.5099999999999993,6.520000000000005,8.351428571428569,8.419103156464091,1.0081033543491047,2.0,0.759999999999998,0.6818181818181819,0.01669595782073808,1.0,1.0,0.06666666666666667,0.05
call_8d3ea77f4bb4,synthetic,train,136.0,16.0,21.0,26.04000000000002,63.9,0.19147058823529428,0.4698529411764706,1.6275000000000013,1.0327118426744206,0.6345387666202272,1.3000000000000043,0.6200000000000045,2.8399999999999963,3.0428571428571427,2.663562138435317,15.0,5.938666666666667,2.2700421924615317,0.3822477872353275,5.199999999999996,9.056000000000004,6.401333333333333,8.000224885728041,1.2497747686515375,3.0,1.240000000000009,1.3235294117647058,0.04761904761904793,1.0,2.0,0.0625,0.09523809523809523
call_8d6cd93e02b8,human,train,141.0,15.0,25.0,32.94000000000001,77.85999999999997,0.23361702127659584,0.5521985815602835,2.1960000000000006,1.7177380475497412,0.7822122256601733,1.6600000000000001,0.4960000000000008,4.748000000000003,3.114399999999999,2.2899817990543085,12.0,2.3016666666666663,2.455272670985626,1.0667368592261954,1.0400000000000018,6.1480000000000015,6.648571428571428,5.247936815199521,0.7893329975590171,4.0,2.620000000000001,1.702127659574468,0.07953855494839102,3.0,1.0,0.2,0.04
call_8d75a71e6126,synthetic,val,164.0,12.0,25.0,45.45999999999998,84.56,0.27719512195121937,0.515609756097561,3.7883333333333318,3.25155817348476,0.8583083607966814,3.519999999999996,0.5999999999999996,9.547999999999996,3.3824,2.6908515826778694,7.0,2.4971428571428578,0.3632281567796629,0.14545749985455605,2.460000000000008,2.9400000000000004,10.161818181818184,10.655912416188846,1.0486226210241303,6.0,3.7600000000000033,2.1951219512195124,0.08271007479102518,5.0,1.0,0.4166666666666667,0.04
call_8da8b9947630,human,val,185.0,14.0,28.0,30.500000000000036,113.34,0.16486486486486507,0.6126486486486487,2.178571428571431,1.877086865875103,0.8616136433525053,1.7300000000000004,0.29400000000000637,4.712000000000004,4.047857142857143,3.278476733770969,10.0,1.3859999999999986,0.4068464083656152,0.29353997717576885,1.2600000000000016,1.8159999999999918,11.675384615384614,6.535338982891536,0.559753635377454,4.0,1.520000000000012,1.2972972972972971,0.04983606557377083,4.0,0.0,0.2857142857142857,0.0
call_8e6c9fa78a21,synthetic,train,129.0,10.0,20.0,31.100000000000055,65.92,0.2410852713178299,0.5110077519379845,3.1100000000000056,2.425436043271394,0.779882972112987,2.6400000000000077,0.7940000000000047,6.836000000000006,3.2960000000000003,2.1570405652189293,9.0,2.695555555555553,1.5155131958889638,0.5622266596455354,2.280000000000001,3.3880000000000003,9.559999999999995,5.991527351185171,0.6267288024252274,2.0,1.1799999999999997,0.9302325581395349,0.0379421221864951,1.0,1.0,0.1,0.05
call_8ed994ce484f,synthetic,train,167.0,12.0,20.0,46.060000000000024,77.30000000000003,0.27580838323353307,0.4628742514970061,3.838333333333335,4.350137609573082,1.1333402369708414,2.580000000000002,0.31199999999999906,11.034000000000006,3.865000000000001,2.6522886343684404,10.0,2.155999999999998,0.5384273395733216,0.24973438755719948,2.2299999999999898,2.9260000000000144,9.061818181818179,4.201942880018977,0.4636975489587556,3.0,1.3400000000000176,1.0778443113772456,0.029092488059053775,2.0,1.0,0.16666666666666666,0.05
call_8ee1e10130a2,synthetic,train,127.0,11.0,18.0,36.90000000000002,61.160000000000004,0.2905511811023624,0.4815748031496063,3.3545454545454563,3.071701819206365,0.9156834691401083,1.8400000000000034,0.8200000000000074,7.759999999999998,3.397777777777778,2.171869536586078,7.0,1.9657142857142862,1.3350533123957185,0.6791695629920078,1.540000000000001,3.179999999999996,8.005999999999998,4.220521768691638,0.5271698437036771,4.0,3.940000000000012,1.889763779527559,0.10677506775067777,4.0,0.0,0.36363636363636365,0.0
call_8f8e2145bc91,synthetic,train,120.0,8.0,17.0,40.19999999999999,54.60000000000003,0.3349999999999999,0.45500000000000024,5.024999999999999,4.673315204434643,0.9300129760068944,3.4599999999999937,0.33400000000000035,10.879999999999999,3.211764705882355,2.110545609117721,6.0,2.393333333333334,0.6682980040537466,0.2792331493260779,2.1399999999999997,3.080000000000002,9.860000000000001,8.136857940437276,0.825239142032178,2.0,1.2800000000000153,1.0,0.03184079601990089,2.0,0.0,0.25,0.0
call_9083846f078a,synthetic,train,144.0,9.0,19.0,48.820000000000014,64.0,0.3390277777777779,0.4444444444444444,5.424444444444446,4.800534949614379,0.8849818628949078,5.0,0.7000000000000028,10.403999999999998,3.3684210526315788,3.0025414904147527,8.0,2.1324999999999967,0.22648123542580054,0.10620456526415047,2.09,2.437999999999988,10.454999999999997,8.336448584379323,0.7973647617770756,3.0,1.2000000000000046,1.25,0.02458009012699722,1.0,2.0,0.1111111111111111,0.10526315789473684
call_91a25cd95998,synthetic,train,133.0,13.0,21.0,32.25999999999999,67.54000000000003,0.24255639097744355,0.5078195488721807,2.481538461538461,2.7538891272968464,1.109750733256634,1.1000000000000014,0.4239999999999995,5.436000000000002,3.216190476190478,2.8882792309781573,8.0,1.9199999999999982,0.20976176963402776,0.10925092168438956,1.8899999999999975,2.1859999999999964,7.001666666666668,4.499781167518656,0.6426728637255875,5.0,4.179999999999993,2.255639097744361,0.12957222566645982,5.0,0.0,0.38461538461538464,0.0
call_924e8a27e4de,human,train,150.0,15.0,23.0,26.759999999999973,70.24000000000002,0.1783999999999998,0.46826666666666683,1.7839999999999983,1.4593185624347635,0.8180036784948234,1.4399999999999977,0.3800000000000054,4.135999999999999,3.053913043478262,2.563621316284473,13.0,2.7692307692307687,2.2208746078220263,0.8019824972690652,1.9399999999999977,4.2879999999999985,7.894285714285716,6.539980028678239,0.8284448100026722,3.0,0.9600000000000115,1.2,0.03587443946188387,2.0,1.0,0.13333333333333333,0.043478260869565216
call_925ba94f05a4,synthetic,val,234.0,43.0,21.0,64.10000000000002,85.44000000000013,0.273931623931624,0.36512820512820565,1.4906976744186051,1.8344473793676945,1.2305965259408866,0.7599999999999909,0.30000000000001137,4.023999999999989,4.068571428571435,4.769189095207941,26.0,11.318461538461532,8.806822395737246,0.7780935921203226,7.979999999999999,23.789999999999992,3.667142857142857,2.8626887841380744,0.7806319239955793,19.0,11.280000000000038,4.871794871794872,0.1759750390015606,17.0,2.0,0.3953488372093023,0.09523809523809523
call_927c1f5f2007,synthetic,train,172.0,12.0,21.0,54.220000000000034,82.93999999999997,0.3152325581395351,0.48220930232558123,4.518333333333336,5.53494027871023,1.2249960041409576,2.3100000000000094,0.3639999999999997,13.66000000000001,3.949523809523808,3.357894005801108,8.0,2.2000000000000033,0.26627053911388854,0.12103206323358552,2.1900000000000013,2.564000000000006,7.147272727272725,3.703701074991414,0.5181978100344132,5.0,2.1600000000000215,1.744186046511628,0.03983769826632276,4.0,1.0,0.3333333333333333,0.047619047619047616
call_9491f635b944,synthetic,train,153.0,8.0,26.0,15.040000000000013,71.68000000000002,0.09830065359477133,0.46849673202614395,1.8800000000000017,1.1212047092302093,0.5963854836330895,1.730000000000004,0.5500000000000015,3.2359999999999998,2.7569230769230777,2.2998574692137415,7.0,3.374285714285715,1.8336759110973706,0.5434263919424891,2.980000000000004,5.852,14.928571428571429,10.431221581074263,0.6987421154786587,2.0,1.3199999999999932,0.7843137254901962,0.08776595744680799,1.0,1.0,0.125,0.038461538461538464
call_94a8c8502249,human,train,168.0,31.0,25.0,47.859999999999985,83.74000000000002,0.2848809523809523,0.4984523809523811,1.543870967741935,1.4051097475661884,0.9101212322305026,0.9000000000000057,0.37999999999999545,4.140000000000001,3.349600000000001,2.9166562773148286,23.0,2.446086956521738,1.9196053469634695,0.7847657835079953,1.4399999999999977,5.139999999999996,3.9386666666666668,4.373090237146065,1.1102971150506258,13.0,9.199999999999966,4.642857142857143,0.19222732971165835,8.0,4.0,0.25806451612903225,0.16
call_957a8384caff,synthetic,val,149.0,10.0,11.0,53.680000000000014,77.60000000000002,0.36026845637583904,0.520805369127517,5.368000000000001,5.879423100951319,1.0952725597897388,3.4099999999999966,0.43400000000000033,13.176,7.0545454545454565,3.344858642580127,7.0,2.168571428571428,0.432250871978911,0.19932517153177717,1.860000000000003,2.7279999999999944,8.624444444444444,3.8362687633547465,0.4448134355860953,5.0,3.860000000000028,2.013422818791946,0.07190760059612569,3.0,2.0,0.3,0.18181818181818182
call_95ccefc6e4ce,human,val,226.0,22.0,34.0,55.87999999999998,111.07999999999998,0.2472566371681415,0.491504424778761,2.539999999999999,2.7599604740252732,1.086598611820974,1.509999999999998,0.34600000000000364,5.1720000000000015,3.2670588235294113,2.4888593293405856,16.0,3.971250000000004,4.37989137279682,1.1028999364927454,1.6800000000000068,11.590000000000009,7.05904761904762,6.765141679973402,0.9583646470550554,9.0,4.6999999999999815,2.3893805309734515,0.08410880458124523,6.0,3.0,0.2727272727272727,0.08823529411764706
call_9741efdd34af,human,train,135.0,12.0,20.0,27.720000000000024,79.04,0.2053333333333335,0.5854814814814815,2.310000000000002,1.826444633707794,0.790668672600776,1.7900000000000063,0.2540000000000021,5.0200000000000005,3.9520000000000004,2.2485230708178197,9.0,1.7177777777777774,1.4572255051430794,0.8483201517650528,1.1799999999999997,2.4720000000000004,8.059999999999999,6.436266563212501,0.798544238611973,4.0,1.240000000000009,1.7777777777777777,0.04473304473304502,3.0,1.0,0.25,0.05
call_97701e543c60,synthetic,train,142.0,33.0,13.0,33.419999999999995,46.940000000000005,0.2353521126760563,0.3305633802816902,1.0127272727272725,1.2590118124154577,1.2431894018465024,0.5399999999999991,0.24399999999999977,1.8920000000000017,3.610769230769231,2.6253980256142877,24.0,6.730833333333332,7.662577849885479,1.1384292955135047,2.1299999999999972,18.541999999999994,3.145625,1.837635943100537,0.584187861903608,11.0,4.319999999999992,4.647887323943662,0.12926391382405725,9.0,2.0,0.2727272727272727,0.15384615384615385
call_989dad5aa1af,human,train,126.0,15.0,15.0,30.099999999999998,76.78000000000006,0.23888888888888887,0.6093650793650798,2.0066666666666664,1.670635275044263,0.8325424958692342,1.620000000000001,0.28800000000000026,3.508,5.1186666666666705,4.037183616774886,11.0,2.9618181818181823,2.429073217137531,0.8201290788371036,1.8199999999999994,4.9799999999999995,6.145714285714285,6.98210949937227,1.1360940607997652,4.0,2.600000000000003,1.9047619047619047,0.08637873754152835,4.0,0.0,0.26666666666666666,0.0
call_9a3d5b0a64a3,human,val,215.0,25.0,20.0,61.27999999999996,110.69999999999999,0.28502325581395327,0.5148837209302325,2.4511999999999983,2.0196956602419114,0.8239620023832869,2.0999999999999943,0.4359999999999951,4.624000000000007,5.534999999999999,4.08408067990827,22.0,3.7627272727272727,2.7225609298101903,0.7235605273716379,2.900000000000002,7.027999999999997,5.993333333333335,8.090957229456157,1.3499928636467444,4.0,1.4399999999999729,1.1162790697674418,0.023498694516970852,3.0,1.0,0.12,0.05
call_9bb847dfc83e,human,val,123.0,11.0,22.0,20.220000000000013,74.29999999999998,0.16439024390243914,0.6040650406504063,1.8381818181818195,1.2086191834397275,0.6575079632955981,1.1000000000000085,0.7399999999999949,3.5600000000000094,3.3772727272727265,3.4376381715281066,8.0,1.2100000000000017,0.30347981810987074,0.25080976703295066,1.1400000000000023,1.6179999999999992,10.105999999999998,5.382170937456369,0.5325718323230131,3.0,2.44000000000001,1.4634146341463417,0.12067260138476799,3.0,0.0,0.2727272727272727,0.0
call_9c2dbbd1fe2e,synthetic,train,141.0,9.0,11.0,44.10000000000001,66.61999999999999,0.3127659574468086,0.47248226950354605,4.900000000000001,1.7349991994874838,0.35408146928315987,4.700000000000003,2.7920000000000074,7.223999999999991,6.056363636363636,4.081147950643462,9.0,2.7799999999999976,1.661512028912882,0.5976661974506775,2.280000000000001,3.395999999999999,10.735,6.162335190493949,0.5740414709356264,1.0,0.45999999999999375,0.425531914893617,0.01043083900226743,0.0,1.0,0.0,0.09090909090909091
call_9dc1a304389f,synthetic,train,152.0,18.0,23.0,41.89999999999999,71.52000000000002,0.27565789473684205,0.47052631578947385,2.3277777777777775,1.3543532919833636,0.5818224166038317,2.5199999999999996,0.9180000000000029,4.5139999999999985,3.1095652173913053,2.495567336840107,18.0,4.807777777777781,3.0410388494642127,0.632524835802586,3.2600000000000042,8.596000000000004,5.781176470588236,8.1416878452111,1.408309863335253,2.0,1.3000000000000114,0.7894736842105263,0.031026252983293832,0.0,2.0,0.0,0.08695652173913043
call_9f11e2c5441c,human,val,128.0,22.0,17.0,34.220000000000006,64.36000000000001,0.26734375000000005,0.5028125000000001,1.5554545454545456,2.16792260695627,1.3937550366171225,0.8000000000000034,0.28400000000000103,2.924000000000011,3.785882352941177,2.137153298538335,11.0,2.354545454545455,3.3522105695315942,1.423718774704538,1.3400000000000034,2.3399999999999963,4.443809523809524,2.956700986847264,0.6653527724366968,11.0,5.239999999999989,5.15625,0.15312682641729947,11.0,0.0,0.5,0.0
call_a0fbbe7bfec4,human,train,158.0,21.0,23.0,38.54000000000001,85.79999999999995,0.24392405063291148,0.543037974683544,1.8352380952380958,1.4967635530660308,0.8155691389306341,1.720000000000006,0.3399999999999963,4.260000000000005,3.7304347826086937,2.7566449019255113,17.0,2.9305882352941177,2.3323415918424266,0.7958612416965325,1.9400000000000048,6.900000000000002,4.8149999999999995,4.79248526340979,0.995324042245024,6.0,4.400000000000004,2.278481012658228,0.11416709911779975,4.0,2.0,0.19047619047619047,0.08695652173913043
call_a2aa58c1750b,human,train,137.0,17.0,18.0,38.19999999999998,75.62000000000003,0.27883211678832104,0.5519708029197082,2.247058823529411,2.209412391154457,0.9832463520844447,1.3799999999999955,0.3800000000000011,5.400000000000002,4.201111111111113,2.702628121927265,13.0,2.2046153846153844,1.6042089609937182,0.7276593333188535,1.4600000000000009,4.619999999999999,5.7475000000000005,4.885421552947095,0.8500080996863149,7.0,2.8799999999999955,3.0656934306569346,0.07539267015706798,4.0,3.0,0.23529411764705882,0.16666666666666666
call_a381913d938c,synthetic,train,111.0,24.0,20.0,26.82000000000001,48.83999999999998,0.2416216216216217,0.43999999999999984,1.1175000000000004,1.0146643533701183,0.9079770499956312,0.7399999999999984,0.30000000000000177,2.5980000000000003,2.4419999999999993,1.4718546123853402,13.0,2.9569230769230765,2.266788255237537,0.7666037283581681,2.259999999999998,6.26,3.0965217391304343,2.540781476317273,0.8205275758957777,14.0,7.260000000000015,7.5675675675675675,0.270693512304251,11.0,3.0,0.4583333333333333,0.15
call_a3a1f51a4bf9,synthetic,val,129.0,11.0,15.0,27.340000000000007,67.95999999999998,0.21193798449612408,0.5268217054263564,2.4854545454545462,1.3323415043814846,0.5360554699413433,2.5999999999999943,0.8400000000000034,4.0,4.530666666666665,3.2896270643071728,10.0,2.9120000000000004,1.7077751608452432,0.586461250290262,2.150000000000001,4.681999999999998,7.994,5.244082760597892,0.6560023468348627,1.0,0.8400000000000034,0.46511627906976744,0.03072421360643757,1.0,0.0,0.09090909090909091,0.0
call_a426226cf8b9,synthetic,train,139.0,20.0,18.0,24.720000000000027,63.58000000000002,0.17784172661870523,0.4574100719424462,1.2360000000000013,1.0968609756938206,0.8874279738623134,0.8699999999999974,0.2800000000000004,2.7320000000000015,3.5322222222222233,2.6262701806418174,19.0,4.628421052631578,2.3199030450654954,0.5012299051199047,4.019999999999996,6.995999999999999,5.307368421052631,7.198880645522361,1.3563936162725592,2.0,2.0,0.8633093525179856,0.08090614886731383,1.0,1.0,0.05,0.05555555555555555
call_a4683528fef4,human,train,165.0,18.0,22.0,40.46000000000002,89.56,0.24521212121212135,0.5427878787878788,2.247777777777779,2.6606276526738655,1.183670235989361,1.3700000000000045,0.43999999999999917,6.388000000000002,4.070909090909091,3.0096313714034055,14.0,1.874285714285715,0.9840856110094891,0.5250456766056724,1.6199999999999992,3.4260000000000015,6.679999999999999,7.182357469767806,1.0752032140370968,5.0,3.6599999999999957,1.8181818181818181,0.09045971329708338,4.0,1.0,0.2222222222222222,0.045454545454545456
call_a49598543013,synthetic,train,181.0,15.0,19.0,55.500000000000014,78.4,0.30662983425414375,0.4331491712707183,3.700000000000001,3.281138013962025,0.8867940578275741,3.0,0.9879999999999995,6.924,4.126315789473685,3.5594088961161354,12.0,4.816666666666664,1.5288957525685727,0.317417803301434,4.660000000000001,6.921999999999997,7.191428571428571,7.484455183094829,1.040746648423993,5.0,3.680000000000007,1.6574585635359116,0.0663063063063064,3.0,2.0,0.2,0.10526315789473684
call_a6481017c744,synthetic,train,123.0,15.0,15.0,24.239999999999995,54.259999999999984,0.19707317073170727,0.4411382113821137,1.6159999999999997,1.0786213422698432,0.6674637018996555,1.5,0.5560000000000003,3.4119999999999973,3.6173333333333324,2.722389799830698,15.0,4.698666666666668,1.8882862306570183,0.4018770354690021,4.02000000000001,7.295999999999998,6.112857142857144,6.583097868862378,1.0769265034362383,1.0,0.18000000000000682,0.48780487804878053,0.007425742574257709,0.0,1.0,0.0,0.06666666666666667
call_a71916766a4f,synthetic,train,136.0,9.0,24.0,27.64000000000004,74.28000000000003,0.20323529411764735,0.5461764705882355,3.0711111111111156,1.5915641813039987,0.5182372515099843,2.9000000000000057,1.1920000000000015,5.024000000000001,3.095000000000001,2.5661920556861393,9.0,1.8955555555555534,0.2101381086127844,0.11085832224590045,1.8999999999999773,2.188000000000005,12.107499999999996,5.559396887253149,0.4591696788976379,0.0,0.0,0.0,0.0,0.0,0.0,0.0,0.0
call_a766613f8c8a,human,train,93.74,20.0,13.0,29.52,46.36,0.3149135907830169,0.49455941967143163,1.476,1.897920967796077,1.2858543142249845,0.5399999999999991,0.2360000000000021,2.8400000000000047,3.566153846153846,1.9930862749535665,9.0,1.6466666666666672,0.9990662307041169,0.6067203830186944,1.5799999999999983,2.392000000000003,3.1305263157894734,2.2389223763235337,0.7151904026588289,12.0,5.1200000000000045,7.680819287390655,0.17344173441734434,11.0,1.0,0.55,0.07692307692307693
call_a7c95e99f3b6,human,val,123.0,30.0,21.0,34.120000000000005,73.78000000000004,0.2773983739837399,0.5998373983739841,1.1373333333333335,1.1585362412208875,1.018642650545915,0.6000000000000014,0.2599999999999973,2.462000000000001,3.5133333333333354,2.8772760486817144,14.0,1.3999999999999975,0.7904790590883122,0.5646278993487954,1.1399999999999988,2.408,2.7420689655172414,3.434126279796447,1.2523850869478994,20.0,9.179999999999989,9.756097560975611,0.26905041031652954,16.0,4.0,0.5333333333333333,0.19047619047619047
call_a7df1d46e72b,synthetic,train,173.0,15.0,16.0,57.66,70.93999999999997,0.33329479768786124,0.4100578034682079,3.844,2.9460500108902883,0.7664021880567868,3.5,0.7160000000000011,5.492,4.433749999999998,3.7245450645011697,14.0,3.1471428571428577,1.8473704422828703,0.5869992326818017,2.4300000000000033,4.938000000000002,7.434285714285715,6.170757900065804,0.8300404554277598,3.0,1.120000000000001,1.0404624277456647,0.019424210891432554,1.0,2.0,0.06666666666666667,0.125
call_a7ea289a43fd,synthetic,train,168.0,21.0,29.0,42.199999999999974,82.56000000000002,0.251190476190476,0.49142857142857155,2.009523809523808,1.3398168893741231,0.6667335231482607,1.8599999999999994,0.5,3.5,2.8468965517241385,2.182862883602355,14.0,3.7714285714285714,2.311631635085168,0.6129326305150066,3.2199999999999998,6.298000000000002,4.549,4.11925952083624,0.9055307805751243,7.0,4.160000000000007,2.5,0.09857819905213293,7.0,0.0,0.3333333333333333,0.0
call_a8ca5b456ce4,synthetic,train,163.0,11.0,17.0,62.48000000000002,59.999999999999964,0.38331288343558295,0.3680981595092022,5.6800000000000015,6.4757224939138505,1.1400919883651142,3.180000000000007,0.6800000000000068,11.8,3.5294117647058805,3.272984733503038,9.0,2.2755555555555596,0.3352979143359284,0.1473477162609058,2.260000000000005,2.6880000000000024,8.851999999999999,4.770217605099374,0.5388858568797306,2.0,1.7800000000000011,0.7361963190184049,0.028489116517285543,2.0,0.0,0.18181818181818182,0.0
call_a9d29125d786,synthetic,train,100.0,7.0,15.0,14.72000000000001,30.400000000000002,0.1472000000000001,0.30400000000000005,2.102857142857144,2.043594272604132,0.97181792854816,1.9000000000000057,0.34399999999999975,4.168000000000005,2.026666666666667,2.3733820219724904,7.0,1.565714285714286,0.8158231100788794,0.5210549060722769,1.7600000000000051,2.3640000000000008,8.469999999999999,7.663147743149241,0.904739993287986,3.0,2.38,1.7999999999999998,0.16168478260869554,0.0,3.0,0.0,0.2
call_abf730747901,human,val,119.0,17.0,18.0,26.259999999999987,63.83999999999998,0.22067226890756292,0.5364705882352939,1.5447058823529405,1.4433218125807141,0.9343667484338214,0.74,0.3199999999999972,3.5759999999999965,3.5466666666666655,2.1910727965998755,12.0,2.6750000000000007,2.5609389554093895,0.9573603571623883,1.320000000000003,7.176000000000001,5.646250000000001,4.702141633075294,0.8327901940359164,5.0,3.160000000000008,2.5210084033613445,0.1203351104341207,5.0,0.0,0.29411764705882354,0.0
call_ac80248cae29,synthetic,train,146.0,7.0,14.0,44.36,68.53999999999999,0.30383561643835616,0.4694520547945205,6.337142857142857,5.200960664794023,0.8207106549494626,6.5,1.152000000000001,12.068000000000001,4.895714285714285,3.8219978214199393,7.0,4.5685714285714285,2.42628127312695,0.5310809540928283,3.8800000000000026,6.676000000000002,14.85,10.537645214499614,0.7096057383501424,1.0,0.28000000000000114,0.4109589041095891,0.0063119927862939846,0.0,1.0,0.0,0.07142857142857142
call_acda78859d0d,human,train,148.0,15.0,21.0,33.42000000000001,75.02,0.22581081081081086,0.5068918918918919,2.2280000000000006,1.9198444381424962,0.8616896041932206,1.6599999999999966,0.3519999999999953,5.172,3.572380952380952,2.216711216369885,13.0,1.947692307692306,1.2871563998338091,0.6608622905939784,1.519999999999996,3.6039999999999974,5.969999999999999,4.155559099395823,0.6960735509875753,3.0,1.6199999999999974,1.2162162162162162,0.04847396768402146,2.0,1.0,0.13333333333333333,0.047619047619047616
call_ad8e23b11d98,synthetic,train,116.0,18.0,13.0,21.199999999999974,60.08000000000002,0.18275862068965495,0.5179310344827588,1.1777777777777763,0.9551239335264615,0.8109542831828457,0.6299999999999937,0.33599999999999997,2.625999999999996,4.621538461538463,2.9201207724071594,18.0,5.307777777777777,2.739968685051296,0.5162176714561789,5.049999999999997,8.178,3.5188235294117653,5.260008814970183,1.494820291783569,2.0,0.46000000000000263,1.0344827586206897,0.02169811320754732,0.0,2.0,0.0,0.15384615384615385
call_adf30039caa2,synthetic,train,116.0,11.0,11.0,17.900000000000006,78.34000000000002,0.15431034482758627,0.6753448275862071,1.6272727272727279,1.2340995311937224,0.7583851867670917,0.9399999999999977,0.5600000000000023,3.0600000000000023,7.121818181818184,5.777822518722015,6.0,2.573333333333331,0.5162256182028268,0.2006058101824458,2.299999999999997,3.29,6.209999999999999,2.7635086393930437,0.44500944273640003,5.0,3.9799999999999933,2.586206896551724,0.22234636871508334,5.0,0.0,0.45454545454545453,0.0
call_aed9b45d6c31,synthetic,train,128.04,16.0,22.0,33.299999999999976,58.33999999999999,0.26007497656982176,0.45563886285535765,2.0812499999999985,1.9803972928430271,0.9515422428074611,1.2500000000000053,0.46000000000000085,5.369999999999997,2.6518181818181814,2.3195740917121292,12.0,3.7833333333333337,2.124003034105386,0.5614104935961373,2.9799999999999986,7.304000000000003,5.622666666666668,4.976648760851916,0.885104712031998,7.0,4.880000000000004,3.280224929709466,0.14654654654654678,4.0,3.0,0.25,0.13636363636363635
call_af9ad367dcce,synthetic,val,142.0,11.0,12.0,44.15999999999999,61.65999999999998,0.3109859154929577,0.43422535211267593,4.014545454545454,2.353690964639322,0.5862907747063529,3.5999999999999996,1.4800000000000004,7.099999999999994,5.138333333333332,2.7826541087402297,10.0,5.25,2.3459283876538097,0.44684350241024945,4.409999999999998,8.452000000000002,8.440000000000001,9.098329517004757,1.0780011276071986,1.0,0.3000000000000007,0.4225352112676056,0.006793478260869583,1.0,0.0,0.09090909090909091,0.0
call_b0836ff3142a,synthetic,train,155.0,12.0,25.0,28.659999999999997,79.85999999999999,0.1849032258064516,0.5152258064516128,2.388333333333333,1.1112592956741558,0.4652865159835963,2.1199999999999974,1.512,3.3580000000000014,3.1943999999999995,2.6116264357675667,10.0,2.683999999999999,0.7658093757587482,0.285323910491337,2.38,3.806000000000001,10.312727272727273,6.949041910297737,0.673831637987263,2.0,2.0600000000000165,0.7741935483870968,0.07187718073970749,2.0,0.0,0.16666666666666666,0.0
call_b167dd907a80,synthetic,train,160.0,11.0,10.0,62.36000000000003,67.11999999999999,0.38975000000000015,0.41949999999999993,5.669090909090912,6.069832189601074,1.0706888083003814,3.3200000000000003,1.1400000000000006,13.620000000000001,6.711999999999999,4.776678343786612,11.0,4.356363636363633,3.8146017848341023,0.8756389739811177,2.3200000000000003,10.14,8.779999999999998,9.495396779492685,1.0814802710128346,0.0,0.0,0.0,0.0,0.0,0.0,0.0,0.0
call_b2594d9c3ffd,synthetic,train,185.0,8.0,20.0,66.54000000000003,81.49999999999997,0.3596756756756759,0.44054054054054037,8.317500000000004,5.85411340426541,0.7038308871975242,5.5,3.878000000000017,17.191999999999997,4.074999999999998,2.849448192194413,8.0,2.3099999999999943,0.3163858403911226,0.1369635672688846,2.349999999999995,2.7459999999999836,15.165714285714282,8.416118645861902,0.5549437690376161,0.0,0.0,0.0,0.0,0.0,0.0,0.0,0.0
call_b382ffa5187d,human,train,126.0,9.0,17.0,22.960000000000004,72.8,0.18222222222222226,0.5777777777777777,2.5511111111111116,1.785873234548451,0.7000374177236958,1.7399999999999998,1.1000000000000014,4.580000000000002,4.2823529411764705,3.0850446262608204,8.0,1.490000000000002,0.4679743582719057,0.3140767505180571,1.549999999999999,1.8660000000000077,11.6725,5.894861639597658,0.5050213441505811,1.0,0.94,0.47619047619047616,0.04094076655052264,1.0,0.0,0.1111111111111111,0.0
call_b3f14bd5c2b6,synthetic,train,126.0,14.0,19.0,31.57999999999995,52.41999999999998,0.2506349206349202,0.41603174603174586,2.2557142857142822,1.6515997192579874,0.7321848027109519,1.6999999999999993,0.38599999999999424,4.479999999999997,2.7589473684210515,2.2641691743024617,11.0,4.960000000000002,2.8018824840712804,0.5648956621111451,3.719999999999999,9.920000000000002,5.130769230769234,4.703129010053529,0.9166518310449152,3.0,0.8599999999999994,1.4285714285714286,0.027232425585813833,3.0,0.0,0.21428571428571427,0.0
call_b41c86402714,human,train,141.0,23.0,20.0,88.05999999999999,72.22,0.6245390070921985,0.5121985815602836,3.8286956521739124,5.565111276162234,1.4535266789885466,2.539999999999992,0.459999999999998,5.860000000000008,3.6109999999999998,3.1923751345980653,14.0,1.5928571428571427,1.885881486093927,1.1839614710903579,0.6300000000000003,4.616000000000001,2.37909090909091,2.821788454623171,1.1860784486379392,19.0,42.85999999999999,8.085106382978724,0.4867136043606632,9.0,10.0,0.391304347826087,0.5
call_b5840ec7dd5e,synthetic,train,136.0,18.0,14.0,40.54000000000001,53.139999999999986,0.29808823529411776,0.39073529411764696,2.252222222222223,1.3755021529752351,0.6107310990023243,1.9400000000000013,1.0440000000000027,3.874000000000004,3.795714285714285,5.396550107357894,17.0,10.124705882352941,4.72702134497484,0.4668798679094369,9.079999999999998,16.508000000000003,4.724705882352941,10.245728015156052,2.168543031096276,3.0,1.4200000000000124,1.3235294117647058,0.03502713369511623,1.0,2.0,0.05555555555555555,0.14285714285714285
call_b5c4803ea37c,human,train,114.0,10.0,14.0,18.32,68.22000000000003,0.1607017543859649,0.5984210526315792,1.832,1.2762507590595196,0.6966434274342356,1.7900000000000027,0.33599999999999,3.403999999999999,4.8728571428571446,2.484450006889793,9.0,1.7355555555555529,0.8013753609487896,0.461739964695206,1.5200000000000005,2.347999999999995,7.582222222222222,4.714407651675111,0.6217712319032239,1.0,0.3399999999999892,0.5263157894736842,0.018558951965064914,1.0,0.0,0.1,0.0
call_b5cc1f8d8fee,human,val,160.0,28.0,26.0,40.59999999999992,89.17999999999999,0.25374999999999953,0.557375,1.4499999999999973,1.2803403565347107,0.8829933493342849,1.1000000000000014,0.31600000000000183,3.289999999999996,3.4299999999999997,2.339429582020107,15.0,2.0160000000000013,1.5374819240129844,0.7626398432604085,1.2600000000000193,4.624000000000002,4.345185185185188,3.788953114838871,0.8719888689110932,14.0,8.319999999999952,5.25,0.20492610837438344,13.0,1.0,0.4642857142857143,0.038461538461538464
call_b658b1155216,human,val,189.0,24.0,30.0,44.37999999999995,105.65999999999998,0.23481481481481456,0.5590476190476189,1.8491666666666646,1.3663330385459553,0.7388912331028158,1.6399999999999988,0.48000000000000265,3.2679999999999993,3.5219999999999994,2.0926879047451545,17.0,1.6388235294117641,0.9555157668101789,0.5830498218152566,1.3000000000000114,2.684000000000003,6.1104347826086975,5.216551816520406,0.853712051942289,9.0,8.42,2.857142857142857,0.1897251013970259,7.0,2.0,0.2916666666666667,0.06666666666666667
call_b712f501aeb8,synthetic,val,206.0,41.0,15.0,63.06000000000001,79.32000000000001,0.306116504854369,0.3850485436893204,1.5380487804878051,1.552846669220199,1.0096212089760253,1.1199999999999903,0.3200000000000003,3.6799999999999784,5.288,3.9712889595193133,29.0,7.962758620689654,6.110754170144872,0.7674167284522836,5.819999999999993,14.54,3.44,3.783807606102615,1.099944071541458,14.0,9.140000000000018,4.077669902912621,0.1449413257215353,12.0,2.0,0.2926829268292683,0.13333333333333333
call_b72eccd91b8c,synthetic,train,156.0,14.0,23.0,36.160000000000004,71.88000000000002,0.23179487179487182,0.46076923076923093,2.582857142857143,1.772437500697148,0.6862313332345151,2.7399999999999984,0.41800000000000087,5.042000000000002,3.125217391304349,1.9590078890251446,13.0,5.86,2.878771105336978,0.49125786780494507,4.219999999999999,9.824,5.833846153846154,6.5728597434526606,1.1266769075011154,4.0,0.9400000000000048,1.5384615384615383,0.02599557522123907,1.0,3.0,0.07142857142857142,0.13043478260869565
call_b78e6c8e05d3,human,train,133.0,18.0,19.0,32.58,74.35999999999997,0.24496240601503758,0.559097744360902,1.8099999999999998,1.5799050604387594,0.8728757239993147,1.0,0.3560000000000006,3.460000000000001,3.913684210526314,4.271930674736038,13.0,2.895384615384616,2.569790818738173,0.8875473072156281,1.4399999999999995,6.968000000000002,5.54235294117647,6.72853058813234,1.2140205900896814,8.0,5.74,3.6090225563909772,0.17618170656844692,5.0,3.0,0.2777777777777778,0.15789473684210525
call_b7c3a7552903,synthetic,train,160.0,11.0,22.0,30.79999999999997,97.18000000000002,0.1924999999999998,0.6073750000000001,2.799999999999997,2.767552249650484,0.9884115177323167,1.6999999999999957,0.2600000000000051,7.099999999999994,4.417272727272728,2.7677381343193037,8.0,2.805000000000002,1.4619422013198753,0.5211915156220586,2.1899999999999977,4.732000000000004,8.396000000000004,4.380308664923054,0.5217137523729218,3.0,1.4599999999999795,1.125,0.04740259740259679,3.0,0.0,0.2727272727272727,0.0
call_b956718b62ae,synthetic,train,130.0,15.0,23.0,24.559999999999988,65.7,0.18892307692307683,0.5053846153846154,1.6373333333333326,1.356876150902832,0.8287110042158994,1.1599999999999966,0.3159999999999996,3.6479999999999935,2.856521739130435,2.1649593001408918,11.0,2.4345454545454546,0.9994213201681321,0.4105165990235046,2.200000000000003,4.0,6.741428571428572,6.072892764623153,0.9008317302895119,5.0,3.0400000000000027,2.307692307692308,0.12377850162866466,4.0,1.0,0.26666666666666666,0.043478260869565216
call_b96e9305d9a2,human,train,137.94,33.0,23.0,43.66000000000004,77.02000000000004,0.31651442656227374,0.5583587066840658,1.3230303030303041,2.062549885308172,1.5589589146855156,0.46000000000000796,0.3400000000000034,3.3720000000000057,3.3486956521739146,2.4639792918875476,12.0,1.418333333333334,0.9413627828254582,0.6637105401824615,1.1799999999999997,1.9160000000000155,2.8568749999999987,2.7051021670863005,0.9468745279672025,24.0,11.720000000000033,10.439321444106133,0.2684379294548791,21.0,3.0,0.6363636363636364,0.13043478260869565
call_bac44092a11a,human,train,165.0,28.0,24.0,37.86000000000001,89.99999999999999,0.2294545454545455,0.5454545454545454,1.3521428571428573,1.1955792294438499,0.8842107349294187,0.8499999999999943,0.2960000000000079,3.4680000000000106,3.7499999999999996,3.2142184119938064,21.0,1.8790476190476184,1.2723502990319595,0.6771250957848748,1.579999999999984,3.760000000000005,4.266666666666667,4.9130333090969645,1.1514921818196011,8.0,4.32,2.909090909090909,0.11410459587955625,7.0,1.0,0.25,0.041666666666666664
call_bba20372ca37,synthetic,train,149.0,13.0,14.0,42.59999999999998,68.53999999999999,0.28590604026845623,0.45999999999999996,3.2769230769230755,3.053954270513973,0.9319578759784429,2.219999999999999,0.46799999999999786,6.728,4.895714285714285,3.6909555756232715,11.0,4.652727272727275,3.4587467275907655,0.7433805002637437,2.960000000000008,6.920000000000002,5.95,4.5069390943299865,0.7574687553495776,3.0,1.4200000000000017,1.2080536912751678,0.03333333333333339,2.0,1.0,0.15384615384615385,0.07142857142857142
call_bc24a38d8bf2,synthetic,train,112.0,18.0,17.0,25.940000000000015,52.600000000000016,0.23160714285714298,0.4696428571428573,1.441111111111112,1.1519157419460895,0.7993247245578103,1.0900000000000034,0.3760000000000012,2.886000000000001,3.0941176470588245,3.004543733245151,15.0,5.639999999999999,3.0951402768426086,0.5487837370288314,4.68,9.047999999999998,4.367058823529411,6.408758496552044,1.4675228238333076,3.0,0.9600000000000009,1.6071428571428572,0.03700848111025445,3.0,0.0,0.16666666666666666,0.0
call_bc2c7c34acea,human,val,192.0,20.0,32.0,31.97999999999999,111.2,0.16656249999999995,0.5791666666666667,1.5989999999999995,1.123467400506126,0.7026062542252197,1.1499999999999986,0.298000000000004,3.3419999999999934,3.475,2.356581210143204,15.0,2.204000000000001,1.7066958330841102,0.7743629006733709,1.5799999999999983,4.327999999999999,7.586315789473685,6.232826688738904,0.8215880885669431,7.0,4.3200000000000145,2.1875,0.1350844277673551,5.0,2.0,0.25,0.0625
call_bc7120020303,human,train,157.0,24.0,25.0,40.41999999999996,77.29999999999998,0.2574522292993628,0.49235668789808906,1.684166666666665,1.1040981110793058,0.6555753257274459,1.3000000000000007,0.48600000000000143,3.163999999999998,3.091999999999999,2.5040255589749876,22.0,7.391818181818184,7.461914594893702,1.0094829731131556,4.31,19.62200000000001,3.600000000000002,4.349892552396129,1.208303486776702,6.0,3.340000000000014,2.2929936305732483,0.08263236021771443,2.0,4.0,0.08333333333333333,0.16
call_bd2262567810,human,train,273.0,32.0,42.0,60.94000000000007,147.58000000000007,0.22322344322344348,0.5405860805860808,1.9043750000000021,1.158325670688088,0.6082445267807478,1.5399999999999991,0.502000000000001,3.3120000000000207,3.5138095238095253,2.952650102938966,27.0,4.52888888888889,4.556985141543359,1.0062037849335188,2.4799999999999898,9.952000000000005,6.058709677419354,7.021471099391053,1.158905356624016,9.0,6.6000000000000085,1.978021978021978,0.10830324909747294,5.0,3.0,0.15625,0.07142857142857142
call_bd98a8224da0,human,val,151.0,22.0,21.0,33.26000000000002,78.67999999999999,0.2202649006622518,0.5210596026490065,1.5118181818181826,1.245627393447086,0.8239267184556789,1.0900000000000105,0.26399999999999296,3.332000000000002,3.746666666666666,4.4700925028602025,13.0,3.052307692307693,2.41989877043888,0.7928095770087056,2.0400000000000063,6.544000000000008,4.857142857142857,3.3703937071945442,0.6939045867753474,11.0,4.820000000000013,4.370860927152318,0.14491882140709592,9.0,2.0,0.4090909090909091,0.09523809523809523
call_bda847d77eef,human,train,143.0,17.0,21.0,32.159999999999954,78.32000000000001,0.2248951048951046,0.5476923076923077,1.8917647058823501,1.5446767615193329,0.8165268950817381,1.7000000000000028,0.41600000000000303,3.4079999999999933,3.7295238095238097,2.551896542518685,15.0,2.7720000000000007,2.1219714104263203,0.7655019518132467,1.8399999999999999,5.388000000000002,5.4162500000000025,4.581010907812817,0.8457901514540161,3.0,2.060000000000009,1.2587412587412588,0.06405472636815958,2.0,1.0,0.11764705882352941,0.047619047619047616
call_bdfa814252df,synthetic,train,158.0,15.0,22.0,29.24000000000001,77.91999999999999,0.18506329113924055,0.4931645569620252,1.949333333333334,1.736523218643761,0.8908292845299728,1.2999999999999972,0.3080000000000041,3.592000000000001,3.541818181818181,2.5172922616530875,15.0,3.175999999999999,1.9537887978660002,0.6151727952978593,2.3999999999999986,4.495999999999997,6.63,4.63962898763006,0.6997932108039305,2.0,0.8599999999999959,0.759493670886076,0.029411764705882203,0.0,2.0,0.0,0.09090909090909091
call_be72006df132,human,val,130.0,19.0,21.0,24.30000000000002,74.72,0.18692307692307705,0.5747692307692308,1.2789473684210535,1.0518049385740995,0.8223989231649332,1.1199999999999974,0.2560000000000002,2.708000000000001,3.558095238095238,3.097949581574452,11.0,1.6818181818181814,1.1912241082319739,0.7082954157054981,1.2800000000000011,2.1400000000000006,4.963333333333333,3.5611499391192303,0.7174915928379914,9.0,6.120000000000022,4.153846153846154,0.2518518518518526,8.0,1.0,0.42105263157894735,0.047619047619047616
call_bf0384ed27ed,human,val,166.0,23.0,26.0,42.179999999999964,83.09999999999995,0.25409638554216846,0.500602409638554,1.8339130434782593,1.7305584399775975,0.9436425822542621,1.0799999999999983,0.6039999999999949,3.915999999999994,3.196153846153844,2.5671775536016166,18.0,2.9433333333333374,2.0074112682756375,0.6820196834458555,1.7800000000000047,5.9440000000000115,4.920909090909093,5.032879086648759,1.0227539248685817,6.0,2.5399999999999814,2.1686746987951806,0.060218112849691405,5.0,1.0,0.21739130434782608,0.038461538461538464
call_bf4ed1a05c84,human,train,149.0,22.0,17.0,38.95999999999998,82.68,0.261476510067114,0.5548993288590605,1.7709090909090899,2.1898752747607024,1.2365825473494734,0.9499999999999993,0.28200000000000214,3.259999999999998,4.8635294117647065,3.3843323108571095,12.0,2.250000000000002,1.5454557040993875,0.6868692018219493,1.6700000000000053,3.896000000000011,4.887619047619048,4.84627486275299,0.9915410377807169,11.0,8.260000000000028,4.429530201342282,0.21201232032854292,10.0,1.0,0.45454545454545453,0.058823529411764705
call_c04725672945,synthetic,val,183.0,12.0,16.0,70.80000000000003,71.24000000000004,0.3868852459016395,0.389289617486339,5.900000000000002,6.092164366353442,1.032570231585329,3.0800000000000125,0.4000000000000029,15.508,4.452500000000002,3.9865578824344174,8.0,5.999999999999999,5.331660154210882,0.8886100257018138,4.369999999999998,12.336,9.014545454545454,6.658277641929993,0.7386149058211974,4.0,3.5200000000000244,1.3114754098360657,0.049717514124294114,4.0,0.0,0.3333333333333333,0.0
call_c1cbe639d50f,synthetic,train,91.0,7.0,13.0,20.53999999999999,44.89999999999997,0.2257142857142856,0.4934065934065931,2.934285714285713,2.622664169682954,0.8937998630857198,1.1799999999999926,0.6079999999999984,6.367999999999999,3.4538461538461513,3.92718638460263,5.0,2.992000000000001,0.5540541489782385,0.18517852572802082,2.8000000000000043,3.648000000000001,9.64,7.192903910568155,0.7461518579427546,3.0,1.5999999999999943,1.978021978021978,0.07789678675754602,2.0,1.0,0.2857142857142857,0.07692307692307693
call_c1d95df7a179,synthetic,train,110.0,11.0,18.0,20.599999999999994,62.16,0.18727272727272723,0.5650909090909091,1.8727272727272721,1.8173561761730646,0.9704329096069765,1.0600000000000023,0.5,3.9399999999999977,3.453333333333333,2.5483938296721553,7.0,1.8657142857142854,0.1908520101961665,0.10229433930881819,1.8600000000000065,2.0479999999999974,6.01,3.0088303375232024,0.5006373273749088,4.0,3.200000000000003,2.181818181818182,0.1553398058252429,4.0,0.0,0.36363636363636365,0.0
call_c21f9cf2390e,synthetic,val,153.0,23.0,17.0,36.499999999999986,71.33999999999999,0.23856209150326788,0.4662745098039215,1.5869565217391297,1.0454640524982965,0.658785567327694,1.3399999999999963,0.5280000000000001,3.043999999999997,4.196470588235293,4.292511867367157,17.0,5.741176470588234,2.513010574058281,0.43771700572736455,5.579999999999998,9.532000000000002,3.4418181818181823,4.4508177352478375,1.2931588771190228,8.0,5.480000000000004,3.1372549019607847,0.15013698630137004,6.0,2.0,0.2608695652173913,0.11764705882352941
call_c337629bcbbb,human,train,151.44,27.0,26.0,42.82000000000001,83.46,0.2827522451135764,0.5511093502377179,1.5859259259259262,1.4907995847599491,0.9400184210303274,0.980000000000004,0.21999999999999886,4.072000000000002,3.21,2.305546823173658,18.0,3.1955555555555537,2.7739466914332684,0.8680639854971985,2.0699999999999994,6.917999999999996,4.140769230769231,5.1286479872881525,1.2385737290497116,15.0,9.160000000000021,5.942947702060222,0.213918729565624,9.0,6.0,0.3333333333333333,0.23076923076923078
call_c3417b995627,synthetic,train,126.0,13.0,22.0,28.540000000000013,57.84000000000001,0.2265079365079366,0.45904761904761915,2.1953846153846164,1.8895852837008176,0.8607080829751442,1.8200000000000074,0.40399999999999925,3.7040000000000015,2.6290909090909094,2.1033715555808135,11.0,2.0363636363636344,0.4475239501416792,0.21976622551600342,1.8200000000000003,2.5999999999999943,6.438333333333333,4.683157470007696,0.7273866119608123,5.0,4.02000000000001,2.380952380952381,0.14085494043447822,2.0,3.0,0.15384615384615385,0.13636363636363635
call_c3a3ab5fa472,synthetic,train,202.0,17.0,26.0,65.34000000000002,93.72000000000006,0.32346534653465353,0.46396039603960426,3.843529411764707,3.5760460274318886,0.9304068329712594,3.24,0.7879999999999996,6.647999999999994,3.6046153846153866,3.262166848028884,13.0,2.6907692307692304,1.8781105953281951,0.6979827827120223,1.9399999999999977,5.964000000000006,7.802499999999998,7.542860448795272,0.9667235435815794,6.0,5.420000000000011,1.7821782178217822,0.08295071931435581,4.0,2.0,0.23529411764705882,0.07692307692307693
call_c3e9e24958f7,synthetic,train,209.0,32.0,13.0,74.10000000000004,73.22,0.3545454545454547,0.35033492822966505,2.315625000000001,1.6649454523722391,0.7190047837504943,2.269999999999996,0.4260000000000012,4.733999999999996,5.632307692307692,3.9940612719119586,32.0,11.303749999999999,5.32312745831809,0.4709169486513847,10.350000000000001,18.672,3.8883870967741925,6.992384381169777,1.7982737333355163,0.0,0.0,0.0,0.0,0.0,0.0,0.0,0.0
call_c49b6face6c3,synthetic,val,122.0,11.0,16.0,23.520000000000017,60.940000000000005,0.1927868852459018,0.4995081967213115,2.13818181818182,1.9770401117088618,0.9246361066665588,1.3200000000000074,0.35999999999999943,5.380000000000003,3.8087500000000003,3.6585445791325286,9.0,4.04222222222222,1.5557333231757653,0.3848708056234716,3.5600000000000005,5.440000000000007,8.591999999999997,7.684140550510514,0.8943366562512239,2.0,0.7600000000000051,0.9836065573770493,0.03231292517006822,2.0,0.0,0.18181818181818182,0.0
call_c4fc8a865292,human,val,177.0,25.0,23.0,47.45999999999998,92.50000000000003,0.26813559322033886,0.5225988700564973,1.8983999999999992,1.5920896457172247,0.8386481488185974,1.1400000000000006,0.33999999999999914,4.687999999999997,4.021739130434784,2.673729933638404,23.0,2.479130434782608,1.8977192559204121,0.7654777777300857,1.42,5.724000000000002,4.767500000000001,6.422678082388994,1.347179461434503,4.0,1.440000000000003,1.3559322033898304,0.03034134007585343,2.0,2.0,0.08,0.08695652173913043
call_c509bc8280ae,human,train,140.0,16.0,16.0,27.63999999999999,75.58,0.19742857142857137,0.5398571428571428,1.7274999999999994,1.6768553157622161,0.9706832508030199,0.8499999999999933,0.3599999999999999,3.9499999999999993,4.72375,3.2975007107656547,10.0,1.714000000000001,0.5320939766620204,0.31043989303501757,1.5700000000000003,2.158000000000002,6.933333333333334,5.630306879341088,0.812063492212657,6.0,3.979999999999987,2.571428571428571,0.143994211287988,6.0,0.0,0.375,0.0
call_c5b04c36bb62,synthetic,train,138.0,27.0,13.0,42.22000000000001,60.24000000000002,0.3059420289855073,0.43652173913043496,1.5637037037037043,1.9805725849007303,1.2665907103818024,0.7399999999999949,0.31199999999999584,5.4080000000000075,4.6338461538461555,4.089125425511196,18.0,4.111111111111107,2.6005488499521894,0.6325659364748575,3.1600000000000037,8.146,3.4692307692307693,3.67238019972891,1.0585574855094417,11.0,6.239999999999993,4.782608695652175,0.14779725248697279,9.0,2.0,0.3333333333333333,0.15384615384615385
call_c647ee088162,human,train,137.0,16.0,22.0,28.140000000000004,75.38000000000002,0.20540145985401462,0.55021897810219,1.7587500000000003,1.3856851870103848,0.7878807033463452,1.1499999999999946,0.35999999999999943,3.5500000000000043,3.4263636363636376,1.8629632930911306,12.0,1.341666666666667,0.5085573276982193,0.3790489398992938,1.2200000000000006,1.972,7.204,4.917246926211184,0.6825717554429739,5.0,4.4599999999999955,2.18978102189781,0.15849324804548667,4.0,1.0,0.25,0.045454545454545456
call_c67ce09b3316,synthetic,train,142.0,12.0,27.0,19.639999999999993,77.68000000000002,0.13830985915492952,0.5470422535211269,1.636666666666666,1.3465470243882651,0.8227374894429321,1.129999999999999,0.4880000000000031,3.758,2.877037037037038,2.2181520750971715,11.0,3.185454545454546,1.4243107656072802,0.44712952116666893,2.8599999999999994,4.940000000000005,7.530909090909091,6.387820021580066,0.848213667761718,3.0,0.6599999999999966,1.267605633802817,0.03360488798370656,1.0,2.0,0.08333333333333333,0.07407407407407407
call_c6daaae3eb0f,human,train,109.0,11.0,19.0,22.659999999999993,57.40000000000002,0.20788990825688067,0.5266055045871562,2.059999999999999,1.2089364221195706,0.5868623408347433,2.139999999999997,0.6599999999999966,3.5799999999999983,3.0210526315789483,1.8047361514019955,10.0,2.6659999999999995,1.4820539801235313,0.5559092198512872,2.0600000000000023,4.916,6.2860000000000005,4.194949820915621,0.6673480465980943,2.0,2.48,1.1009174311926606,0.10944395410414831,1.0,1.0,0.09090909090909091,0.05263157894736842
call_c6e878157063,human,train,150.0,20.0,19.0,58.33999999999997,63.48000000000004,0.38893333333333313,0.42320000000000024,2.9169999999999985,4.596691310062055,1.5758283544950489,0.8900000000000017,0.274000000000001,6.528000000000004,3.3410526315789495,2.2965555323177758,14.0,5.247142857142857,7.900479577280128,1.5056726665113231,1.3800000000000021,17.46600000000001,4.757894736842107,4.6661779456530175,0.9807232407899038,7.0,4.479999999999963,2.8,0.07679122386012968,6.0,1.0,0.3,0.05263157894736842
call_c87e905eb0d7,synthetic,train,129.0,14.0,20.0,38.48000000000001,63.11999999999999,0.29829457364341094,0.48930232558139525,2.7485714285714296,3.7334527434742086,1.3583248027193062,1.6700000000000017,0.44200000000000583,4.263999999999998,3.1559999999999997,3.356174012175174,8.0,1.9175000000000015,0.7385416372825571,0.385158611359873,2.1700000000000017,2.445999999999997,5.638461538461538,5.711744777418444,1.0129970273729847,9.0,7.760000000000005,4.186046511627907,0.20166320166320173,6.0,3.0,0.42857142857142855,0.15
call_ca184bb77a63,human,val,122.0,27.0,15.0,59.43999999999999,65.86000000000001,0.4872131147540983,0.5398360655737706,2.201481481481481,2.440272759046816,1.1084684470771204,1.2199999999999998,0.2800000000000004,5.524000000000001,4.390666666666667,3.2975131370305246,10.0,1.9039999999999981,1.4884031711871615,0.7817243546151066,1.509999999999998,3.683999999999999,2.2223076923076928,2.463433044932195,1.1085022355181215,22.0,22.23999999999997,10.819672131147541,0.3741588156123818,17.0,5.0,0.6296296296296297,0.3333333333333333
call_ca5206a4f854,synthetic,train,127.0,15.0,19.0,44.6,56.87999999999999,0.35118110236220473,0.44787401574803143,2.9733333333333336,2.3799458443885295,0.8004302167225995,2.3200000000000003,0.45999999999999375,6.312000000000003,2.993684210526315,2.811503082781081,9.0,3.282222222222222,2.82352725732186,0.8602486565977232,2.0600000000000023,5.635999999999999,5.144285714285715,6.089429617067964,1.1837269458338167,10.0,4.700000000000003,4.724409448818897,0.10538116591928257,6.0,4.0,0.4,0.21052631578947367
call_cbad95f3aabc,synthetic,train,115.0,10.0,17.0,22.659999999999997,68.76,0.19704347826086954,0.5979130434782609,2.2659999999999996,2.1894666017091926,0.9662253317339775,1.0899999999999999,0.5419999999999895,5.907999999999996,4.044705882352941,4.28338255237206,7.0,1.845714285714287,0.6339638823163627,0.3434788836079362,2.120000000000001,2.2879999999999994,7.013333333333334,4.702642283274844,0.6705288426722685,5.0,2.980000000000004,2.608695652173913,0.13150926743159772,3.0,2.0,0.3,0.11764705882352941
call_cbb902adb22a,human,train,168.0,39.0,25.0,71.14000000000004,94.38000000000007,0.4234523809523812,0.5617857142857147,1.8241025641025652,1.677355546837416,0.9195511150781442,1.1800000000000033,0.37199999999999417,3.6360000000000006,3.7752000000000026,3.5395063158581883,19.0,2.1126315789473677,2.5566936751352234,1.2101938173285816,0.9599999999999937,6.2959999999999985,2.2805263157894724,2.388289354073573,1.0472535824462939,31.0,30.040000000000006,11.071428571428573,0.42226595445600207,20.0,11.0,0.5128205128205128,0.44
call_ce3072c8e106,synthetic,train,131.0,13.0,20.0,30.37999999999996,64.66,0.2319083969465646,0.49358778625954197,2.3369230769230738,2.158957670926429,0.9238462712983415,1.4799999999999898,0.34399999999999126,4.819999999999999,3.2329999999999997,2.7562893534605544,11.0,4.009090909090912,2.101486290247731,0.5241802538032885,2.940000000000005,7.240000000000009,5.3366666666666704,4.981651890242389,0.9334763067287419,3.0,0.7800000000000011,1.3740458015267176,0.02567478604344971,2.0,1.0,0.15384615384615385,0.05
call_ce6146a1c53e,synthetic,train,174.0,18.0,22.0,43.620000000000026,77.46000000000002,0.2506896551724139,0.44517241379310357,2.4233333333333347,2.160959149184556,0.8917300478065563,1.8299999999999974,0.3539999999999907,5.686000000000004,3.520909090909092,3.0586240356957166,17.0,5.471764705882353,2.6228952016339377,0.4793508753792404,5.140000000000001,7.8320000000000105,6.96705882352941,7.762828293488585,1.1142188533376054,2.0,0.6600000000000108,0.6896551724137931,0.01513067400275127,1.0,1.0,0.05555555555555555,0.045454545454545456
call_cea74e96e420,synthetic,train,129.0,12.0,14.0,34.29999999999998,53.82000000000003,0.2658914728682169,0.4172093023255816,2.858333333333332,1.7234163422948279,0.6029444929311354,2.4299999999999926,1.0260000000000005,5.351999999999998,3.8442857142857165,3.3759500552452217,12.0,4.105,2.178349910673979,0.530657712709861,3.41,7.488000000000002,7.569090909090912,6.190176168069495,0.8178229383709394,1.0,0.480000000000004,0.46511627906976744,0.013994169096210035,0.0,1.0,0.0,0.07142857142857142
call_cf313f91b995,human,val,119.0,12.0,23.0,21.980000000000018,69.26000000000002,0.18470588235294133,0.5820168067226892,1.831666666666668,1.5422809586957738,0.8420096225818594,1.6999999999999993,0.28200000000000147,4.326000000000001,3.011304347826088,2.400252349682219,9.0,1.333333333333331,0.566078125742771,0.42455859430707904,1.1199999999999903,2.104000000000002,8.574545454545452,7.065903228162135,0.8240557199934638,4.0,1.3200000000000085,2.0168067226890756,0.06005459508644256,3.0,1.0,0.25,0.043478260869565216
call_d0442c9e97b7,synthetic,train,198.0,43.0,15.0,64.01999999999997,65.97999999999996,0.3233333333333332,0.33323232323232305,1.4888372093023248,2.369615030359117,1.5915877273577332,0.4000000000000057,0.2440000000000072,3.835999999999997,4.3986666666666645,3.4843150769635574,29.0,11.353793103448277,7.4513319400850575,0.6562856899182004,7.8799999999999955,22.18000000000001,3.093809523809525,4.608082935958422,1.4894526959385384,15.0,4.699999999999981,4.545454545454546,0.07341455795064016,14.0,1.0,0.32558139534883723,0.06666666666666667
call_d13864e1e455,synthetic,train,158.0,17.0,19.0,27.899999999999984,77.18000000000006,0.17658227848101257,0.48848101265822824,1.6411764705882343,0.9375931787604516,0.5712933347285909,1.2199999999999989,0.8760000000000016,2.9719999999999986,4.062105263157898,3.2013871647136596,17.0,5.875294117647057,2.6545191602846545,0.45181042976410835,4.719999999999999,9.96,7.331250000000001,8.641174598253407,1.1786768420465004,1.0,0.5400000000000063,0.379746835443038,0.019354838709677653,0.0,1.0,0.0,0.05263157894736842
call_d13e6463c6fb,human,train,148.0,14.0,22.0,36.12000000000002,81.99999999999999,0.24405405405405417,0.554054054054054,2.5800000000000014,2.1875230611029326,0.8478771554662525,2.259999999999998,0.2520000000000067,4.640000000000004,3.7272727272727266,2.6533857990023035,12.0,2.441666666666665,3.1916814621066973,1.3071732950607642,1.2099999999999973,6.113999999999994,6.255384615384614,4.787548939913933,0.7653484532572693,4.0,2.2600000000000087,1.6216216216216215,0.06256921373200464,2.0,2.0,0.14285714285714285,0.09090909090909091
call_d147a02786d2,synthetic,train,153.0,8.0,19.0,46.620000000000026,77.22000000000003,0.3047058823529413,0.5047058823529413,5.827500000000003,4.514254506560297,0.7746468479725945,6.380000000000003,0.5820000000000178,10.649999999999995,4.064210526315791,2.953988055047427,7.0,2.6485714285714264,0.664173569642942,0.2507667199299136,2.4599999999999937,3.4919999999999964,13.817142857142853,6.3101317946066775,0.45668861209932543,2.0,1.0000000000000284,0.7843137254901962,0.021450021450022047,1.0,1.0,0.125,0.05263157894736842
call_d17b2416d506,synthetic,train,151.0,10.0,17.0,32.559999999999995,69.94000000000003,0.21562913907284764,0.46317880794702004,3.2559999999999993,2.174172026312543,0.6677432513244912,3.0,0.740000000000002,6.555999999999992,4.114117647058825,2.7232831803315696,10.0,3.845999999999999,0.9017338853564288,0.23446018860021556,3.599999999999998,4.772,11.757777777777777,7.490583388907225,0.6370747543013138,1.0,0.04000000000000625,0.3973509933774835,0.0012285012285014208,0.0,1.0,0.0,0.058823529411764705
call_d38f7d5159e7,human,train,112.0,17.0,20.0,25.860000000000007,54.80000000000001,0.2308928571428572,0.4892857142857144,1.5211764705882356,1.5057922767177536,0.9898866474942694,0.96,0.21999999999999886,3.4719999999999986,2.7400000000000007,1.983441453635573,14.0,2.2985714285714285,2.0993939844728553,0.9133472897022988,1.379999999999999,5.523999999999997,4.71,4.137704677716862,0.8784935621479536,5.0,2.560000000000006,2.6785714285714284,0.09899458623356555,3.0,2.0,0.17647058823529413,0.1
call_d3e854cbb77d,human,train,150.0,21.0,20.0,35.480000000000025,91.41999999999993,0.2365333333333335,0.6094666666666662,1.6895238095238108,1.565699223655972,0.926710363494233,0.9200000000000159,0.3400000000000034,3.799999999999997,4.570999999999996,2.3457065033801663,11.0,1.5727272727272756,0.8384519383319242,0.5331197295752109,1.4000000000000057,2.6200000000000045,5.482999999999999,4.218574522276454,0.7693916692096399,11.0,7.8599999999999985,4.4,0.22153325817361874,10.0,1.0,0.47619047619047616,0.05
call_d437831f4543,synthetic,train,136.0,11.0,17.0,28.320000000000014,74.11999999999998,0.20823529411764716,0.5449999999999998,2.574545454545456,2.371529478230387,0.9211449244538927,1.2000000000000028,0.6400000000000006,5.02,4.3599999999999985,4.079659732062438,10.0,2.4599999999999986,0.5760555528766281,0.2341689239335888,2.3000000000000025,3.117999999999992,9.724,9.592262715334689,0.9864523565749371,2.0,0.720000000000006,0.8823529411764706,0.02542372881355952,1.0,1.0,0.09090909090909091,0.058823529411764705
call_d4518fcb700a,synthetic,val,144.0,9.0,22.0,55.67999999999998,69.29999999999997,0.3866666666666665,0.4812499999999998,6.186666666666664,8.192343308778565,1.3241934227551566,1.6199999999999974,0.5319999999999979,17.468000000000004,3.1499999999999986,2.677242475519779,6.0,2.230000000000001,1.5214357254470747,0.6822581728462216,1.8599999999999994,3.7600000000000016,6.035000000000003,5.4981701501499565,0.911047249403472,4.0,2.5599999999999863,1.6666666666666667,0.045977011494252644,3.0,1.0,0.3333333333333333,0.045454545454545456
call_d557fa43925b,human,train,143.0,22.0,12.0,49.49999999999999,81.32000000000001,0.3461538461538461,0.5686713286713287,2.2499999999999996,3.289762356711554,1.4621166029829133,1.3799999999999955,0.2520000000000018,3.9600000000000004,6.776666666666667,4.728994490257829,13.0,3.204615384615385,1.9514594750699377,0.6089527886680074,2.700000000000003,6.000000000000001,2.9342857142857146,3.9179107301974003,1.33521787299814,12.0,14.999999999999996,5.034965034965035,0.303030303030303,9.0,3.0,0.4090909090909091,0.25
call_d5d00276dd35,human,train,152.0,65.0,20.0,74.27999999999993,82.92000000000002,0.48868421052631533,0.5455263157894737,1.1427692307692296,1.2748447962155514,1.1155750101509279,0.6200000000000045,0.24800000000000466,3.232000000000005,4.146000000000001,2.8277347824716528,21.0,3.9561904761904754,3.5412541176288923,0.8951171939119734,2.1400000000000006,8.46,1.1800000000000013,0.9563733580563607,0.8104858966579319,50.0,32.979999999999905,19.736842105263158,0.443995691976305,44.0,6.0,0.676923076923077,0.3
call_d60330be1b1f,human,val,170.0,17.0,20.0,38.24000000000002,96.10000000000002,0.22494117647058837,0.565294117647059,2.2494117647058838,2.1007686844924045,0.9339191327502838,1.5799999999999983,0.38000000000000145,5.448,4.8050000000000015,3.5114719135997663,13.0,1.9338461538461509,1.0661327559241558,0.5513017433179812,1.3200000000000012,3.0239999999999814,6.7312499999999975,6.990815291330476,1.0385612317668307,4.0,1.5799999999999983,1.4117647058823528,0.04131799163179909,4.0,0.0,0.23529411764705882,0.0
call_d72a7cb67eb0,human,train,169.0,20.0,21.0,46.580000000000055,84.87999999999997,0.27562130177514826,0.502248520710059,2.329000000000003,2.1627526442013636,0.9286185677120485,1.8400000000000034,0.4160000000000011,5.872000000000001,4.04190476190476,3.375948006606537,18.0,3.3499999999999988,2.466713963510521,0.7363325264210513,2.1100000000000008,7.216,5.635789473684208,6.7364728517225165,1.195302429797608,3.0,2.1200000000000045,1.0650887573964496,0.045513095749248646,2.0,1.0,0.1,0.047619047619047616
call_d80d9f6f7884,human,train,134.0,15.0,21.0,32.56000000000001,66.65999999999998,0.24298507462686575,0.497462686567164,2.1706666666666674,2.277576099472614,1.049251888577678,0.8399999999999999,0.3679999999999913,5.707999999999998,3.1742857142857135,2.783777104221239,10.0,1.3359999999999963,0.7529037123032403,0.5635506828617084,1.1799999999999962,2.547999999999999,6.977142857142857,5.160807562182257,0.7396734835232556,6.0,2.3999999999999875,2.6865671641791042,0.0737100737100733,5.0,1.0,0.3333333333333333,0.047619047619047616
call_d88d3c23953c,synthetic,val,167.0,18.0,21.0,40.08,81.18000000000002,0.24,0.48610778443113783,2.2266666666666666,1.7819215595655296,0.8002641734575732,1.2800000000000011,0.4680000000000021,4.902000000000008,3.8657142857142865,2.9264191859165813,14.0,5.221428571428571,2.2952057397442833,0.43957428668153176,4.129999999999998,8.654,6.707058823529413,6.349009894747261,0.9466161042861202,6.0,2.739999999999995,2.155688622754491,0.06836327345309369,4.0,2.0,0.2222222222222222,0.09523809523809523
call_d88d8e15e430,synthetic,train,173.0,15.0,17.0,52.12,81.86000000000003,0.301271676300578,0.47317919075144527,3.4746666666666663,3.5728342935110877,1.0282523868508504,2.4399999999999977,0.6960000000000022,6.839999999999999,4.815294117647061,5.618752339681051,13.0,4.421538461538462,3.3554406936378283,0.7588853343300586,2.6200000000000045,9.708000000000002,5.844285714285716,5.1690904343382655,0.8844691527833745,3.0,2.3000000000000043,1.0404624277456647,0.04412893323100545,2.0,1.0,0.13333333333333333,0.058823529411764705
call_d89caa393417,synthetic,train,95.0,8.0,8.0,43.080000000000005,30.000000000000007,0.45347368421052636,0.3157894736842106,5.385000000000001,6.01317511802209,1.1166527610068875,1.9200000000000017,0.8460000000000036,12.751999999999995,3.750000000000001,2.428991560298222,8.0,5.407499999999996,6.588906870642502,1.2184756117693032,3.299999999999997,9.697999999999993,5.631428571428571,6.087869504353787,1.0810524234012306,1.0,0.3400000000000034,0.6315789473684211,0.00789229340761382,0.0,1.0,0.0,0.125
call_d9b9c625f406,synthetic,train,160.0,25.0,19.0,30.199999999999996,68.96000000000002,0.18874999999999997,0.43100000000000016,1.2079999999999997,0.9355212450821185,0.7744381167898334,0.8400000000000034,0.3360000000000056,2.283999999999996,3.6294736842105273,2.6124267276236144,23.0,5.263478260869565,2.7738759708576235,0.527004355936935,4.239999999999995,9.188000000000006,4.1575,4.439137725955345,1.0677420868202876,5.0,1.9199999999999893,1.875,0.063576158940397,2.0,3.0,0.08,0.15789473684210525
call_db5326bcb672,human,train,196.0,18.0,25.0,51.97999999999997,106.19999999999996,0.2652040816326529,0.5418367346938774,2.8877777777777762,2.3278042957916747,0.8060884440986951,2.5799999999999983,0.7839999999999961,5.259999999999993,4.247999999999998,3.9112432805950625,14.0,1.8771428571428552,1.5851607785576682,0.8444539916212853,1.120000000000004,4.064000000000001,8.28588235294118,5.832528519204653,0.7039115776407715,5.0,2.2199999999999904,1.530612244897959,0.042708734128510804,4.0,1.0,0.2222222222222222,0.04
call_dc1a55102190,human,val,160.3,16.0,22.0,36.00000000000001,92.96000000000002,0.22457891453524645,0.5799126637554586,2.2500000000000004,1.5346986674914387,0.6820882966628615,2.0900000000000034,0.4800000000000022,4.37,4.2254545454545465,3.038355906007434,11.0,1.581818181818184,1.7113833754747163,1.0819090304725203,1.1799999999999926,2.5,8.237333333333334,6.123214261226609,0.7433490928973707,6.0,4.9,2.245789145352464,0.1361111111111111,5.0,1.0,0.3125,0.045454545454545456
call_dcdbcc7d70e4,synthetic,train,163.0,13.0,19.0,36.26000000000002,87.14000000000001,0.22245398773006148,0.5346012269938651,2.7892307692307705,1.9329310606452303,0.6929978981905125,2.5400000000000027,0.8040000000000106,4.487999999999996,4.586315789473685,2.905226162998629,12.0,3.0999999999999983,1.783704011320264,0.5753883907484726,2.3699999999999903,5.0440000000000005,7.576666666666664,4.622256543675994,0.6100646560065106,1.0,0.6000000000000085,0.36809815950920244,0.016547159404302486,1.0,0.0,0.07692307692307693,0.0
call_ddeabfdb99d4,human,train,147.0,38.0,20.0,54.80000000000003,75.91999999999999,0.3727891156462587,0.5164625850340135,1.4421052631578957,1.68556590199621,1.1688230707272982,0.7400000000000091,0.32800000000000085,3.531999999999996,3.7959999999999994,2.7240969145755463,22.0,2.620000000000001,2.462947236728609,0.9400561972246595,1.299999999999999,6.9199999999999955,2.4497297297297287,2.096651753535295,0.8558706407855908,24.0,12.060000000000047,9.795918367346937,0.22007299270073064,16.0,8.0,0.42105263157894735,0.4
call_ddf2da1910f1,human,train,98.0,18.0,14.0,34.74000000000001,47.62,0.35448979591836743,0.4859183673469388,1.9300000000000006,1.4775843649536744,0.7655877538620072,1.779999999999994,0.4400000000000003,3.4099999999999975,3.4014285714285712,2.492198848816205,12.0,2.2033333333333327,1.7736747791582939,0.8049961176210111,1.7199999999999984,3.3720000000000008,3.145882352941176,3.0448008895077847,0.9678686447575233,10.0,9.059999999999988,6.122448979591836,0.260794473229706,6.0,3.0,0.3333333333333333,0.21428571428571427
call_df3e278ab7fe,synthetic,train,130.0,12.0,17.0,37.599999999999994,61.23999999999998,0.2892307692307692,0.47107692307692295,3.133333333333333,2.780903130679354,0.8875222757487301,2.2399999999999984,0.5499999999999929,4.6540000000000035,3.6023529411764694,2.8394853083981606,11.0,4.223636363636364,3.1480420256154975,0.7453392656429288,2.5600000000000023,7.420000000000002,7.132727272727274,5.711852256347947,0.800794988781894,2.0,0.9999999999999929,0.9230769230769231,0.02659574468085088,1.0,1.0,0.08333333333333333,0.058823529411764705
call_df75973c8794,synthetic,train,169.0,14.0,16.0,70.92000000000006,64.89999999999998,0.4196449704142015,0.38402366863905313,5.06571428571429,3.242674633001309,0.640121895967545,5.010000000000012,1.0320000000000078,9.518000000000002,4.056249999999999,4.25525685916843,14.0,9.892857142857142,9.085563453375144,0.9183963057563324,6.37,23.242000000000004,6.66461538461538,8.304664690479793,1.2460831137608193,2.0,0.5399999999999991,0.7100591715976331,0.007614213197969525,0.0,2.0,0.0,0.125
call_e0a8703be347,synthetic,train,147.0,13.0,10.0,52.499999999999986,64.21999999999996,0.35714285714285704,0.43687074829931943,4.038461538461537,2.352248829569913,0.5824616149411215,3.2399999999999984,2.2,6.792000000000002,6.421999999999995,3.812111750722948,13.0,7.956923076923077,4.586017854665809,0.576355685524512,7.700000000000003,13.700000000000001,6.935000000000001,9.961098082038948,1.4363515619378437,1.0,0.3200000000000074,0.4081632653061224,0.006095238095238238,0.0,1.0,0.0,0.1
call_e0c1f661d9ca,human,train,129.0,18.0,13.0,47.819999999999986,50.919999999999995,0.3706976744186045,0.3947286821705426,2.656666666666666,1.8192947351469289,0.6848035389511654,2.170000000000004,0.6039999999999992,5.220000000000001,3.9169230769230765,2.074205629652674,14.0,6.12,4.726466514668829,0.7722984501092858,6.610000000000003,11.872,4.351764705882354,4.959397775695941,1.1396291185027168,4.0,2.7999999999999874,1.8604651162790697,0.05855290673358403,4.0,0.0,0.2222222222222222,0.0
call_e106a61086bb,synthetic,train,170.0,15.0,19.0,34.179999999999986,76.01999999999995,0.20105882352941168,0.447176470588235,2.2786666666666657,1.8398763243459855,0.8074354846456931,1.4799999999999969,0.7000000000000022,5.063999999999999,4.001052631578945,3.1308413107373196,15.0,4.482666666666668,1.859876220493062,0.414903975422307,3.6799999999999997,6.87600000000001,7.307142857142858,5.766195116578088,0.7891176112619084,1.0,0.5399999999999991,0.3529411764705882,0.01579871269748389,0.0,1.0,0.0,0.05263157894736842
call_e118b75d4937,human,train,150.0,27.0,24.0,47.919999999999995,79.97999999999996,0.3194666666666666,0.5331999999999998,1.7748148148148146,1.7929044724100398,1.0101924197635868,1.0,0.25200000000000244,3.6319999999999997,3.3324999999999982,2.4624500840964614,14.0,2.4514285714285693,2.1942615326048482,0.8950950307828642,1.570000000000002,5.049999999999996,3.829230769230769,3.271683785591054,0.8543971316328586,16.0,13.559999999999988,6.4,0.2829716193656091,13.0,3.0,0.48148148148148145,0.125
call_e2200941723b,synthetic,train,108.0,27.0,6.0,36.29999999999998,26.6,0.33611111111111097,0.24629629629629632,1.3444444444444439,1.377645154907281,1.0246947433194658,0.9399999999999995,0.29999999999999716,2.667999999999999,4.433333333333334,3.709944593776151,19.0,11.376842105263158,10.656096378491556,0.9366479977393577,6.799999999999999,28.24,2.3730769230769235,2.7174928621104617,1.1451347555084601,8.0,4.500000000000002,4.444444444444445,0.12396694214876043,8.0,0.0,0.2962962962962963,0.0
call_e2d538297f0c,human,val,206.0,24.0,29.0,59.060000000000045,99.54000000000005,0.2866990291262138,0.48320388349514587,2.460833333333335,1.7991616489045352,0.7311188549561262,2.0600000000000023,0.38599999999999857,5.255999999999998,3.43241379310345,2.1647420092718437,20.0,3.297999999999997,2.5888908822119165,0.7849881389363005,1.7599999999999953,6.837999999999998,6.269565217391302,6.607076231791427,1.053833240854389,7.0,3.500000000000006,2.0388349514563107,0.0592617676938707,4.0,3.0,0.16666666666666666,0.10344827586206896
call_e3064936e37a,synthetic,train,118.0,19.0,16.0,42.05999999999999,43.78000000000003,0.35644067796610157,0.37101694915254263,2.2136842105263153,2.6906313298013504,1.21545400062353,1.0600000000000005,0.35599999999999876,3.9639999999999995,2.736250000000002,2.892716878213282,14.0,5.115714285714287,4.251434571808361,0.8310539514844602,4.16,6.790000000000002,3.2277777777777783,4.325357474700862,1.3400419026611963,11.0,4.120000000000003,5.593220338983051,0.09795530194959591,5.0,6.0,0.2631578947368421,0.375
call_e3084824935d,synthetic,train,141.0,10.0,15.0,31.939999999999984,52.760000000000005,0.22652482269503535,0.37418439716312063,3.193999999999998,2.852606527371067,0.8931141287949494,1.609999999999994,0.8019999999999939,5.676,3.5173333333333336,2.7050261037968255,9.0,3.9422222222222243,0.7931060987980226,0.20118249405812288,3.460000000000008,5.131999999999998,10.822222222222225,4.535494038452648,0.4190908249083555,1.0,1.1599999999999966,0.425531914893617,0.036318096430807675,1.0,0.0,0.1,0.0
call_e31bf946a8fa,human,train,149.0,12.0,17.0,39.73999999999999,72.47999999999999,0.2667114093959731,0.4864429530201342,3.3116666666666656,2.12619312909769,0.6420311411467612,2.9800000000000004,0.8259999999999991,6.717999999999999,4.263529411764705,2.5869467380689417,10.0,1.9859999999999993,1.4238553297298127,0.7169462888871164,1.410000000000001,4.741999999999997,9.180000000000001,7.07063582070884,0.7702217669617472,2.0,0.72,0.8053691275167785,0.01811776547559135,2.0,0.0,0.16666666666666666,0.0
call_e329faf2b6a1,synthetic,val,153.0,16.0,21.0,36.40000000000001,65.01999999999998,0.23790849673202621,0.4249673202614378,2.275000000000001,2.1963776997593096,0.9654407471469489,1.0999999999999996,0.6800000000000068,5.260000000000002,3.0961904761904755,3.183245537842629,15.0,5.470666666666668,2.037683216029637,0.3724743875267432,5.060000000000002,8.435999999999996,6.908,7.09737153224112,1.0274133659874234,2.0,1.0600000000000005,0.7843137254901962,0.029120879120879125,1.0,1.0,0.0625,0.047619047619047616
call_e3f555297277,synthetic,val,125.0,11.0,14.0,25.100000000000016,67.96000000000001,0.20080000000000012,0.54368,2.281818181818183,1.8140553172973741,0.7950043223215579,1.360000000000003,0.5399999999999991,5.039999999999999,4.854285714285715,5.404265133452747,10.0,2.8900000000000006,1.5757982104317798,0.5452588963431763,2.2800000000000002,4.475999999999999,8.886,7.8430761822132,0.8826329262000001,1.0,0.5399999999999991,0.48,0.021513944223107522,1.0,0.0,0.09090909090909091,0.0
call_e4d9c2e0947a,human,train,118.0,13.0,13.0,34.78,58.52000000000001,0.2947457627118644,0.4959322033898306,2.6753846153846155,1.887499833457417,0.7055059757028873,1.66,1.1760000000000006,5.816000000000004,4.501538461538463,3.4666362462631306,12.0,4.154999999999999,3.2943297244406686,0.7928591394562381,2.2299999999999986,8.664,6.364999999999999,6.530350296883008,1.025978051356325,1.0,1.22,0.5084745762711864,0.03507763082231167,1.0,0.0,0.07692307692307693,0.0
call_e58669998b76,human,val,125.0,15.0,19.0,27.0,71.08,0.216,0.56864,1.8,1.5219986859389854,0.8455548255216585,1.06,0.34800000000000186,4.012000000000002,3.741052631578947,2.2044593435193827,11.0,1.9472727272727288,1.5497160497041826,0.7958392412112977,1.4600000000000009,4.940000000000001,5.264285714285714,3.8522733812752232,0.731775133485117,5.0,3.5400000000000023,2.4,0.1311111111111112,4.0,1.0,0.26666666666666666,0.05263157894736842
call_e618b7b1fa5b,human,train,133.0,20.0,16.0,33.66000000000002,81.77999999999999,0.2530827067669174,0.6148872180451127,1.683000000000001,1.7139810384015344,1.0184082224608042,0.7800000000000006,0.29799999999999754,4.302000000000001,5.111249999999999,3.3388244095040425,10.0,1.643999999999997,1.8491900929866567,1.124811492084343,1.1099999999999959,2.3079999999999985,4.701052631578946,3.079121362605083,0.6549855115259359,11.0,7.479999999999989,4.962406015037594,0.22222222222222177,10.0,1.0,0.5,0.0625
call_e697765a4dfd,synthetic,train,154.0,8.0,17.0,34.759999999999984,76.82000000000004,0.22571428571428562,0.49883116883116907,4.344999999999998,2.573494705648331,0.5922887699996162,4.980000000000004,0.7579999999999942,6.867999999999997,4.518823529411767,2.664851573734381,8.0,3.3099999999999996,0.6740178039191558,0.20363075647104406,3.0699999999999967,4.041999999999994,12.494285714285715,6.6322735966804425,0.5308245503860405,0.0,0.0,0.0,0.0,0.0,0.0,0.0,0.0
call_e69e8ba551e4,human,train,154.0,21.0,20.0,41.519999999999996,82.64000000000003,0.2696103896103896,0.5366233766233768,1.9771428571428569,1.9837269946027463,1.0033301273279787,1.1600000000000001,0.4200000000000017,5.379999999999999,4.1320000000000014,2.4071011611479878,16.0,3.6674999999999986,3.466899731748814,0.9453032670071753,2.009999999999998,9.529999999999998,5.522,5.269538499717028,0.9542807858958761,9.0,4.5400000000000444,3.506493506493506,0.10934489402697603,5.0,4.0,0.23809523809523808,0.2
call_e6c59d28e6d7,synthetic,train,119.0,9.0,16.0,25.899999999999995,62.54,0.21764705882352936,0.5255462184873949,2.8777777777777773,2.1829530344506467,0.7585551084963639,2.280000000000001,0.6719999999999949,5.831999999999997,3.90875,2.223218036428278,8.0,2.2025000000000006,0.8046388941630888,0.3653298043873274,2.2499999999999964,2.904000000000007,7.030000000000001,1.8748333259252674,0.26669037353133246,2.0,0.8799999999999919,1.0084033613445378,0.03397683397683367,1.0,1.0,0.1111111111111111,0.0625
call_e9bd33cdb226,human,val,143.0,21.0,23.0,26.61999999999997,85.79999999999994,0.18615384615384595,0.5999999999999995,1.267619047619046,1.3257375476886346,1.0458485537739053,0.5599999999999881,0.2799999999999869,3.42,3.730434782608693,3.027117265881662,14.0,1.4671428571428617,0.9991598511565924,0.6810242412946568,1.2000000000000064,2.502000000000003,5.226000000000002,6.35575361385257,1.2161794132898138,9.0,2.659999999999993,3.7762237762237763,0.0999248685199097,7.0,2.0,0.3333333333333333,0.08695652173913043
call_eb1c9a5a2c08,human,train,145.32,23.0,20.0,38.039999999999985,72.03999999999996,0.26176713459950446,0.49573355353702153,1.6539130434782603,1.78329869996816,1.078230023640055,0.86,0.2439999999999959,4.4120000000000035,3.601999999999998,2.2632799208228747,14.0,1.8471428571428574,1.6294364870427207,0.8821388560942802,1.4100000000000055,2.869999999999998,4.859090909090909,3.3910603183436034,0.6978795790791326,12.0,9.739999999999988,4.954582989265071,0.25604626708727635,9.0,3.0,0.391304347826087,0.15
call_ec545493459e,synthetic,train,148.0,16.0,18.0,24.160000000000007,71.25999999999998,0.1632432432432433,0.48148648648648634,1.5100000000000005,0.7042016756583312,0.46635872560154373,1.3499999999999996,0.5999999999999996,2.5800000000000027,3.958888888888888,3.334136384747743,15.0,4.378666666666667,1.7829932385987577,0.40720003926585513,3.8400000000000034,6.627999999999998,7.524,7.584419819603871,1.0080302790542093,2.0,0.7400000000000055,0.8108108108108107,0.0306291390728479,1.0,1.0,0.0625,0.05555555555555555
call_ec58505fc522,human,train,134.0,16.0,17.0,32.89999999999997,70.43999999999998,0.24552238805970128,0.5256716417910446,2.056249999999998,2.201785851871159,1.070777313979896,0.9999999999999947,0.3499999999999943,4.869999999999999,4.143529411764705,2.3983644946369096,13.0,2.386153846153848,2.5884166186524102,1.084765185121899,1.4000000000000004,5.008000000000001,6.174666666666669,6.932729973746915,1.1227699158519078,4.0,2.3799999999999875,1.791044776119403,0.07234042553191458,3.0,1.0,0.1875,0.058823529411764705
call_ed020e30c242,synthetic,train,79.0,15.0,5.0,24.899999999999995,15.12,0.3151898734177215,0.19139240506329114,1.6599999999999997,1.7379528186921536,1.0469595293326228,1.1400000000000006,0.3519999999999953,3.475999999999999,3.024,2.7229807197260865,12.0,19.831666666666667,13.612887174373487,0.686421741711412,19.110000000000003,34.459999999999994,3.0800000000000005,3.4548351211433683,1.1216997146569376,3.0,1.96,2.278481012658228,0.07871485943775101,3.0,0.0,0.2,0.0
call_ed041799aed9,human,train,156.0,22.0,25.0,42.2,78.75999999999998,0.27051282051282055,0.5048717948717947,1.9181818181818182,1.7608253136310725,0.9179658033147772,1.3900000000000023,0.543999999999999,3.880000000000002,3.150399999999999,2.3836786360581392,17.0,2.164705882352942,2.378526774996901,1.0987759558409593,1.3999999999999915,3.9720000000000004,4.918095238095238,5.497025705777382,1.1177143669764236,9.0,4.540000000000013,3.4615384615384612,0.1075829383886259,5.0,4.0,0.22727272727272727,0.16
call_ed99e3ea3f0e,synthetic,train,160.0,12.0,21.0,33.14000000000002,91.19999999999996,0.20712500000000014,0.5699999999999997,2.7616666666666685,2.5123091414517877,0.9097075949734892,2.330000000000002,0.4539999999999992,4.820000000000006,4.342857142857141,2.401430412735477,9.0,2.364444444444444,0.8397765722845725,0.3551686630902798,2.160000000000001,2.7479999999999993,8.570909090909089,4.426871365043786,0.516499628929589,3.0,1.5400000000000098,1.125,0.04646952323476188,3.0,0.0,0.25,0.0
call_ee227bc9d7ac,human,train,196.0,24.0,32.0,52.98000000000003,97.64000000000003,0.2703061224489798,0.4981632653061226,2.2075000000000014,2.6387927321662343,1.1953760961115436,1.059999999999988,0.272000000000007,5.165999999999999,3.051250000000001,2.068326240586818,15.0,1.8639999999999994,0.8258555160155621,0.44305553434311284,1.7999999999999972,2.927999999999997,5.476521739130432,4.747505165137333,0.8668832867430827,13.0,11.460000000000008,3.979591836734694,0.21630804077010193,9.0,4.0,0.375,0.125
call_eed2c7389776,synthetic,val,184.0,14.0,21.0,43.01999999999997,78.93999999999996,0.23380434782608678,0.42902173913043457,3.0728571428571407,2.414558310899675,0.7857697896930607,2.559999999999995,0.7079999999999955,6.580000000000004,3.759047619047617,2.9490238978538925,13.0,4.9384615384615405,2.135379073368997,0.43239763167908024,4.24,8.516000000000002,9.866153846153848,8.706610696619279,0.8824726263531156,2.0,1.1799999999999944,0.6521739130434783,0.027429102742910164,1.0,1.0,0.07142857142857142,0.047619047619047616
call_f003741555a1,human,train,127.0,14.0,18.0,28.019999999999982,72.83999999999997,0.22062992125984238,0.5735433070866139,2.00142857142857,1.855932022857893,0.9273036516777488,1.33,0.44599999999999973,5.006000000000003,4.046666666666665,2.6653580122252496,11.0,2.0036363636363634,1.807958530936696,0.9023386497415452,1.0999999999999996,3.4599999999999937,6.943076923076924,6.482600836814456,0.9336783833213818,4.0,2.0600000000000014,1.889763779527559,0.07351891506067104,3.0,1.0,0.21428571428571427,0.05555555555555555
call_f0ad1cf1aa6a,synthetic,train,128.0,17.0,20.0,31.080000000000034,66.5,0.24281250000000026,0.51953125,1.828235294117649,1.2122329192523318,0.6630617640698075,1.3200000000000074,0.8639999999999987,2.884000000000003,3.325,2.2190617386634375,13.0,3.1846153846153844,1.7503609095296524,0.5496302372919198,2.479999999999997,5.200000000000003,4.909999999999998,4.8894273693347765,0.9958100548543336,4.0,2.940000000000005,1.875,0.09459459459459464,4.0,0.0,0.23529411764705882,0.0
call_f1372119b403,synthetic,train,241.0,56.0,19.0,58.6199999999999,78.08000000000003,0.24323651452282116,0.32398340248962665,1.0467857142857124,0.9210264211016679,0.8798614735874017,0.7499999999999964,0.3199999999999932,2.3900000000000023,4.109473684210528,2.902625805214472,42.0,9.509047619047621,9.089867935947723,0.9559178058736149,6.919999999999998,18.732000000000006,3.200000000000002,3.9344150541321667,1.2295047044163014,14.0,7.979999999999971,3.4854771784232366,0.13613101330603863,14.0,0.0,0.25,0.0
call_f1b82a4a46f6,human,val,134.0,14.0,17.0,30.079999999999995,75.46000000000002,0.22447761194029847,0.5631343283582091,2.148571428571428,1.5986014295665587,0.7440299206759251,2.129999999999999,0.6220000000000088,3.5539999999999994,4.438823529411766,3.0166320962544053,11.0,2.5472727272727242,2.2160615798347854,0.8699742104990246,1.3399999999999892,4.420000000000002,7.864615384615385,6.457497271073148,0.8210823994909128,3.0,2.5199999999999885,1.3432835820895521,0.08377659574468048,3.0,0.0,0.21428571428571427,0.0
call_f202d4ff9f96,human,train,146.0,30.0,22.0,52.800000000000054,76.60000000000004,0.3616438356164387,0.5246575342465756,1.7600000000000018,2.2698604949790773,1.2896934630562926,1.1700000000000017,0.2600000000000165,3.6980000000000057,3.4818181818181837,2.91858564184098,18.0,2.0722222222222184,3.2719558465432255,1.5789599259457954,1.019999999999996,3.7539999999999996,2.98758620689655,4.469715454317909,1.496095893065783,16.0,10.96,6.575342465753425,0.20757575757575739,12.0,4.0,0.4,0.18181818181818182
call_f23bfe7d0e9e,synthetic,train,149.0,11.0,18.0,48.739999999999995,65.87999999999998,0.3271140939597315,0.4421476510067113,4.430909090909091,4.234442014428078,0.9556598719472478,3.780000000000001,0.5,10.159999999999998,3.659999999999999,2.0528787375563873,10.0,2.5459999999999994,1.9249737660550075,0.7560776771622184,2.1000000000000014,3.653999999999999,7.080000000000001,4.453277444759085,0.628993989372752,1.0,0.4000000000000057,0.40268456375838924,0.008206811653672666,1.0,0.0,0.09090909090909091,0.0
call_f27db4ab1f5a,synthetic,train,87.0,18.0,14.0,23.759999999999973,37.06000000000002,0.27310344827586175,0.42597701149425304,1.3199999999999985,1.0131798129322027,0.7675604643425786,0.8999999999999977,0.38799999999999885,2.6100000000000003,2.647142857142858,1.626505581964988,15.0,4.022666666666666,3.1689398157042272,0.7877709187199771,3.320000000000004,8.067999999999996,2.7105882352941193,5.415816130544093,1.9980224439941303,6.0,2.6400000000000023,4.137931034482759,0.11111111111111134,3.0,3.0,0.16666666666666666,0.21428571428571427
call_f2ab1c408b36,synthetic,train,116.0,12.0,21.0,30.88000000000001,58.89999999999997,0.26620689655172425,0.5077586206896549,2.573333333333334,3.4061154152820814,1.3236199800318964,1.0499999999999972,0.46199999999999475,6.558000000000007,2.8047619047619032,1.9049599897001195,7.0,4.291428571428571,4.479743068434134,1.043881540580524,2.0400000000000063,9.320000000000004,6.739999999999998,7.34564806225737,1.0898587629461975,5.0,3.460000000000022,2.586206896551724,0.11204663212435302,5.0,0.0,0.4166666666666667,0.0
call_f331303c4fb8,human,train,127.0,16.0,19.0,25.099999999999994,67.86000000000003,0.1976377952755905,0.5343307086614175,1.5687499999999996,1.2231919054261267,0.7797239237776108,1.0899999999999994,0.3400000000000034,3.2799999999999976,3.5715789473684225,2.3884486556359996,12.0,1.7749999999999997,1.4062983325027454,0.7922807507057722,1.230000000000004,2.5460000000000074,6.322666666666667,3.3060822064122286,0.5228936429374044,5.0,2.500000000000006,2.3622047244094486,0.09960159362549828,4.0,1.0,0.25,0.05263157894736842
call_f5251fb3b1d9,synthetic,train,132.0,14.0,18.0,15.280000000000008,71.96000000000001,0.11575757575757582,0.5451515151515152,1.091428571428572,0.539137633406444,0.4939742714456945,1.1900000000000013,0.38399999999999856,1.620000000000001,3.9977777777777783,3.0971878921864233,14.0,4.8571428571428585,1.529871276431118,0.3149734980887595,4.329999999999998,6.848000000000004,8.095384615384615,8.52398662182163,1.0529439954739754,0.0,0.0,0.0,0.0,0.0,0.0,0.0,0.0
call_f68d3459fdc7,synthetic,train,180.0,17.0,29.0,38.80000000000002,95.36,0.21555555555555567,0.5297777777777778,2.282352941176472,1.1788704933699905,0.5165154223528307,2.1199999999999974,1.0360000000000014,3.835999999999996,3.2882758620689656,3.159596295650178,15.0,3.0,1.747836758205219,0.582612252735073,2.4200000000000017,5.795999999999998,6.508749999999998,6.897057230261323,1.0596592633395545,7.0,5.799999999999997,2.3333333333333335,0.14948453608247408,2.0,5.0,0.11764705882352941,0.1724137931034483
call_f6ce5de7ac09,synthetic,val,159.0,15.0,21.0,37.81999999999998,76.68,0.23786163522012566,0.48226415094339625,2.521333333333332,2.3207178965905264,0.9204327987535145,1.759999999999998,0.39999999999999714,5.071999999999997,3.6514285714285717,3.1396182444826657,11.0,4.092727272727272,2.592412323086851,0.6334192704121583,2.799999999999997,6.5,6.255714285714288,4.623530985676445,0.7390892189937224,4.0,2.259999999999991,1.509433962264151,0.059756742464304395,4.0,0.0,0.26666666666666666,0.0
call_f9fbabf70f7e,synthetic,val,104.0,14.0,8.0,32.79999999999998,45.77999999999999,0.3153846153846152,0.44019230769230755,2.3428571428571416,2.1007462231020564,0.8966599732752685,1.9899999999999949,0.5019999999999961,4.288000000000005,5.722499999999998,5.417245033224914,14.0,4.522857142857143,2.719987995171587,0.601387112008879,3.8799999999999955,8.240000000000002,4.707692307692309,6.518138188454353,1.384571837416774,2.0,0.519999999999996,1.1538461538461537,0.01585365853658525,0.0,2.0,0.0,0.25
call_fa26d1186721,human,val,125.0,9.0,17.0,26.14,67.79999999999998,0.20912,0.5423999999999999,2.9044444444444446,2.267975656890284,0.7808638451420258,2.5799999999999983,0.6479999999999997,5.863999999999999,3.988235294117646,3.4355584104619004,8.0,1.2475000000000016,0.2418548118189915,0.19387159264047388,1.240000000000001,1.498000000000002,10.3825,5.3814815571550545,0.518322326718522,1.0,0.360000000000003,0.48,0.01377199693955635,1.0,0.0,0.1111111111111111,0.0
call_fa4d7f2897f4,human,train,209.0,24.0,27.0,58.34000000000004,112.45999999999997,0.2791387559808614,0.5380861244019137,2.430833333333335,2.357003600383803,0.969627809551101,1.5100000000000016,0.32600000000000123,5.432000000000001,4.165185185185184,3.3424346530861104,20.0,2.3,2.2010542928333243,0.9569801273188367,1.230000000000011,5.279999999999999,5.30695652173913,4.611749111527519,0.8690007337795589,6.0,4.020000000000017,1.7224880382775118,0.06890641069592071,4.0,2.0,0.16666666666666666,0.07407407407407407
call_fa9e18dd83dd,synthetic,val,141.0,14.0,20.0,40.1,70.55999999999996,0.2843971631205674,0.5004255319148934,2.8642857142857143,2.704918045459615,0.944360414873681,2.1599999999999966,0.7259999999999999,5.380000000000004,3.527999999999998,3.374085950298245,14.0,3.6800000000000006,2.2870067774276484,0.6214692329966435,2.6000000000000014,6.3220000000000045,4.587692307692308,5.860078962248461,1.2773478623278,4.0,1.4199999999999928,1.702127659574468,0.03541147132169558,0.0,4.0,0.0,0.2
call_fb1405943fed,human,val,178.0,43.0,26.0,49.34000000000011,105.52000000000001,0.2771910112359557,0.592808988764045,1.1474418604651189,1.3998672578652054,1.2199897058817126,0.5199999999999818,0.2680000000000149,3.2920000000000043,4.058461538461539,2.344433164734139,13.0,1.341538461538459,0.8867732877716421,0.6610121984536336,1.2199999999999989,2.439999999999998,2.923333333333331,2.4990585528942004,0.854866095630856,32.0,17.300000000000065,10.786516853932584,0.35062829347385543,30.0,2.0,0.6976744186046512,0.07692307692307693
call_fc8bda4b3374,synthetic,val,193.0,16.0,37.0,32.540000000000006,97.09999999999994,0.16860103626943007,0.5031088082901551,2.0337500000000004,1.5373633069317094,0.7559254121360586,1.379999999999999,0.6800000000000015,3.299999999999997,2.6243243243243226,2.29461477723273,15.0,4.79466666666667,1.1617794780230706,0.24230662083351012,4.440000000000001,6.372,8.049333333333333,6.881208679359236,0.8548793290573841,5.0,2.440000000000005,1.5544041450777202,0.07498463429625091,1.0,4.0,0.0625,0.10810810810810811
call_fce92bad5095,human,train,185.0,17.0,26.0,53.14000000000001,97.16000000000005,0.2872432432432433,0.5251891891891894,3.125882352941177,2.184078911587565,0.6987079694578208,2.2800000000000002,0.5640000000000072,5.5080000000000044,3.736923076923079,2.0560506751289536,12.0,2.05,1.959498235093191,0.9558527976064347,0.960000000000004,5.373999999999997,7.5725,6.992488380397925,0.9234055305906802,6.0,3.76000000000002,1.9459459459459458,0.07075649228453179,5.0,1.0,0.29411764705882354,0.038461538461538464
call_fdc3a7dac09f,synthetic,train,153.0,7.0,18.0,28.619999999999983,71.25999999999993,0.18705882352941167,0.46575163398692765,4.088571428571426,3.7558465987669654,0.918620761403521,2.4199999999999875,0.5960000000000036,8.683999999999996,3.958888888888885,2.574485685182554,6.0,3.7600000000000016,1.544020725249504,0.4106438099067828,3.4800000000000013,5.580000000000002,17.00666666666667,5.91105931472712,0.3475730682905009,2.0,0.9400000000000084,0.7843137254901962,0.03284416491963693,1.0,1.0,0.14285714285714285,0.05555555555555555
call_fdc44f969ade,synthetic,train,167.0,14.0,16.0,70.44000000000005,53.57999999999998,0.42179640718562905,0.32083832335329326,5.031428571428576,6.815996790264644,1.3546842002229549,2.5799999999999983,0.8000000000000048,9.506000000000007,3.3487499999999986,2.6424133736983677,12.0,5.576666666666667,2.7686197925239853,0.4964649956707684,4.500000000000005,10.094000000000001,5.824615384615381,5.107955507583796,0.8769601373294954,5.0,1.9800000000000413,1.7964071856287427,0.02810902896081828,2.0,3.0,0.14285714285714285,0.1875
call_fe828697f60d,synthetic,train,142.0,12.0,16.0,47.879999999999995,60.46000000000004,0.33718309859154927,0.4257746478873243,3.9899999999999998,3.226551306477759,0.8086594753077091,4.18,0.693999999999997,5.877999999999998,3.7787500000000027,2.7583733317845147,10.0,3.6219999999999986,3.1855103201841932,0.8794893208680824,1.9099999999999966,8.931999999999999,6.940000000000001,4.413813028951889,0.6359961136818283,2.0,1.6599999999999966,0.8450704225352113,0.03467000835421881,2.0,0.0,0.16666666666666666,0.0
call_fe8e4fc3ef69,synthetic,train,188.0,36.0,18.0,41.32000000000001,62.20000000000003,0.21978723404255324,0.3308510638297874,1.147777777777778,0.9246534218923783,0.805603174930436,0.8900000000000006,0.2999999999999987,2.5700000000000074,3.4555555555555575,3.433945288864338,26.0,8.406153846153847,8.029640798998841,0.9552098315060845,5.059999999999995,22.06,4.041714285714285,3.377222430776328,0.8355915812043794,12.0,7.780000000000019,3.8297872340425534,0.18828654404646702,10.0,2.0,0.2777777777777778,0.1111111111111111
call_feaca5a8cd14,synthetic,train,212.0,20.0,18.0,94.87999999999994,75.45999999999994,0.4475471698113205,0.3559433962264148,4.743999999999997,4.379710492715246,0.9232104748556594,3.469999999999998,0.7980000000000012,10.813999999999997,4.1922222222222185,2.6961135723596144,20.0,7.309000000000003,7.184261896673864,0.9829336293164402,3.0500000000000114,18.298000000000005,5.626315789473687,7.414796168207627,1.3178777099714205,1.0,0.379999999999999,0.2830188679245283,0.0040050590219224205,0.0,1.0,0.0,0.05555555555555555
call_ff4042587962,synthetic,train,76.0,12.0,14.0,19.019999999999992,34.48,0.25026315789473674,0.45368421052631575,1.5849999999999993,1.564398180344974,0.9870020065267979,0.7500000000000036,0.34600000000000225,4.174,2.4628571428571426,2.374156778345369,10.0,2.9619999999999975,2.2294295234431623,0.7526770842144376,2.1199999999999957,5.879999999999999,3.514545454545455,3.550693565120542,1.0102852875407644,5.0,2.1400000000000006,3.947368421052632,0.11251314405888546,2.0,3.0,0.16666666666666666,0.21428571428571427
call_fff8cae57de7,human,train,160.0,16.0,22.0,64.25999999999999,71.26000000000002,0.40162499999999995,0.44537500000000013,4.016249999999999,4.196720259619409,1.0449350164007243,2.200000000000001,0.7499999999999929,9.729999999999997,3.23909090909091,2.971558986444215,11.0,3.3690909090909074,3.2501005705990478,0.9646817667725187,1.4000000000000004,9.279999999999994,5.689333333333335,5.1204992812116386,0.9000174504121696,6.0,2.4799999999999702,2.25,0.03859321506380284,5.0,1.0,0.3125,0.045454545454545456
