anon_id,label,split,call_duration_s,caller_turn_count,agent_turn_count,caller_speech_s,agent_speech_s,caller_speech_ratio,agent_speech_ratio,caller_turn_mean_s,caller_turn_std_s,caller_turn_cv,caller_turn_median_s,caller_turn_p10_s,caller_turn_p90_s,agent_turn_mean_s,agent_turn_std_s,response_count,response_latency_mean_s,response_latency_std_s,response_latency_cv,response_latency_median_s,response_latency_p90_s,caller_pause_mean_s,caller_pause_std_s,caller_pause_cv,overlap_event_count,overlap_total_s,overlap_per_minute,caller_overlap_ratio,caller_interrupts_agent,agent_interrupts_caller,caller_interrupt_rate,agent_interrupt_rate,caller_turn_iqr_s,caller_turn_mad_s,caller_short_turn_ratio,caller_long_turn_ratio,caller_duration_delta_mean_s,caller_turns_per_minute,agent_turns_per_minute,speech_balance_ratio,response_latency_iqr_s,response_latency_mad_s,response_under_0_5_ratio,response_under_1_ratio,response_under_2_ratio,response_delta_abs_mean_s,response_latency_trend_s_per_response,clean_response_ratio,response_early_mean_s,response_middle_mean_s,response_late_mean_s,response_late_minus_early_s,caller_speech_early_ratio,caller_speech_middle_ratio,caller_speech_late_ratio,overlap_event_mean_s,overlap_event_p90_s,caller_interrupt_overlap_mean_s,agent_interrupt_overlap_mean_s,vad_caller_dynamic_range_db,vad_agent_dynamic_range_db,vad_caller_echo_removed_per_minute,vad_agent_echo_removed_per_minute
call_0181ce113ebe,synthetic,train,170.22,9.0,12.0,50.180000000000014,75.97999999999996,0.2947949712137235,0.4463635295499939,5.575555555555557,3.5703193480294684,0.6403522146724833,5.1000000000000085,1.7280000000000086,10.155999999999999,6.3316666666666634,3.9857618120281866,9.0,3.0644444444444443,0.5554399879797229,0.18125307802093932,3.1200000000000045,3.6400000000000032,10.4675,2.772452659649936,0.2648629242560245,1.0,0.12000000000000455,0.35248501938667604,0.002391390992427352,0.0,1.0,0.0,0.08333333333333333,5.859999999999999,3.0799999999999983,0.1111111111111111,0.5555555555555556,3.5150000000000015,3.1723651744800843,4.229820232640113,0.39774889029803445,0.6200000000000045,0.42000000000000437,0.0,0.0,0.0,0.697500000000001,0.019333333333332803,1.0,2.7733333333333356,3.6666666666666665,2.7533333333333303,-0.020000000000005347,0.37081424039478317,0.3782164258019033,0.135354247444484,0.12000000000000455,0.12000000000000455,0.0,0.12000000000000455,42.476,38.126000000000005,0.0,0.0
call_018c9d3823ac,synthetic,train,128.22,13.0,11.0,43.76,59.92,0.34128841054437686,0.467321790672282,3.366153846153846,5.632954599035297,1.6734097300607602,1.2199999999999989,0.519999999999996,6.808000000000002,5.447272727272727,5.414675497553078,9.0,5.682222222222222,5.611491736265217,0.9875523196399482,2.1000000000000014,13.563999999999997,4.326666666666667,4.777819121268151,1.1042725241759979,4.0,3.3799999999999955,1.8717828731867103,0.07723948811700172,4.0,0.0,0.3076923076923077,0.0,1.8799999999999955,0.7000000000000028,0.3076923076923077,0.15384615384615385,2.568333333333334,6.083294337856809,5.147402901263454,0.42206790123456783,10.399999999999999,1.759999999999998,0.1111111111111111,0.2222222222222222,0.3333333333333333,3.639999999999998,-0.7619999999999998,0.6923076923076923,2.1000000000000014,11.054999999999998,1.2050000000000018,-0.8949999999999996,0.5095928872250819,0.33270940570893753,0.18156293869911105,0.8449999999999989,1.214,1.0150000000000006,0.0,59.486000000000004,40.269,0.06551240056153487,0.25269068788020593
call_01bf49059daf,synthetic,train,215.9,10.0,12.0,74.68,92.92,0.3459008800370542,0.43038443723946274,7.468000000000001,5.937037645156042,0.7949970065822229,6.2599999999999945,0.6940000000000168,13.163999999999998,7.743333333333333,6.143988028055469,9.0,3.9422222222222243,1.2028279435265887,0.3051141908607467,3.8599999999999994,5.2160000000000055,14.335555555555553,7.446387806045612,0.5194348957867813,1.0,0.700000000000017,0.2779064381658175,0.0093733261917517,1.0,0.0,0.1,0.0,7.375000000000016,4.2599999999999945,0.2,0.6,6.306666666666667,2.779064381658175,3.33487725798981,0.4455847255369928,1.4799999999999898,0.7599999999999767,0.0,0.0,0.0,1.4475000000000033,-0.06266666666666651,0.9,3.3800000000000003,5.530000000000008,3.5700000000000003,0.18999999999999995,0.36127836961556276,0.38128763316350156,0.29513663733209833,0.700000000000017,0.700000000000017,1.0,0.0,56.345,37.14,0.0111162575266327,0.0333487725798981
call_01c3806808d6,synthetic,train,149.12,9.0,12.0,25.98000000000001,78.94000000000001,0.17422210300429192,0.5293723175965666,2.886666666666668,3.023610792119617,1.047440228216957,0.8599999999999994,0.6520000000000039,7.872000000000002,6.578333333333334,4.9606078816568,9.0,2.7555555555555538,0.5480290160832147,0.1988814977721345,2.5,3.1960000000000006,11.18,2.6090994615000738,0.2333720448568939,0.0,0.0,0.0,0.0,0.0,0.0,0.0,0.0,3.899999999999997,0.3200000000000074,0.4444444444444444,0.2222222222222222,3.4825,3.6212446351931327,4.82832618025751,0.24761723217689674,0.34000000000000696,0.13999999999999346,0.0,0.0,0.0,0.3424999999999998,0.06199999999999957,1.0,2.7933333333333317,2.4599999999999986,3.0133333333333305,0.21999999999999886,0.2733369098712447,0.20627682403433484,0.043052575107296154,0.0,0.0,0.0,0.0,46.034,38.44499999999999,0.0,0.0
call_0294f969f98b,synthetic,val,108.78,15.0,16.0,19.55999999999999,59.639999999999986,0.17981246552675118,0.5482625482625482,1.3039999999999994,1.10519259256777,0.8475403317237503,0.7000000000000002,0.4960000000000008,3.047999999999999,3.727499999999999,2.1739350841273977,9.0,1.8111111111111131,0.5847781050097278,0.3228836162630395,1.8000000000000007,2.4080000000000013,5.494285714285715,2.922488456009741,0.5319141755607952,6.0,3.9199999999999884,3.3094318808604526,0.20040899795500972,6.0,0.0,0.4,0.0,0.9900000000000038,0.2199999999999962,0.5333333333333333,0.0,1.3042857142857145,8.273579702151132,8.825151682294539,0.24696969696969695,0.6400000000000059,0.22000000000000242,0.1111111111111111,0.1111111111111111,0.6666666666666666,0.7950000000000041,0.03566666666666744,0.6,1.9600000000000002,1.6300000000000026,1.9500000000000028,-0.009999999999997344,0.20077220077220054,0.13789299503585217,0.2007722007722008,0.6533333333333314,0.7499999999999987,1.9966666666666633,0.0,52.785,39.91199999999999,0.03309431880860452,0.36403750689464975
call_02c249d2f89d,synthetic,train,145.94,14.0,17.0,30.67999999999999,77.21999999999998,0.2102233794710154,0.529121556804166,2.191428571428571,1.8500457799079202,0.8442190651470303,1.519999999999996,0.5660000000000011,4.483999999999998,4.542352941176469,3.2317169529010146,11.0,2.323636363636362,0.2780213440881763,0.11964924823826062,2.240000000000009,2.700000000000003,7.978461538461539,5.505384561644865,0.6900308455590363,5.0,2.8799999999999883,2.0556393038234893,0.09387222946544946,3.0,2.0,0.21428571428571427,0.11764705882352941,2.8850000000000016,0.9499999999999957,0.35714285714285715,0.07142857142857142,1.684615384615387,5.7557900507057695,6.989173632999863,0.2843373493975903,0.20000000000000995,0.10000000000002274,0.0,0.0,0.09090909090909091,0.3020000000000052,-0.053272727272727874,0.7857142857142857,2.6066666666666665,2.2359999999999984,2.1866666666666625,-0.4200000000000039,0.30190489242154306,0.1951486912429764,0.1336165547485268,0.5759999999999976,0.9719999999999956,2.9533333333333283,0.5799999999999983,52.923,38.263000000000005,0.032890228861175826,0.11511580101411541
call_02d28871d7b3,synthetic,train,146.66,9.0,10.0,38.06,67.08,0.2595117959907269,0.45738442656484385,4.228888888888889,2.497574131674546,0.590598191935652,4.899999999999999,0.9920000000000015,6.751999999999995,6.708,4.4866575532349255,9.0,3.235555555555556,0.657454875698892,0.20319690526408063,2.980000000000004,3.955999999999993,11.92,4.8149766354573265,0.40394099290749386,0.0,0.0,0.0,0.0,0.0,0.0,0.0,0.0,3.6999999999999886,1.4199999999999946,0.1111111111111111,0.4444444444444444,2.4949999999999988,3.6819855447974907,4.09109504977499,0.3619935324329466,0.7000000000000028,0.4200000000000017,0.0,0.0,0.0,0.6274999999999984,-0.08033333333333399,1.0,3.4466666666666685,3.180000000000002,3.0799999999999983,-0.36666666666667025,0.3146052093276967,0.2547388517659891,0.2091913268784949,0.0,0.0,0.0,0.0,56.774,40.428,0.01636438019909996,0.01636438019909996
call_03680846967f,synthetic,train,173.84,10.0,9.0,76.48,68.23999999999998,0.43994477680625865,0.39254486884491474,7.648000000000001,7.264655256789549,0.9498764718605581,5.409999999999997,0.7779999999999972,17.516,7.58222222222222,6.892594702170947,9.0,3.113333333333336,2.5118740237342925,0.8068117849253609,2.019999999999996,6.284000000000001,9.719999999999999,8.257398029780457,0.8495265462737097,2.0,1.3399999999999963,0.6902899217671421,0.017520920502092002,1.0,1.0,0.1,0.1111111111111111,7.390000000000002,4.079999999999998,0.1,0.5,8.864444444444448,3.451449608835711,3.1063046479521397,0.5284687672747376,0.6199999999999761,0.31999999999997897,0.0,0.0,0.4444444444444444,2.09,-0.40799999999999803,0.9,5.453333333333333,2.066666666666663,1.820000000000012,-3.6333333333333213,0.5613207547169812,0.45881270133456054,0.2997008743672341,0.6699999999999982,0.7739999999999974,4.439999999999998,6.899999999999999,44.948,39.571,0.05522319374137137,0.020708697653014262
call_04d682ac0cef,human,train,185.46,10.0,12.0,34.139999999999986,128.04,0.18408282109349716,0.690391459074733,3.413999999999999,1.8719626064641375,0.5483194512197241,4.2500000000000036,1.1059999999999932,5.38,10.67,7.770265975713663,9.0,0.9399999999999995,0.21374959389175208,0.22739318499122574,0.8800000000000026,1.2000000000000004,12.86888888888889,7.291139896316235,0.5665710504821801,1.0,0.4399999999999977,0.3235198964736331,0.012888107791446921,1.0,0.0,0.1,0.0,3.4449999999999985,1.2899999999999974,0.1,0.2,1.9244444444444473,3.2351989647363313,3.8822387576835973,0.21050684424713276,0.11999999999999034,0.05999999999999517,0.0,0.7777777777777778,1.0,0.22000000000000086,-0.04233333333333438,0.9,0.9800000000000009,0.9350000000000023,0.799999999999983,-0.18000000000001792,0.26140407635069557,0.166612746683921,0.12423164024587499,0.4399999999999977,0.4399999999999977,3.6199999999999903,0.0,54.081,38.979,0.019411193788417987,0.006470397929472662
call_05d6615469e1,synthetic,train,168.76,14.0,9.0,70.02000000000002,64.93999999999998,0.4149087461483766,0.38480682626214735,5.0014285714285736,3.5123086773371672,0.7022610894418784,4.039999999999999,2.266000000000001,7.8220000000000045,7.215555555555554,5.960497949204342,14.0,6.785714285714284,5.637681532440838,0.8308162258333869,3.549999999999997,14.601999999999999,6.727692307692305,7.592958432092153,1.1286126185364513,2.0,1.779999999999987,0.7110689736904481,0.025421308197657616,0.0,2.0,0.0,0.2222222222222222,3.225000000000012,1.6400000000000006,0.0,0.42857142857142855,2.9523076923076976,4.977482815833136,3.199810381607016,0.5188203912270304,7.489999999999997,1.389999999999997,0.0,0.0,0.0,5.072307692307692,0.2832527472527465,1.0,5.12666666666667,7.374285714285712,6.9999999999999964,1.8733333333333269,0.45330647072766067,0.4690684996444656,0.32235126807300346,0.8899999999999935,1.0419999999999974,0.0,2.4399999999999977,50.451,37.946000000000005,0.07821758710594928,0.028442758947617924
call_0615c3630150,human,train,146.14,21.0,13.0,47.40000000000002,92.64000000000004,0.32434651703845646,0.6339126864650338,2.257142857142858,2.280445117070961,1.0103237860440963,0.7999999999999972,0.4399999999999977,5.120000000000001,7.12615384615385,4.531023892542713,9.0,1.7288888888888854,1.8297567807069905,1.0583426109487757,0.8599999999999994,4.4679999999999955,4.428999999999999,4.483523056704405,1.0123104666300304,13.0,13.700000000000028,5.337347748734091,0.28902953586497937,12.0,1.0,0.5714285714285714,0.07692307692307693,2.539999999999992,0.4599999999999973,0.47619047619047616,0.14285714285714285,2.0590000000000033,8.621869440262762,5.337347748734091,0.3384747215081405,0.7199999999999918,0.3199999999999932,0.1111111111111111,0.5555555555555556,0.7777777777777778,2.2950000000000017,0.11566666666666521,0.42857142857142855,0.846666666666667,2.764999999999997,0.9799999999999898,0.13333333333332276,0.39865882030929234,0.3680032845216916,0.20637744628438534,1.0538461538461559,2.547999999999999,4.816666666666673,2.5799999999999983,42.203,38.784,1.863966059942521,0.04105652114410839
call_064d8dd77899,synthetic,train,140.38,10.0,12.0,27.220000000000013,80.52000000000001,0.19390226527995452,0.5735859809089615,2.7220000000000013,2.2110350517348176,0.812283266618228,2.0700000000000003,0.3980000000000061,5.186,6.710000000000001,5.192041987503568,7.0,2.768571428571428,0.7402591934379391,0.2673794816339306,2.6999999999999993,3.639999999999998,8.708888888888888,3.904778964990479,0.4483670666613207,3.0,1.940000000000012,1.282233936458185,0.07127112417340231,3.0,0.0,0.3,0.0,4.389999999999997,1.6799999999999926,0.3,0.3,1.5844444444444417,4.274113121527283,5.12893574583274,0.252645257100427,0.9700000000000082,0.54,0.0,0.0,0.0,1.090000000000004,-0.006428571428570879,0.7,2.7133333333333334,2.766666666666661,2.940000000000012,0.22666666666667856,0.2875053426414018,0.1864938025359741,0.10770765066248766,0.6466666666666706,0.932000000000005,1.1400000000000006,0.0,27.365,39.382999999999996,0.0,0.08548226243054567
call_06b5a78ea12e,synthetic,train,133.1,12.0,13.0,53.03999999999998,61.66,0.3984973703981967,0.46326070623591287,4.419999999999998,6.133335144927269,1.387632385730152,1.1499999999999986,0.3559999999999967,14.204000000000004,4.743076923076923,3.3316371226710415,5.0,1.6480000000000026,0.2193080025899638,0.13307524429002637,1.6600000000000108,1.8879999999999995,6.370909090909094,3.6336444378648904,0.5703494408749112,7.0,5.819999999999968,3.155522163786627,0.10972850678732976,7.0,0.0,0.5833333333333334,0.0,5.384999999999999,0.7300000000000004,0.3333333333333333,0.3333333333333333,6.021818181818185,5.40946656649136,5.860255447032307,0.4624237140366172,0.1999999999999984,0.14000000000001034,0.0,0.0,0.8,0.2949999999999957,0.09400000000000172,0.4166666666666667,1.430000000000002,1.7199999999999989,1.8300000000000054,0.40000000000000346,0.450939143501127,0.49120961682945147,0.2533433508640116,0.8314285714285669,1.2879999999999967,2.0114285714285716,0.0,51.659,39.312999999999995,0.270473328324568,0.09015777610818934
call_0847d7417bb1,synthetic,val,115.4,10.0,10.0,28.65999999999999,56.36000000000001,0.2483535528596186,0.48838821490467943,2.8659999999999988,2.6865301040561604,0.9373796594752832,1.4799999999999969,0.6799999999999993,6.4079999999999995,5.636000000000001,4.563400486479354,10.0,3.2340000000000004,2.6932515664155847,0.8327926921507682,1.9399999999999977,5.049999999999998,8.280000000000001,5.958888785298442,0.7196725586109228,0.0,0.0,0.0,0.0,0.0,0.0,0.0,0.0,3.1449999999999996,0.8799999999999972,0.2,0.2,3.0733333333333324,5.1993067590987865,5.1993067590987865,0.33709715361091497,1.3400000000000065,0.27999999999999403,0.0,0.0,0.5,2.1866666666666656,-0.4631515151515151,1.0,5.085000000000001,2.273333333333331,1.726666666666669,-3.3583333333333316,0.28804159445407274,0.36637781629116134,0.09064124783362175,0.0,0.0,0.0,0.0,52.379000000000005,38.274,0.0,0.0
call_092aef8d1243,human,train,134.76,24.0,13.0,44.84,94.1,0.33273968536657766,0.6982784208964085,1.8683333333333334,1.7615515572610656,0.9428465070085988,1.0399999999999991,0.39800000000000535,5.003999999999994,7.238461538461538,7.015435559869006,7.0,0.8371428571428574,0.5784144407828382,0.690938751788373,0.7199999999999989,1.4199999999999964,3.5199999999999996,4.560068649368834,1.295474048116146,20.0,19.639999999999993,8.904719501335707,0.43800178412132007,17.0,3.0,0.7083333333333334,0.23076923076923078,1.4000000000000021,0.5300000000000011,0.20833333333333334,0.125,2.2869565217391297,10.685663401602849,5.78806767586821,0.32272923564128403,0.27999999999999003,0.11999999999999034,0.14285714285714285,0.8571428571428571,0.8571428571428571,0.786666666666664,0.008571428571427722,0.2916666666666667,0.9733333333333348,0.653333333333336,0.9799999999999898,0.006666666666654941,0.5489759572573463,0.3802315227070349,0.06901157613535193,0.9819999999999997,1.878000000000003,4.338823529411763,1.3333333333333357,39.277,38.80799999999999,2.1816562778272486,0.1157613535173642
call_098d8081babe,synthetic,train,147.9,9.0,12.0,35.98000000000002,71.10000000000001,0.24327248140635577,0.4807302231237323,3.9977777777777797,1.9867884625852177,0.4969732118751237,3.979999999999997,0.9879999999999995,6.672000000000001,5.925000000000001,5.870872308836795,9.0,3.3422222222222233,0.7160660704739126,0.21424849183062536,3.1799999999999926,4.236000000000006,12.3575,6.887433756487248,0.5573484731124618,2.0,0.8799999999999955,0.8113590263691682,0.02445803224013327,0.0,2.0,0.0,0.16666666666666666,2.1000000000000085,1.2800000000000082,0.0,0.3333333333333333,1.4500000000000037,3.6511156186612572,4.86815415821501,0.33601045946955554,1.1799999999999926,0.7199999999999847,0.0,0.0,0.0,0.7825000000000014,-0.08666666666666684,1.0,3.8800000000000003,3.4466666666666677,2.995000000000001,-0.8849999999999993,0.27261663286004056,0.2734279918864099,0.1837728194726167,0.4399999999999977,0.48799999999999955,0.0,0.4399999999999977,59.525999999999996,39.641,0.056795131845841784,0.04056795131845842
call_099dffdf8486,synthetic,train,101.4,8.0,12.0,30.979999999999986,44.220000000000006,0.3055226824457592,0.43609467455621304,3.8724999999999983,2.9463526180686546,0.7608399271965541,3.780000000000001,0.6739999999999938,8.0,3.6850000000000005,2.2997409274379876,7.0,2.2685714285714274,0.23972773672460657,0.10567343558389464,2.259999999999991,2.515999999999998,7.602857142857145,3.2962910511478714,0.43355951443132457,3.0,1.0399999999999778,1.7751479289940826,0.03357004519044475,1.0,2.0,0.125,0.16666666666666666,5.280000000000006,3.0700000000000074,0.375,0.375,2.6428571428571455,4.733727810650887,7.10059171597633,0.41196808510638283,0.2500000000000018,0.17999999999998906,0.0,0.0,0.0,0.30333333333333545,-0.06285714285714336,0.875,2.4300000000000006,2.179999999999996,2.219999999999999,-0.21000000000000174,0.3644970414201184,0.34319526627218916,0.20887573964497008,0.3466666666666593,0.6079999999999928,1.1400000000000006,0.1799999999999926,57.584,37.702,0.03550295857988165,0.11834319526627218
call_0a9c546208d1,human,train,117.38,7.0,9.0,20.340000000000003,76.48,0.1732833532117908,0.6515590390185723,2.905714285714286,1.2232375910188638,0.4209765554145548,2.8200000000000003,1.5999999999999988,4.348000000000001,8.497777777777777,5.905398241868341,7.0,1.1657142857142841,0.08466018508588098,0.0726251587746529,1.1599999999999966,1.2679999999999993,13.103333333333332,5.829504457689537,0.44488713744768793,0.0,0.0,0.0,0.0,0.0,0.0,0.0,0.0,0.9900000000000082,0.9000000000000057,0.0,0.14285714285714285,1.2433333333333374,3.5781223377065943,4.600443005622764,0.2100805618673828,0.13999999999999835,0.07999999999999119,0.0,0.0,1.0,0.0999999999999986,-0.02000000000000062,1.0,1.2199999999999986,1.0933333333333313,1.2199999999999989,2.220446049250313e-16,0.3020957573692282,0.12506389504174453,0.09269040722439971,0.0,0.0,0.0,0.0,42.628,38.777,0.03066962003748509,0.020446413358323395
call_0ab7d2a0c0f5,human,train,128.52,15.0,13.0,31.019999999999996,73.48,0.2413632119514472,0.5717398070339247,2.0679999999999996,2.2225006936631844,1.0747102000305535,0.9600000000000009,0.4399999999999986,4.899999999999999,5.6523076923076925,4.878452077714428,11.0,1.3036363636363648,0.7445715391146134,0.5711497161967043,1.2800000000000011,1.6799999999999997,6.514285714285714,6.201296770245159,0.9519534515727218,6.0,3.119999999999993,2.801120448179271,0.10058027079303654,4.0,2.0,0.26666666666666666,0.15384615384615385,2.460000000000002,0.5200000000000009,0.4,0.13333333333333333,2.3628571428571434,7.002801120448178,6.069094304388421,0.29684210526315785,0.29999999999999627,0.1399999999999988,0.18181818181818182,0.18181818181818182,0.9090909090909091,0.6599999999999993,0.08018181818181824,0.7333333333333333,1.080000000000001,1.4000000000000021,1.4733333333333338,0.39333333333333287,0.36321195144724544,0.25163398692810474,0.10924369747899142,0.5199999999999988,0.8299999999999972,0.8850000000000002,1.2399999999999998,41.839,40.338,0.6162464985994397,0.01867413632119514
call_0cf2f4a71328,synthetic,val,159.0,12.0,12.0,54.39999999999998,70.34000000000002,0.3421383647798741,0.4423899371069184,4.533333333333331,3.1585791461070287,0.6967453998765507,3.8900000000000006,1.2800000000000045,7.2579999999999965,5.861666666666668,6.058445666083743,12.0,4.0616666666666665,2.1857029126169505,0.5381295640419246,3.4100000000000037,7.0119999999999925,8.390909090909092,8.1459297750979,0.9708041985490452,3.0,2.2200000000000095,1.1320754716981132,0.04080882352941196,0.0,3.0,0.0,0.25,4.354999999999984,2.249999999999991,0.0,0.4166666666666667,4.338181818181817,4.528301886792453,4.528301886792453,0.4361071027737693,2.880000000000008,1.1899999999999995,0.0,0.0,0.08333333333333333,2.572727272727271,-0.23895104895104896,1.0,5.168000000000001,3.2159999999999966,3.4100000000000037,-1.7579999999999973,0.3622641509433961,0.4286792452830191,0.2354716981132071,0.7400000000000032,1.0640000000000007,0.0,2.1333333333333364,51.632000000000005,37.010000000000005,0.08301886792452831,0.06037735849056604
call_0e101713ee94,synthetic,train,209.34,14.0,16.0,77.93999999999998,101.71999999999993,0.3723129836629406,0.4859080920989774,5.567142857142856,4.0948302399339545,0.7355353266496713,4.689999999999998,0.8259999999999877,11.513999999999996,6.3574999999999955,6.081553563851924,13.0,2.5938461538461572,2.987032328277936,1.1515842309493807,1.8000000000000114,2.619999999999999,7.327692307692309,6.188279435098575,0.8445059065324528,4.0,3.859999999999964,1.1464603038119805,0.049525275853219974,1.0,3.0,0.07142857142857142,0.1875,8.020000000000003,3.230000000000004,0.14285714285714285,0.42857142857142855,3.0476923076923104,4.012611063341932,4.585841215247922,0.43381943671379286,0.4200000000000017,0.2599999999999909,0.07692307692307693,0.07692307692307693,0.6923076923076923,2.3933333333333326,-0.3330769230769221,0.9285714285714286,4.204,1.733333333333339,1.5000000000000058,-2.703999999999994,0.42848953854972777,0.45457151046145006,0.2338779019776439,0.964999999999991,1.367999999999995,1.4399999999999977,3.5933333333333337,43.632999999999996,38.718999999999994,0.2866150759529951,0.011464603038119806
call_0e1e2f29bfdc,human,val,129.44,10.0,14.0,24.75999999999998,85.82000000000001,0.19128553770086512,0.6630098887515452,2.475999999999998,2.5747512501210688,1.0398833805012402,1.1699999999999982,0.418,4.775999999999995,6.130000000000001,6.635970162681564,7.0,0.842857142857142,0.3379650990313408,0.4009755412236251,0.8599999999999994,1.211999999999992,10.504444444444447,7.815442137363001,0.7440128965122381,5.0,2.9000000000000004,2.3176761433868975,0.11712439418416812,3.0,2.0,0.3,0.14285714285714285,2.7900000000000116,0.759999999999998,0.3,0.1,3.1088888888888926,4.635352286773795,6.489493201483313,0.22391029119189712,0.4200000000000008,0.3199999999999932,0.14285714285714285,0.5714285714285714,1.0,0.2266666666666617,0.14571428571428593,0.7,0.54,1.0399999999999956,1.1000000000000014,0.5600000000000014,0.24304697156983934,0.24412855377008613,0.08668108776266986,0.5800000000000001,0.9480000000000017,1.2666666666666684,1.3399999999999999,42.513,36.964,0.1761433868974042,0.06489493201483314
call_10aa0d1d33f0,human,val,136.16,14.0,13.0,24.58,81.52000000000001,0.1805229142185664,0.5987074030552292,1.7557142857142856,1.3673786928996376,0.7788161798451965,1.0800000000000018,0.43599999999999783,3.654000000000001,6.270769230769232,2.968922263765764,9.0,1.604444444444445,0.7738376388868815,0.4823087776995797,1.0799999999999983,2.755999999999996,7.627692307692309,4.210861694833699,0.5520492338930828,5.0,2.6399999999999935,2.2032902467685074,0.1074043938161104,5.0,0.0,0.35714285714285715,0.0,2.6049999999999973,0.6500000000000004,0.42857142857142855,0.0,1.4661538461538497,6.169212690951821,5.7285546415981194,0.2316682375117813,1.3599999999999994,0.28000000000000114,0.0,0.3333333333333333,0.6666666666666666,1.027499999999999,-0.09033333333333331,0.6428571428571429,1.646666666666668,1.75,1.25,-0.39666666666666806,0.18287309048178613,0.23560517038777867,0.12309048178613441,0.5279999999999987,0.6559999999999975,2.2599999999999993,0.0,47.56,39.336,0.5023501762632198,0.03525264394829612
call_10ceaf16fbbf,synthetic,train,161.3,8.0,10.0,38.54,80.96,0.23893366398016117,0.5019218846869187,4.8175,2.5667379589665975,0.532794594492288,4.149999999999995,2.2920000000000016,7.672000000000002,8.096,7.5238117998790965,8.0,3.2875,0.3395493336762697,0.10328496841863717,3.4200000000000017,3.641999999999997,11.437142857142858,3.832454320986613,0.33508843675875954,1.0,0.21999999999999886,0.3719776813391196,0.005708354955889955,0.0,1.0,0.0,0.1,2.935000000000006,1.6999999999999993,0.125,0.375,2.951428571428574,2.975821450712957,3.719776813391196,0.322510460251046,0.5699999999999967,0.24999999999999467,0.0,0.0,0.0,0.3514285714285676,-0.0788095238095235,1.0,3.366666666666666,3.4200000000000017,3.1199999999999997,-0.24666666666666615,0.3029138251704899,0.27662740235585853,0.13725976441413507,0.21999999999999886,0.21999999999999886,0.0,0.21999999999999886,58.85,39.774,0.007439553626782393,0.044637321760694355
call_11d3230256a1,human,train,123.16,10.0,10.0,26.980000000000015,73.21999999999997,0.2190646313738228,0.5945112049366675,2.6980000000000013,2.4174771974105576,0.8960256476688496,1.83,0.4200000000000017,6.628000000000002,7.321999999999997,4.358022028397744,8.0,1.3674999999999997,0.4264900350535748,0.311875711190914,1.2700000000000031,1.9899999999999953,8.448888888888886,4.4588200841937855,0.5277404097546565,3.0,1.5599999999999945,1.4615134784020787,0.05782060785767212,2.0,1.0,0.2,0.1,3.640000000000003,1.4099999999999984,0.4,0.2,2.724444444444445,4.871711594673595,4.871711594673595,0.26926147704590836,0.6649999999999983,0.32000000000000206,0.0,0.25,0.875,0.5457142857142874,-0.0035714285714292036,0.8,1.4899999999999989,1.2600000000000027,1.3933333333333309,-0.09666666666666801,0.2348164988632674,0.30643065930496927,0.11594673595323171,0.5199999999999981,0.7319999999999978,3.1599999999999984,1.0600000000000023,48.587,40.951,0.18512504059759663,0.04871711594673596
call_120d6007bcc1,synthetic,val,157.28,14.0,13.0,55.16,78.16000000000001,0.35071210579857576,0.49694811800610383,3.94,4.189292473505691,1.0632722013973834,2.29,0.5839999999999919,10.684000000000008,6.012307692307693,4.35161889211918,11.0,2.2400000000000007,1.4082355174924663,0.6286765703091366,2.019999999999996,4.58,5.093846153846154,4.127397277222496,0.810271286679137,4.0,3.920000000000007,1.5259409969481181,0.07106598984771587,3.0,1.0,0.21428571428571427,0.07692307692307693,2.819999999999995,1.6900000000000057,0.21428571428571427,0.14285714285714285,4.56923076923077,5.340793489318413,4.959308240081383,0.41374137413741374,0.7099999999999991,0.4000000000000057,0.09090909090909091,0.09090909090909091,0.45454545454545453,1.8200000000000032,-0.11545454545454509,0.7857142857142857,2.9280000000000004,1.6040000000000005,1.980000000000004,-0.9479999999999964,0.4974567650050864,0.395091556459817,0.1595879959308239,0.9800000000000018,1.2960000000000036,5.50000000000001,1.6199999999999992,58.793,38.775999999999996,0.11444557477110885,0.167853509664293
call_1612f093f8b5,human,train,131.16,31.0,13.0,93.54,76.38000000000001,0.7131747483989022,0.5823421774931382,3.01741935483871,3.9164689229127694,1.297953138874234,0.980000000000004,0.37999999999999545,6.639999999999999,5.8753846153846165,6.631241460964116,9.0,3.3888888888888866,1.8868695087922414,0.5567811665288585,3.8799999999999955,5.363999999999995,1.2399999999999998,1.4807745720849383,1.1941730420039827,30.0,49.28,13.72369624885636,0.5268334402394698,22.0,8.0,0.7096774193548387,0.6153846153846154,3.759999999999998,0.6000000000000085,0.3548387096774194,0.1935483870967742,3.193333333333331,14.181152790484905,5.946935041171089,0.5504943502824858,2.699999999999994,1.1400000000000006,0.0,0.1111111111111111,0.3333333333333333,2.6850000000000014,-0.1323333333333334,0.2903225806451613,4.12,3.1799999999999966,0.0,-4.12,0.8101555352241536,0.5896614821591949,0.7397072278133578,1.6426666666666667,2.77,5.635454545454547,3.1274999999999995,26.665,39.57900000000001,1.4181152790484906,0.09149130832570906
call_16581bcbc272,human,train,102.54,15.0,12.0,31.00000000000002,51.279999999999994,0.30232104544567995,0.5000975229178856,2.066666666666668,1.6368859323592304,0.7920415801738205,1.4799999999999995,0.4240000000000045,4.319999999999996,4.2733333333333325,2.473382748832503,11.0,1.5363636363636362,1.2872752953235813,0.8378714939975974,0.9400000000000013,3.7,4.8757142857142854,3.753354146218924,0.7698060071354371,7.0,3.5400000000000214,4.0959625511995315,0.11419354838709739,4.0,3.0,0.26666666666666666,0.25,2.0899999999999928,0.8999999999999995,0.26666666666666666,0.06666666666666667,1.438571428571425,8.777062609713282,7.021650087770626,0.37676227515799726,1.060000000000001,0.42000000000000526,0.09090909090909091,0.5454545454545454,0.8181818181818182,1.303999999999999,-0.14090909090909107,0.7333333333333333,2.1233333333333335,1.009999999999998,0.7133333333333335,-1.4100000000000001,0.430661205383265,0.26916325336454094,0.20713867758923346,0.5057142857142888,0.9640000000000006,1.4300000000000042,0.48666666666666636,55.932,36.569,0.1521357519016969,0.1521357519016969
call_1761edbd6952,human,train,163.94,37.0,12.0,84.75999999999999,87.02000000000001,0.5170184213736733,0.5308039526656094,2.2908108108108105,2.444354088538197,1.067025734732342,1.3199999999999932,0.360000000000008,6.115999999999997,7.251666666666668,6.56511212563976,10.0,5.168000000000001,4.508269734609944,0.8723432149013047,4.130000000000003,10.144000000000002,2.176111111111111,2.8319832840233463,1.301396454235901,30.0,30.86000000000002,10.979626692692447,0.36408683341198705,26.0,4.0,0.7027027027027027,0.3333333333333333,2.5999999999999943,0.8799999999999955,0.2972972972972973,0.13513513513513514,2.4405555555555565,13.541539587654018,4.391850677076979,0.49342181860519263,6.245000000000003,3.0400000000000027,0.0,0.1,0.4,5.462222222222224,0.23975757575757578,0.2702702702702703,4.212000000000001,6.124000000000002,0.0,-4.212000000000001,0.5450774673661094,0.633402464316213,0.3725753324386971,1.0286666666666673,1.9200000000000093,6.3700000000000045,1.064999999999999,49.102000000000004,39.56,3.49884103940466,0.09515676467000121
call_181a5049ecae,synthetic,val,142.42,11.0,13.0,33.12000000000002,75.25999999999998,0.23255160792023608,0.5284370172728549,3.0109090909090925,2.2825880628056416,0.7581059387337574,2.4199999999999875,0.480000000000004,5.040000000000006,5.789230769230768,7.038853120675121,8.0,3.022499999999998,0.33293205012434623,0.11015121592203356,2.9399999999999986,3.4920000000000027,9.789999999999997,8.063236322966109,0.8236196448382136,6.0,2.479999999999997,2.527734868698217,0.07487922705313996,3.0,3.0,0.2727272727272727,0.23076923076923078,4.100000000000001,1.9399999999999835,0.2727272727272727,0.2727272727272727,3.5660000000000025,4.634180592613397,5.47675888217947,0.30559143753460066,0.42999999999999616,0.23999999999999488,0.0,0.0,0.0,0.4600000000000006,-0.07547619047619088,0.7272727272727273,3.1333333333333324,3.0599999999999974,2.799999999999997,-0.33333333333333526,0.23620278050835555,0.30431119224828035,0.15714085100407235,0.41333333333333283,0.6900000000000048,3.153333333333331,2.086666666666664,50.483999999999995,39.577,0.1095351776435894,0.025277348686982167
call_185e958a253b,human,val,135.2,16.0,16.0,31.500000000000018,83.46,0.23298816568047354,0.6173076923076923,1.968750000000001,1.6535411810717033,0.8398939332427695,1.6300000000000041,0.4599999999999973,3.6899999999999995,5.21625,4.951824001062642,11.0,1.1490909090909076,0.6495516572004887,0.565274385221945,0.9799999999999986,1.6199999999999997,6.4079999999999995,5.793098422548448,0.9040415765525045,6.0,4.6,2.6627218934911245,0.14603174603174593,5.0,1.0,0.3125,0.0625,1.8399999999999945,1.0500000000000023,0.3125,0.0625,1.8226666666666675,7.100591715976332,7.100591715976332,0.2740083507306891,0.48999999999999844,0.24000000000000377,0.09090909090909091,0.5454545454545454,0.9090909090909091,0.6520000000000005,0.011272727272726867,0.6875,1.1399999999999997,1.2079999999999984,1.019999999999996,-0.12000000000000366,0.30044378698224844,0.28047337278106543,0.11804733727810668,0.7666666666666666,1.33,1.9960000000000016,1.0999999999999996,51.067,39.736999999999995,0.21301775147928997,0.08875739644970417
call_186e9d6ee732,synthetic,train,117.22,15.0,12.0,21.32,72.48,0.18188022521753966,0.6183245180003413,1.4213333333333333,1.3912002811321669,0.9787994473256334,0.6599999999999966,0.41999999999999604,3.727999999999998,6.04,6.706081816778957,9.0,2.72666666666667,1.3947202029240289,0.5115110768670026,2.0200000000000102,4.428000000000005,4.291428571428571,3.037336373353792,0.7077681296097386,8.0,4.240000000000013,4.094864357618154,0.19887429643527263,6.0,2.0,0.4,0.16666666666666666,1.4700000000000006,0.2600000000000051,0.6,0.0,1.082857142857142,7.6778706705340385,6.142296536427231,0.2272921108742004,1.5000000000000062,0.4400000000000084,0.0,0.0,0.4444444444444444,1.799999999999999,0.0533333333333345,0.6,2.7350000000000003,2.895000000000005,2.0200000000000102,-0.7149999999999901,0.2630950349769664,0.23869646817949142,0.04384917249616119,0.5300000000000016,0.7100000000000036,5.580000000000001,0.4399999999999995,21.071999999999996,39.959,0.04094864357618154,0.19450605698686232
call_189410107163,synthetic,train,195.84,43.0,12.0,104.55999999999999,86.07999999999996,0.5339052287581698,0.4395424836601305,2.4316279069767437,3.6091130974131147,1.4842374061664496,1.079999999999984,0.4599999999999831,6.552000000000001,7.173333333333329,4.975622797421669,19.0,11.26,12.155347101497954,1.0795157283745962,2.7799999999999994,28.467999999999996,2.071428571428572,1.5484194267343836,0.7475128266993574,29.0,27.699999999999953,8.884803921568627,0.2649196633511855,24.0,5.0,0.5581395348837209,0.4166666666666667,1.6499999999999986,0.6200000000000045,0.3953488372093023,0.13953488372093023,3.0133333333333363,13.174019607843137,3.676470588235294,0.5484683172471676,21.26,2.6399999999999846,0.15789473684210525,0.15789473684210525,0.47368421052631576,7.466666666666665,-1.2836491228070173,0.4418604651162791,20.729999999999997,7.086666666666669,1.1160000000000025,-19.613999999999994,0.5223651960784311,0.5824142156862748,0.49693627450980343,0.9551724137931018,1.8640000000000014,5.710833333333327,0.9520000000000011,24.86,38.122,0.024509803921568627,0.030637254901960783
call_18bd3c505fd5,synthetic,train,140.96,10.0,12.0,36.859999999999985,76.27999999999999,0.2614926220204312,0.5411464245175935,3.6859999999999986,2.3040147568971863,0.62507182769864,3.6699999999999946,0.6780000000000029,6.1459999999999955,6.356666666666666,4.732249875998614,8.0,2.945000000000003,1.528160659093144,0.5189000540214406,2.5,4.121999999999996,10.42888888888889,5.827140416370519,0.5587498801122381,4.0,2.200000000000003,1.70261066969353,0.05968529571351068,2.0,2.0,0.2,0.16666666666666666,4.180000000000008,2.190000000000005,0.2,0.4,2.9888888888888867,4.256526674233825,5.10783200908059,0.32579105532968,0.6350000000000087,0.38999999999999346,0.0,0.0,0.125,1.6571428571428553,-0.1290476190476164,0.8,3.8799999999999977,2.219999999999999,2.4933333333333443,-1.3866666666666534,0.3541430192962543,0.24943246311010212,0.18090238365493727,0.5500000000000007,0.6520000000000039,1.3000000000000007,3.8399999999999963,52.712,39.348,0.0681044267877412,0.10215664018161179
call_198ef413fe4a,human,val,127.68,11.0,13.0,31.819999999999993,75.70000000000002,0.2492167919799498,0.592888471177945,2.892727272727272,2.502439140697046,0.8650795269537244,1.1799999999999926,0.40000000000000013,6.479999999999997,5.823076923076925,3.5042378401353855,7.0,1.045714285714285,0.23777883738929523,0.22738413411544642,0.9199999999999875,1.4000000000000026,8.866000000000001,3.8486782146601985,0.43409409143471667,4.0,1.8399999999999979,1.8796992481203008,0.05782526712759265,4.0,0.0,0.36363636363636365,0.0,4.410000000000004,0.8199999999999932,0.36363636363636365,0.2727272727272727,3.2119999999999997,5.169172932330826,6.109022556390977,0.2959449404761904,0.39000000000000146,0.0999999999999801,0.0,0.5714285714285714,1.0,0.30999999999999667,-0.07000000000000048,0.6363636363636364,1.106666666666665,1.1100000000000065,0.8899999999999935,-0.21666666666667145,0.29699248120300775,0.30216165413533813,0.1484962406015036,0.45999999999999946,0.5480000000000004,3.4450000000000016,0.0,54.091,39.412000000000006,0.2161654135338346,0.02819548872180451
call_1a2f3635b411,synthetic,train,140.08,8.0,9.0,36.059999999999995,72.84,0.2574243289548829,0.5199885779554541,4.507499999999999,3.341765065051701,0.7413788275211761,3.730000000000004,1.0319999999999971,8.318,8.093333333333334,6.4897389093176265,8.0,2.554999999999999,0.4638695937437601,0.18155365704256762,2.4299999999999926,2.9580000000000006,13.051428571428572,7.009388456250102,0.5370590980051523,0.0,0.0,0.0,0.0,0.0,0.0,0.0,0.0,3.8749999999999947,2.2799999999999976,0.125,0.375,3.3028571428571434,3.426613363792119,3.8549400342661335,0.331129476584022,0.34500000000000064,0.19000000000000128,0.0,0.0,0.0,0.41428571428571687,-0.117619047619049,1.0,3.1500000000000012,2.3333333333333335,2.3799999999999955,-0.7700000000000058,0.3962021701884637,0.23186750428326658,0.14420331239291834,0.0,0.0,0.0,0.0,40.146,39.298,0.0,0.0
call_1ad99899456c,synthetic,train,178.06,14.0,14.0,72.90000000000002,73.46,0.4094125575648659,0.41255756486577555,5.207142857142858,4.474036893282059,0.8592114747043733,3.490000000000002,0.5079999999999828,11.236000000000008,5.247142857142856,4.972861246766479,10.0,3.328000000000002,3.2128392427882257,0.9653964070878076,2.200000000000003,4.825999999999996,5.666153846153846,4.4756736295076145,0.7898962419712053,6.0,2.3000000000000114,2.021790407727732,0.031550068587105774,4.0,2.0,0.2857142857142857,0.14285714285714285,7.774999999999984,3.0800000000000054,0.2857142857142857,0.42857142857142855,4.072307692307695,4.717510951364709,4.717510951364709,0.49808690899152785,0.3050000000000046,0.17000000000000437,0.0,0.0,0.2,1.7511111111111122,0.6220606060606065,0.7142857142857143,2.106666666666666,2.4400000000000013,5.733333333333339,3.6266666666666727,0.4373806582050993,0.4741098506121532,0.31674716387734514,0.38333333333333525,0.6800000000000068,0.5349999999999966,1.240000000000009,60.579,38.516,0.026957205436369765,0.18870043805458836
call_1ba56b3cce45,synthetic,train,162.4,8.0,9.0,56.23999999999999,76.74000000000002,0.3463054187192117,0.47253694581280803,7.0299999999999985,5.226786775830825,0.743497407657301,5.549999999999997,1.4280000000000004,13.803999999999997,8.526666666666669,4.383747762411119,8.0,2.5250000000000012,0.3992179855667821,0.15810613289773542,2.510000000000005,3.0140000000000016,13.694285714285716,7.022524692817003,0.5128069356323702,1.0,0.18000000000000682,0.3694581280788177,0.0032005689900427964,0.0,1.0,0.0,0.1111111111111111,8.590000000000002,4.409999999999997,0.125,0.5,5.019999999999994,2.955665024630542,3.32512315270936,0.42292073996089624,0.5050000000000132,0.2700000000000031,0.0,0.0,0.125,0.4114285714285738,0.12428571428571282,1.0,2.0100000000000016,2.660000000000006,2.7333333333333294,0.7233333333333278,0.44261083743842367,0.44642857142857123,0.1498768472906403,0.18000000000000682,0.18000000000000682,0.0,0.18000000000000682,42.617999999999995,37.81,0.03694581280788178,0.01477832512315271
call_1bf0aa4d4324,human,train,163.7,10.0,13.0,42.29999999999998,91.38000000000004,0.25839951130116057,0.5582162492364083,4.229999999999999,1.895156985581935,0.4480276561659422,3.3000000000000043,2.3359999999999914,6.979999999999989,7.0292307692307725,5.759185922090648,10.0,2.0119999999999996,2.264582963814749,1.1255382523930169,1.3699999999999992,2.421999999999996,11.733333333333334,6.541484710845253,0.5575129014924931,0.0,0.0,0.0,0.0,0.0,0.0,0.0,0.0,2.7150000000000034,1.1600000000000037,0.0,0.3,1.9266666666666734,3.6652412950519246,4.764813683567502,0.31642728904847384,0.37000000000000166,0.2199999999999993,0.0,0.2,0.9,1.911111111111109,-0.0004848484848490236,1.0,1.3133333333333341,3.3049999999999997,0.9866666666666646,-0.32666666666666955,0.2638973732437385,0.3782529016493585,0.1330482590103847,0.0,0.0,0.0,0.0,52.11,37.339,0.0146609651802077,0.0
call_1c1c0cce9fb5,human,val,144.78,16.0,20.0,30.340000000000035,89.73999999999998,0.2095593313993648,0.6198369940599529,1.8962500000000022,1.7659872416017035,0.9313050713786164,1.0799999999999983,0.44000000000000283,4.21,4.486999999999999,3.246735437327778,10.0,1.0339999999999987,0.556923693157332,0.5386109218156022,0.9899999999999949,1.4019999999999995,7.371999999999998,4.05644704965647,0.5502505493294183,7.0,4.080000000000009,2.9009531703273934,0.13447593935398827,6.0,1.0,0.375,0.05,1.9800000000000004,0.6399999999999955,0.375,0.0625,1.850666666666663,6.630750103605471,8.288437629506838,0.25266489007328474,0.3400000000000114,0.23000000000000576,0.2,0.5,0.9,0.6244444444444451,-0.048848484848485065,0.625,1.1200000000000006,1.0899999999999963,0.9199999999999982,-0.2000000000000024,0.2660588479071694,0.20638209697472043,0.1562370493162046,0.5828571428571442,0.7359999999999957,2.829999999999997,0.6200000000000045,38.861000000000004,40.572,0.48901782014090345,0.024865312888520515
call_1cc930924760,synthetic,train,117.46,29.0,7.0,73.5,20.820000000000014,0.6257449344457688,0.17725183041035258,2.5344827586206895,3.0945687529838652,1.220986310701117,1.1599999999999966,0.3360000000000042,5.792000000000007,2.9742857142857164,2.4082409534338347,24.0,14.514999999999999,9.327140058274384,0.6425862940595511,14.75,26.101999999999997,1.3599999999999994,0.8364380260536778,0.6150279603335869,9.0,11.120000000000026,4.597309722458709,0.15129251700680307,5.0,4.0,0.1724137931034483,0.5714285714285714,3.6599999999999895,0.6400000000000006,0.27586206896551724,0.1724137931034483,3.167857142857144,14.81355355014473,3.575685339690107,0.7792620865139948,13.960000000000004,6.940000000000001,0.041666666666666664,0.125,0.16666666666666666,5.573913043478262,0.4602956521739129,0.8275862068965517,3.2040000000000006,20.906666666666663,14.417999999999996,11.213999999999995,0.67103694874851,0.6884045632555766,0.5177932913332202,1.2355555555555584,2.599999999999991,2.776000000000006,3.464999999999997,21.099000000000004,31.866000000000003,0.0,0.32691980248595265
call_1ee2936b46a7,synthetic,train,105.82,10.0,10.0,32.25999999999999,54.18000000000001,0.3048573048573048,0.5120015120015121,3.225999999999999,2.514709525969152,0.7795131822595018,2.479999999999997,0.5779999999999987,6.081999999999994,5.418000000000001,4.316252541267711,8.0,1.7300000000000004,0.24535688292770852,0.14182478781948465,1.7399999999999984,1.960000000000005,7.073333333333334,5.374623501025704,0.759843096280731,4.0,3.1200000000000188,2.268002268002268,0.09671419714817171,2.0,2.0,0.2,0.2,3.0250000000000004,1.7700000000000031,0.2,0.2,1.7111111111111106,5.67000567000567,5.67000567000567,0.37320684868116605,0.3399999999999981,0.1700000000000017,0.0,0.0,0.875,0.22000000000000292,0.062380952380952995,0.8,1.5,1.7899999999999991,1.8400000000000034,0.3400000000000034,0.3793233793233793,0.32432432432432423,0.2109242109242109,0.7800000000000047,1.1740000000000024,1.1300000000000026,0.5800000000000054,48.082,39.566,0.23814023814023816,0.15876015876015878
call_224586045e67,human,train,142.98,18.0,14.0,46.69999999999999,73.19999999999999,0.3266191075674919,0.5119597146454049,2.5944444444444437,1.9095410217065878,0.7360115287091775,2.16,0.5340000000000075,5.153999999999996,5.228571428571428,4.729836688728356,15.0,2.5680000000000027,2.9092569498069434,1.1328882203298054,0.7400000000000091,7.004000000000005,5.152941176470589,5.531879549437149,1.0735382687263872,6.0,3.440000000000005,2.5178346621905163,0.07366167023554616,3.0,3.0,0.16666666666666666,0.21428571428571427,2.9150000000000023,1.4199999999999946,0.16666666666666666,0.1111111111111111,1.8611764705882323,7.553503986571548,5.874947545111205,0.3894912427022519,3.8600000000000065,0.3199999999999932,0.2,0.5333333333333333,0.6666666666666666,3.491428571428571,-0.25614285714285684,0.8333333333333334,3.6633333333333344,3.305000000000005,0.6640000000000015,-2.999333333333333,0.4431389005455309,0.37263953000419653,0.1640788921527482,0.5733333333333341,0.8200000000000003,1.6266666666666747,2.1933333333333302,44.243,39.792,0.40285354595048256,0.058749475451112046
call_22d0f235a47e,human,train,205.3,13.0,16.0,35.279999999999994,111.37999999999998,0.17184607890891374,0.5425231368728689,2.7138461538461534,1.7347557507594262,0.6392240578195166,2.4399999999999977,0.8359999999999956,5.424,6.961249999999999,6.319859447606407,12.0,3.5466666666666673,2.3734690972404855,0.6692112116279563,2.730000000000004,6.108000000000004,11.305000000000001,6.076589641128209,0.5375134578618495,1.0,0.9000000000000057,0.2922552362396493,0.02551020408163282,1.0,0.0,0.07692307692307693,0.0,2.180000000000021,1.1400000000000148,0.07692307692307693,0.15384615384615385,2.271666666666668,3.7993180711154406,4.676083779834388,0.24055638892676942,3.0349999999999993,1.549999999999999,0.0,0.0,0.5,2.1272727272727288,0.34671328671328727,0.9230769230769231,1.9920000000000002,4.379999999999999,5.026666666666671,3.034666666666671,0.22357525572333153,0.14554310764734524,0.14641987335606443,0.9000000000000057,0.9000000000000057,22.539999999999992,0.0,38.213,37.59,0.46176327325864586,0.0
call_22eacbc23d18,human,train,160.02,17.0,13.0,38.88000000000003,90.51999999999997,0.24296962879640063,0.5656792900887386,2.2870588235294136,2.000893226142301,0.8748761534058408,1.5400000000000005,0.5960000000000015,5.308000000000004,6.963076923076921,6.476940617553441,14.0,1.7200000000000024,1.0040204892616187,0.5837328425939635,1.4299999999999997,3.1880000000000015,7.5299999999999985,6.037482919230497,0.8017905603227753,4.0,3.880000000000012,1.4998125234345705,0.0997942386831278,3.0,1.0,0.17647058823529413,0.07692307692307693,1.540000000000017,0.9199999999999959,0.23529411764705882,0.11764705882352941,2.252499999999997,6.374203224596925,4.874390701162354,0.30046367851622896,0.9050000000000051,0.38000000000000256,0.07142857142857142,0.14285714285714285,0.7142857142857143,1.1338461538461564,-0.12817582417582338,0.8235294117647058,2.265,1.7466666666666661,1.1350000000000087,-1.1299999999999915,0.37720284964379464,0.2272215973003378,0.12448443944506937,0.970000000000003,1.5400000000000003,11.899999999999997,1.7600000000000051,43.197,39.757999999999996,0.4724409448818897,0.014998125234345705
call_23991b635849,human,train,201.32,13.0,15.0,54.05999999999998,121.62000000000005,0.26852771706735534,0.6041128551559708,4.158461538461537,3.72305467253364,0.8952961661660626,2.1600000000000037,0.955999999999989,10.360000000000003,8.108000000000002,4.319708632149473,10.0,0.8479999999999995,0.28145337091603584,0.3319025600424953,0.7899999999999991,1.1719999999999997,11.555000000000001,5.568178188001289,0.4818847414972988,4.0,3.339999999999982,1.1921319292668389,0.061783203847576455,3.0,1.0,0.23076923076923078,0.06666666666666667,5.260000000000005,1.2400000000000162,0.07692307692307693,0.38461538461538464,2.663333333333332,3.8744287701172264,4.470494734750646,0.30771857923497253,0.42000000000000215,0.19000000000000483,0.0,0.7,1.0,0.2711111111111166,-0.049696969696969746,0.7692307692307693,1.006666666666667,0.8559999999999974,0.5900000000000034,-0.41666666666666363,0.3704549970196703,0.2092191535863299,0.22590900059606595,0.8349999999999955,1.3959999999999924,1.0799999999999936,5.800000000000004,50.072,37.59,0.17285912974369164,0.059606596463341946
call_24e1989c4d6d,synthetic,train,155.72,34.0,14.0,112.96,77.20000000000002,0.725404572309273,0.49576162342666336,3.3223529411764705,3.2396832260028603,0.9751171183082263,1.490000000000002,0.7659999999999968,7.682000000000012,5.514285714285715,5.641293815993575,11.0,5.61454545454545,6.769208848141122,1.205655721009592,2.059999999999988,18.019999999999996,1.1793939393939397,0.8012790509797603,0.6793989897824276,30.0,47.81999999999999,11.559208836372976,0.4233356940509915,23.0,7.0,0.6764705882352942,0.5,4.895000000000008,0.7100000000000044,0.029411764705882353,0.3235294117647059,3.254545454545458,13.100436681222707,5.394297456974056,0.594026083298275,5.969999999999995,1.3799999999999883,0.09090909090909091,0.18181818181818182,0.45454545454545453,4.729999999999999,1.314181818181817,0.3235294117647059,1.2533333333333325,3.6719999999999957,13.213333333333324,11.959999999999992,0.7526329309016182,0.7360647315694834,0.6875160544567175,1.5939999999999999,3.298000000000004,4.820000000000001,2.2771428571428562,16.499000000000002,38.206,0.177241202157719,0.12329822758797841
call_253156878935,synthetic,train,138.18,10.0,16.0,24.28000000000001,77.22000000000001,0.17571283832682014,0.5588363004776379,2.428000000000001,1.8704908446715258,0.7703833791892608,1.5900000000000034,0.7280000000000044,4.9259999999999975,4.826250000000001,5.332910644057332,8.0,3.627499999999995,1.2617027185514058,0.34781604922161474,3.1399999999999944,5.450000000000001,8.639999999999999,5.512926224388965,0.638070164859834,5.0,2.859999999999985,2.1710811984368217,0.11779242174629259,2.0,3.0,0.2,0.1875,2.7700000000000014,0.990000000000002,0.1,0.1,1.3355555555555556,4.342162396873643,6.947459834997829,0.23921182266009855,1.6950000000000056,0.7100000000000017,0.0,0.0,0.0,1.6485714285714312,-0.14547619047619206,0.8,4.410000000000001,3.7549999999999955,2.589999999999989,-1.8200000000000118,0.23925314806773768,0.1771602257924447,0.11072514112027808,0.5719999999999971,0.9359999999999957,1.2800000000000082,0.439999999999993,54.044,39.965,0.0694745983499783,0.2518454190186713
call_26be2ced1f65,synthetic,train,210.16,10.0,15.0,48.959999999999994,113.41999999999999,0.23296535972592308,0.5396840502474305,4.895999999999999,2.406221934901267,0.49146689846839614,5.109999999999999,1.8459999999999979,6.907999999999991,7.561333333333333,6.488847731985151,10.0,3.3699999999999997,0.6998428395004154,0.2076684983680758,3.269999999999996,4.278,13.726666666666667,7.530205840480056,0.5485822613268617,2.0,1.4199999999999875,0.5709935287400076,0.029003267973855957,0.0,2.0,0.0,0.13333333333333333,3.2099999999999937,1.3899999999999935,0.0,0.5,3.622222222222222,2.854967643700038,4.282451465550057,0.3015149648971548,0.7850000000000055,0.4200000000000035,0.0,0.0,0.0,0.760000000000003,0.05127272727272754,1.0,3.08,3.3159999999999967,4.800000000000011,1.7200000000000113,0.29939094023601065,0.26199086410353983,0.13751427483821885,0.7099999999999937,0.8459999999999951,0.0,1.8999999999999915,59.469,39.857,0.03425961172440045,0.0685192234488009
call_2741c273bfcc,synthetic,train,190.68,16.0,10.0,65.67999999999999,74.00000000000003,0.3444514369624501,0.3880847493182296,4.1049999999999995,2.310827773764195,0.5629300301496213,3.9199999999999946,1.4699999999999998,6.949999999999999,7.400000000000003,6.027078894456251,15.0,9.777333333333333,6.340380079739353,0.6484774389478405,7.540000000000006,16.796000000000003,7.404000000000001,8.786930294477134,1.1867815092486673,2.0,1.3200000000000216,0.6293266205160478,0.020097442143727492,1.0,1.0,0.0625,0.1,3.259999999999992,1.979999999999988,0.0,0.25,3.522666666666662,5.0346129641283826,3.1466331025802394,0.47021764032073304,7.990000000000004,3.5600000000000165,0.0,0.0,0.0,6.7342857142857175,0.05421428571428554,0.9375,8.588571428571429,13.512000000000004,6.3266666666666636,-2.2619047619047654,0.3502202643171807,0.43926998112020116,0.24386406544996853,0.6600000000000108,0.868000000000015,1.1800000000000068,1.759999999999991,50.010999999999996,37.587999999999994,0.04405286343612335,0.031466331025802395
call_290aacdf95ca,synthetic,train,134.12,10.0,10.0,22.019999999999996,75.86,0.16418133015210257,0.5656128839844915,2.2019999999999995,1.0069140976270035,0.45727252389963835,1.9600000000000009,1.0280000000000002,3.5659999999999994,7.586,7.410328197860067,10.0,2.9680000000000004,1.6893359642178933,0.5691832763537376,2.289999999999999,4.164,10.67111111111111,9.281930407989785,0.8698185513526455,1.0,0.5,0.4473605726215329,0.022706630336058135,0.0,1.0,0.0,0.1,1.580000000000009,0.8700000000000037,0.1,0.0,1.3844444444444475,4.473605726215329,4.473605726215329,0.224969350224765,0.6349999999999945,0.19999999999999707,0.0,0.0,0.1,1.3422222222222229,-0.23684848484848467,1.0,3.784,2.0600000000000023,2.289999999999999,-1.4940000000000007,0.2966000596480764,0.09305099910527877,0.10289293170295245,0.5,0.5,0.0,0.9600000000000009,51.82,39.197,0.008947211452430659,0.017894422904861318
call_29a23dea3118,synthetic,train,162.9,11.0,11.0,42.199999999999996,88.69999999999999,0.25905463474524243,0.5445058317986494,3.836363636363636,2.275638862254939,0.5931760067489178,3.4799999999999898,0.9399999999999995,7.179999999999993,8.063636363636363,6.921354666047906,11.0,1.9563636363636383,0.4268121308507089,0.21816605201476735,1.8200000000000074,2.1200000000000045,10.98,7.507207203747614,0.6837165030735531,1.0,0.3999999999999915,0.3683241252302025,0.00947867298578179,0.0,1.0,0.0,0.09090909090909091,3.59,1.579999999999984,0.0,0.2727272727272727,2.577999999999998,4.051565377532228,4.051565377532228,0.3223834988540871,0.38000000000000256,0.1600000000000108,0.0,0.0,0.7272727272727273,0.430000000000004,-0.05218181818181778,1.0,2.1399999999999997,1.8900000000000041,1.8000000000000018,-0.33999999999999786,0.31786372007366487,0.3101289134438305,0.14917127071823194,0.3999999999999915,0.3999999999999915,0.0,3.819999999999993,27.200999999999997,39.55,0.0,0.007366482504604051
call_29e423c5b8aa,human,train,161.54,28.0,15.0,42.06000000000002,104.73999999999998,0.2603689488671538,0.6483843011018942,1.5021428571428577,1.3928730768319375,0.9272573977958687,0.7500000000000071,0.37399999999999667,4.138000000000005,6.982666666666665,4.672329136047193,10.0,1.6560000000000017,1.432502705058527,0.8650378653735058,1.2100000000000044,2.7260000000000035,4.205925925925926,3.428234897586738,0.815096356418122,19.0,9.540000000000008,7.057075646898602,0.2268188302425108,18.0,1.0,0.6428571428571429,0.06666666666666667,1.9150000000000023,0.37000000000000943,0.5,0.0,1.4962962962962965,10.399900953324256,5.571375510709422,0.28651226158038157,0.7599999999999905,0.41000000000000014,0.1,0.4,0.8,1.5222222222222224,0.07781818181818308,0.35714285714285715,1.166666666666665,2.135,1.5066666666666748,0.34000000000000985,0.38479633527299767,0.20836944410053237,0.18794106722793125,0.5021052631578952,0.7600000000000008,4.344444444444443,0.16000000000000014,42.843,38.218,0.8394205769468864,0.05942800544756718
call_29f2b21b3d8a,synthetic,train,140.12,8.0,8.0,49.959999999999994,64.30000000000001,0.3565515272623465,0.45889237796174714,6.244999999999999,4.512956348115941,0.722651136607837,4.739999999999991,2.6180000000000008,10.477999999999996,8.037500000000001,4.442605513659747,8.0,4.8824999999999985,5.96098513250956,1.220887891963044,2.6800000000000015,8.347999999999995,11.34,8.984558181362384,0.7922890812488875,1.0,0.7400000000000091,0.42820439623180134,0.01481184947958385,0.0,1.0,0.0,0.125,4.394999999999998,2.149999999999988,0.0,0.5,4.914285714285707,3.4256351698544107,3.4256351698544107,0.43724838088569923,0.400000000000011,0.26000000000000156,0.0,0.0,0.0,5.294285714285718,0.2026190476190469,1.0,2.5299999999999994,8.853333333333333,2.4799999999999947,-0.05000000000000471,0.3215815015700828,0.5078504139309161,0.24022266628604053,0.7400000000000091,0.7400000000000091,0.0,1.8800000000000097,54.448,39.878,0.02569226377390808,0.02569226377390808
call_29fddbedd6a4,human,train,187.52,18.0,16.0,47.45999999999998,104.61999999999998,0.25309300341296914,0.5579138225255971,2.6366666666666654,2.260435061369085,0.8573078614547736,2.089999999999989,0.4099999999999995,5.743999999999998,6.5387499999999985,5.776700912934647,14.0,2.3614285714285734,1.746743325419614,0.7396977179635383,1.4700000000000104,4.621999999999999,7.190588235294119,6.27121572845352,0.8721422397227571,5.0,2.759999999999998,1.5998293515358362,0.05815423514538557,4.0,1.0,0.2222222222222222,0.0625,0.9700000000000006,0.5400000000000027,0.2222222222222222,0.1111111111111111,2.217647058823522,5.7593856655290105,5.1194539249146755,0.31207259337190946,2.339999999999998,0.2800000000000127,0.0,0.07142857142857142,0.7142857142857143,1.9200000000000073,0.0839120879120886,0.7777777777777778,2.4433333333333325,1.1799999999999973,2.9720000000000084,0.5286666666666759,0.3708404436860067,0.22589590443685992,0.16254266211604088,0.5519999999999996,0.9079999999999985,5.259999999999992,1.5799999999999983,54.676,39.018,0.0575938566552901,0.08319112627986348
call_2a34be1bd407,human,train,162.74,12.0,14.0,34.699999999999974,90.5,0.21322354676170563,0.5561017574044488,2.8916666666666644,2.0308201681969686,0.7023009227194134,2.2199999999999935,0.6059999999999961,6.112000000000001,6.464285714285714,7.264230088282597,11.0,2.534545454545455,1.581186916881019,0.6238542354982498,2.280000000000001,4.8999999999999995,8.24909090909091,3.7931743831290494,0.45982938301101545,2.0,1.3999999999999773,0.7373724960058989,0.04034582132564779,1.0,1.0,0.08333333333333333,0.07142857142857142,3.1750000000000043,1.510000000000007,0.16666666666666666,0.25,3.029090909090911,4.424234976035394,5.161607472041292,0.2771565495207666,1.389999999999997,0.8599999999999994,0.09090909090909091,0.09090909090909091,0.45454545454545453,1.573999999999998,0.07072727272727271,0.9166666666666666,2.5400000000000005,2.470000000000001,2.719999999999999,0.17999999999999838,0.2684035885461471,0.24554504116996434,0.1257220105690054,0.6999999999999886,0.8119999999999776,24.599999999999994,1.0,43.236999999999995,39.001999999999995,0.30969644832247756,0.00737372496005899
call_2cd6a0b37e59,synthetic,train,114.32,6.0,10.0,18.959999999999994,68.36,0.165850244926522,0.5979706088173549,3.159999999999999,4.530047829033744,1.433559439567641,1.1800000000000033,0.6899999999999995,7.609999999999995,6.836,9.09467448565368,4.0,1.629999999999999,0.21283796653792583,0.13057543959381962,1.6199999999999974,1.8499999999999988,17.936,11.268550217308348,0.6282643965939089,2.0,1.379999999999999,1.0496850944716585,0.07278481012658225,2.0,0.0,0.3333333333333333,0.0,0.8999999999999932,0.49000000000000377,0.16666666666666666,0.16666666666666666,5.4279999999999955,3.1490552834149756,5.248425472358292,0.217132386623912,0.18000000000000327,0.14999999999999858,0.0,0.0,1.0,0.3866666666666608,-0.07200000000000131,0.6666666666666666,1.6400000000000006,1.9399999999999977,1.4699999999999989,-0.1700000000000017,0.3836599020293912,0.03411476557032902,0.07977606717984584,0.6899999999999995,0.8259999999999994,2.4100000000000015,0.0,55.095,37.489,0.031490552834149754,0.09447165850244926
call_2d2c74bdeb7b,human,train,149.2,10.0,10.0,39.74,88.43999999999997,0.26635388739946386,0.5927613941018766,3.974,1.9865356780083254,0.49988316004235667,3.9499999999999993,1.4120000000000006,7.032000000000002,8.843999999999998,7.267163408098102,9.0,2.195555555555559,1.7257726843430736,0.7860300687797388,1.3200000000000074,5.096000000000004,7.911111111111111,5.487967534007554,0.6937037613211795,1.0,1.2999999999999972,0.4021447721179625,0.03271263210870652,1.0,0.0,0.1,0.0,1.8199999999999958,1.0199999999999978,0.1,0.2,2.142222222222221,4.021447721179626,4.021447721179626,0.31003276642221883,0.7199999999999989,0.3400000000000034,0.0,0.1111111111111111,0.7777777777777778,2.192500000000002,0.001666666666667164,0.9,2.0250000000000012,2.9733333333333385,1.3700000000000045,-0.6549999999999967,0.3396782841823055,0.3186327077747992,0.14075067024128687,1.2999999999999972,1.2999999999999972,1.2999999999999972,0.0,51.048,38.417,0.13672922252010727,0.02412868632707775
call_2d4374d86df7,synthetic,val,172.18,36.0,7.0,127.52,64.97999999999996,0.7406202811011732,0.377395748635149,3.542222222222222,3.164324670017907,0.8933162493777027,1.5100000000000051,0.7900000000000063,7.719999999999999,9.282857142857138,5.8278486946868515,22.0,10.983636363636366,9.058100616401845,0.8246905047212404,9.780000000000001,23.65,1.1742857142857148,1.081898557996967,0.9213248060801419,17.0,43.09999999999997,5.924032988732721,0.3379861982434126,14.0,3.0,0.3888888888888889,0.42857142857142855,4.490000000000012,0.75,0.05555555555555555,0.3333333333333333,3.0502857142857116,12.54501103496341,2.4393077012428854,0.6624415584415586,14.415,7.399999999999999,0.045454545454545456,0.09090909090909091,0.22727272727272727,6.57047619047619,0.36316205533596874,0.6111111111111112,4.506666666666666,12.690000000000003,15.580000000000005,11.07333333333334,0.7745382738994075,0.7518875595307236,0.6954350098733882,2.5352941176470574,5.704000000000004,7.422857142857138,2.60666666666666,17.401999999999997,39.087999999999994,0.020908351724939017,0.1742362643744918
call_30c4f6565eec,synthetic,train,128.02,10.0,10.0,38.93999999999997,63.460000000000015,0.3041712232463675,0.49570379628183103,3.893999999999997,3.1623288886515275,0.8121029503470801,3.4199999999999946,0.5759999999999984,9.240000000000002,6.346000000000002,3.690810751041024,8.0,2.3850000000000025,1.699551411402431,0.7126001724957775,1.740000000000009,3.5139999999999976,7.755555555555558,4.399351242856689,0.567251592918484,3.0,2.1999999999999957,1.4060303077644116,0.056497175141242875,2.0,1.0,0.2,0.1,3.9049999999999967,2.1999999999999957,0.2,0.3,3.622222222222223,4.686767692548038,4.686767692548038,0.3802734374999998,0.2050000000000014,0.08000000000000185,0.0,0.0,0.75,1.6314285714285703,-0.12809523809523776,0.8,3.333333333333334,1.7000000000000064,1.8933333333333355,-1.4399999999999984,0.3829089204811747,0.33510389001718455,0.19450085924074323,0.733333333333332,0.8599999999999965,6.82,0.9200000000000017,56.162,37.062,0.009373535385096077,0.14997656616153723
call_312805f2b67f,synthetic,train,132.66,10.0,12.0,29.24000000000002,71.05999999999999,0.22041308608472804,0.5356550580431176,2.924000000000002,1.0253896820233765,0.35068046580826806,2.6500000000000057,2.0560000000000076,3.892000000000001,5.921666666666666,5.300556312522509,10.0,4.166,3.208476897220864,0.7701576805618972,2.3500000000000005,8.92800000000001,10.206666666666663,9.356039047944737,0.9166596062649974,3.0,1.5799999999999965,1.3568521031207599,0.05403556771545812,0.0,3.0,0.0,0.25,1.0650000000000013,0.519999999999996,0.0,0.1,1.2511111111111115,4.522840343735867,5.4274084124830395,0.29152542372881374,3.1300000000000034,0.3000000000000007,0.0,0.0,0.2,2.180000000000002,0.17103030303030295,1.0,2.264999999999999,7.040000000000003,2.219999999999999,-0.04499999999999993,0.2121212121212121,0.2989597467209412,0.15015829941203077,0.5266666666666655,0.6679999999999968,0.0,1.6800000000000004,53.685,39.385,0.03618272274988693,0.03618272274988693
call_3332ecee2806,human,train,140.2,28.0,15.0,51.720000000000006,78.22000000000001,0.36890156918687594,0.557917261055635,1.8471428571428574,2.712032523433904,1.4682310645040468,0.8499999999999996,0.4819999999999993,3.8679999999999986,5.214666666666668,4.724317046468784,10.0,1.666000000000001,0.9961144512554754,0.5979078338868395,1.419999999999999,3.171999999999997,3.098518518518519,4.168605507755167,1.345354395283164,21.0,14.680000000000035,8.987161198288161,0.2838360402165513,18.0,3.0,0.6428571428571429,0.2,1.0600000000000005,0.3800000000000008,0.42857142857142855,0.03571428571428571,2.1674074074074063,11.982881597717547,6.419400855920115,0.3980298599353547,1.1300000000000043,0.4899999999999922,0.1,0.2,0.7,1.0288888888888916,-0.11236363636363528,0.35714285714285715,1.8449999999999993,2.3333333333333335,0.7600000000000051,-1.0849999999999942,0.3479315263908703,0.5863052781740374,0.17246790299572015,0.6990476190476207,1.0800000000000125,2.095555555555557,1.3999999999999997,47.265,37.931000000000004,1.2410841654778888,0.2139800285306705
call_349b9fddaff0,human,train,147.0,12.0,13.0,32.96000000000003,87.79999999999998,0.22421768707483014,0.5972789115646258,2.7466666666666693,2.258559029312472,0.8222909087302681,2.0300000000000007,0.5860000000000005,5.848000000000009,6.753846153846153,4.882983858354105,8.0,1.4125000000000005,0.8382086554074698,0.5934220569256421,1.1699999999999986,1.9620000000000024,9.429090909090906,6.0622609861719745,0.6429316510595039,5.0,3.8000000000000096,2.0408163265306123,0.11529126213592251,4.0,1.0,0.3333333333333333,0.07692307692307693,4.770000000000003,1.4200000000000002,0.4166666666666667,0.3333333333333333,2.040000000000002,4.897959183673469,5.3061224489795915,0.2729380589599207,0.2800000000000007,0.13000000000000256,0.0,0.25,0.875,0.8371428571428571,-0.12309523809523745,0.6666666666666666,2.0399999999999987,1.0,1.0900000000000034,-0.9499999999999953,0.3346938775510206,0.29632653061224523,0.041632653061224614,0.7600000000000019,1.2519999999999993,1.2799999999999998,0.16000000000000014,43.962,40.269999999999996,0.7265306122448979,0.024489795918367346
call_34f4c668dbe8,human,train,223.36,52.0,14.0,104.28000000000002,145.43999999999997,0.4668696275071634,0.6511461318051575,2.0053846153846155,2.374975677234531,1.1842993403931301,1.0400000000000045,0.4199999999999903,5.382,10.388571428571426,6.839088135900301,13.0,1.7138461538461551,2.3536470504028038,1.3733129109172544,1.1000000000000085,2.1359999999999975,2.323529411764706,2.538128709733645,1.0923591915309359,46.0,39.79999999999999,12.356733524355299,0.3816647487533562,39.0,7.0,0.75,0.5,1.6099999999999985,0.5600000000000076,0.34615384615384615,0.11538461538461539,2.237254901960785,13.968481375358165,3.760744985673352,0.41758769822200875,0.6600000000000108,0.4200000000000159,0.15384615384615385,0.38461538461538464,0.7692307692307693,2.1949999999999954,-0.183186813186813,0.25,2.647999999999999,0.8760000000000048,1.5533333333333321,-1.0946666666666667,0.5468302292263612,0.5263252148997138,0.32745343839541496,0.8652173913043476,1.8200000000000003,6.936410256410254,0.6742857142857106,45.806,39.394,4.297994269340974,0.16117478510028652
call_35966c559fcc,human,train,99.7,12.0,10.0,31.34000000000001,49.160000000000004,0.31434302908726186,0.49307923771313944,2.6116666666666677,3.3760475740460523,1.2926793519002109,1.0700000000000003,0.33200000000000646,6.638000000000002,4.916,3.7236304865010443,7.0,1.2914285714285703,0.3661158509632304,0.28349678725028926,1.3599999999999994,1.6599999999999995,5.114545454545453,2.5032936980791867,0.48944597722842265,6.0,3.37999999999999,3.6108324974924777,0.10784939374601113,5.0,1.0,0.4166666666666667,0.1,2.414999999999999,0.6899999999999977,0.4166666666666667,0.16666666666666666,3.3854545454545484,7.221664994984955,6.018054162487463,0.3893167701863355,0.28000000000000336,0.17999999999999972,0.0,0.14285714285714285,1.0,0.3633333333333349,-0.13857142857142837,0.5833333333333334,1.6099999999999999,1.346666666666664,0.8900000000000006,-0.7199999999999993,0.30932798395185557,0.20541624874623896,0.4282848545636911,0.5633333333333317,0.8099999999999987,5.964,4.640000000000001,50.333,40.684,0.9027081243731194,0.012036108324974926
call_36640e327eaf,human,train,158.96,35.0,16.0,58.15999999999999,101.83999999999999,0.3658782083543029,0.6406643180674383,1.6617142857142855,1.6933508381975946,1.0190385030418814,0.7800000000000011,0.38400000000000034,4.056000000000007,6.364999999999999,5.710588848796589,14.0,2.3328571428571445,2.0389998548708315,0.8740354552416295,1.1799999999999997,5.274000000000003,2.694117647058824,3.4441443209897913,1.2783941802800531,26.0,16.839999999999968,9.813789632611979,0.289546079779917,21.0,5.0,0.6,0.3125,1.730000000000004,0.35999999999999943,0.45714285714285713,0.05714285714285714,1.7617647058823551,13.210870659285355,6.039255158530448,0.3635,3.6050000000000075,0.4400000000000013,0.07142857142857142,0.35714285714285715,0.6428571428571429,2.856923076923079,0.11898901098901181,0.4,1.1466666666666658,2.857142857142857,2.305000000000007,1.158333333333341,0.24924509310518392,0.5417715148465023,0.3066180171112225,0.6476923076923065,1.1799999999999997,3.7828571428571385,1.416000000000004,38.985,38.166,3.4499245093105184,0.00754906894816306
call_36d72e4b1aef,synthetic,val,142.92,9.0,11.0,40.760000000000005,69.68,0.28519451441365806,0.48754547998880504,4.52888888888889,1.8684541706058297,0.4125634822240546,4.820000000000007,1.8239999999999952,6.332000000000003,6.334545454545455,3.7059960350181482,9.0,2.7266666666666683,0.45714087301156753,0.1676555768991078,2.700000000000017,3.2160000000000055,11.3125,6.480161552770117,0.5728319604658667,2.0,1.1200000000000117,0.839630562552477,0.027477919528950234,0.0,2.0,0.0,0.18181818181818182,1.8200000000000074,0.9799999999999898,0.0,0.4444444444444444,1.5250000000000028,3.7783375314861467,4.617968094038623,0.3690691778341181,0.8400000000000034,0.46000000000000796,0.0,0.0,0.0,0.6149999999999982,0.04266666666666718,1.0,2.5133333333333323,2.780000000000001,2.940000000000005,0.4266666666666725,0.3509655751469352,0.27413937867338367,0.2304785894206553,0.5600000000000058,0.6400000000000098,0.0,1.4200000000000017,58.549,38.53399999999999,0.00839630562552477,0.02518891687657431
call_373750027ccd,synthetic,train,149.34,13.0,11.0,49.42,71.74,0.3309227266639882,0.48038034016338554,3.8015384615384615,3.4997271237667085,0.9206081062113964,3.3799999999999955,0.4720000000000063,8.688000000000002,6.5218181818181815,4.557490972776812,9.0,2.186666666666666,0.7922401431664812,0.36230494352125675,1.8999999999999915,2.7080000000000015,7.496666666666665,5.449127351135122,0.7268733683150452,5.0,2.7600000000000033,2.008838891120932,0.05584783488466215,4.0,1.0,0.3076923076923077,0.09090909090909091,5.0,2.739999999999995,0.38461538461538464,0.3076923076923077,3.5400000000000014,5.222981116914424,4.419445560466051,0.4078903928689337,0.35999999999999943,0.2400000000000091,0.0,0.0,0.5555555555555556,0.6174999999999988,0.17266666666666672,0.6923076923076923,1.8600000000000005,1.946666666666663,2.753333333333335,0.8933333333333346,0.40297308155885897,0.41542788268380876,0.17436721574929703,0.5520000000000007,0.6959999999999991,2.62,7.219999999999999,59.638999999999996,39.995999999999995,0.040176777822418644,0.17677782241864204
call_374f870c8124,synthetic,train,116.3,31.0,9.0,57.37999999999996,45.82000000000001,0.4933791917454855,0.39398108340498716,1.8509677419354826,1.6343240781766022,0.8829565427583601,1.1599999999999966,0.46000000000000796,3.839999999999989,5.091111111111112,3.513176607650574,18.0,8.230000000000002,8.616952928836145,1.047017366808766,4.240000000000002,22.264000000000003,1.7006666666666679,1.1257055071771158,0.6619201335812123,18.0,19.559999999999985,9.286328460877042,0.34088532589752524,13.0,5.0,0.41935483870967744,0.5555555555555556,1.5999999999999979,0.6199999999999903,0.25806451612903225,0.06451612903225806,1.6319999999999975,15.993121238177128,4.643164230438521,0.5560077519379844,9.239999999999993,2.879999999999999,0.05555555555555555,0.05555555555555555,0.2777777777777778,3.0658823529411783,1.2434055727554183,0.5806451612903226,5.205,1.665000000000001,12.066000000000003,6.861000000000002,0.5695614789337919,0.49888220120378285,0.41169389509888166,1.0866666666666658,2.5019999999999984,4.181538461538461,0.659999999999998,23.541,38.711999999999996,0.11349957007738608,0.2579535683576956
call_37e63dcc8185,synthetic,train,143.74,9.0,17.0,42.98000000000002,67.64000000000006,0.2990121051899264,0.4705718658689304,4.775555555555558,4.523428176630615,0.9472045972469874,1.1400000000000006,0.5760000000000047,10.807999999999998,3.978823529411768,4.127465940078147,4.0,3.8599999999999985,0.724568837309475,0.18771213401799877,3.6599999999999984,4.678000000000002,7.719999999999999,5.822576749172143,0.7542197861621948,6.0,4.380000000000024,2.504522053708084,0.10190786412284834,5.0,1.0,0.5555555555555556,0.058823529411764705,8.919999999999987,0.7399999999999949,0.2222222222222222,0.4444444444444444,3.9699999999999966,3.7567830805621263,7.096145818839571,0.3885373350207918,0.8100000000000032,0.39000000000000234,0.0,0.0,0.0,1.1333333333333389,-0.3240000000000013,0.4444444444444444,4.450000000000001,3.0999999999999943,3.4399999999999977,-1.0100000000000033,0.3342145540559343,0.31529149853902916,0.2475302629748156,0.730000000000004,1.1200000000000045,1.0480000000000018,1.460000000000008,60.197,38.228,0.1168776958397106,0.2671490190621956
call_387c5493a07f,synthetic,train,165.2,8.0,11.0,42.09999999999998,81.08000000000001,0.2548426150121064,0.4907990314769977,5.2624999999999975,3.6067220228345853,0.6853628546954085,3.7299999999999933,1.851999999999998,10.777999999999999,7.370909090909092,7.065945802413481,8.0,3.619999999999999,1.2522379965485806,0.3459220984940831,3.2199999999999918,5.276000000000001,15.78857142857143,7.409922746023796,0.46932192564392483,1.0,0.9200000000000017,0.3631961259079904,0.02185273159144898,0.0,1.0,0.0,0.09090909090909091,4.840000000000005,1.9499999999999922,0.0,0.375,3.4485714285714235,2.905569007263923,3.995157384987894,0.3417762623802564,1.0999999999999956,0.43999999999998707,0.0,0.0,0.0,1.7485714285714296,0.06523809523809429,1.0,4.2,2.7700000000000014,4.739999999999995,0.5399999999999947,0.3054479418886199,0.35629539951573846,0.10278450363196094,0.9200000000000017,0.9200000000000017,0.0,1.7000000000000028,56.658,37.003,0.0,0.10169491525423731
call_39880aff21ed,synthetic,train,191.22,10.0,12.0,68.55999999999997,80.83999999999999,0.35853990168392413,0.42275912561447543,6.855999999999997,7.1416401477531775,1.0416627986804523,5.079999999999991,1.8460000000000152,11.407999999999996,6.7366666666666655,4.597411107230772,10.0,4.750000000000001,2.371012441974945,0.49916051409998835,3.700000000000003,6.752,12.193333333333335,9.629464044160393,0.7897318789634001,2.0,1.0599999999999952,0.627549419516787,0.015460910151691884,0.0,2.0,0.0,0.16666666666666666,4.5550000000000015,2.5199999999999996,0.1,0.5,7.128888888888891,3.1377470975839348,3.765296517100722,0.45890227576974557,2.399999999999994,0.6899999999999977,0.0,0.0,0.0,3.1733333333333293,-0.4129696969696956,1.0,5.559999999999999,6.280000000000001,3.355000000000004,-2.2049999999999947,0.39315971132726707,0.527141512394101,0.15531848133040443,0.5299999999999976,0.585999999999995,0.0,3.0099999999999945,31.259,38.169000000000004,0.0,0.02510197678067148
call_3adbf4ac0f30,human,train,167.38,21.0,10.0,58.860000000000035,79.88,0.351654916955431,0.4772374238260246,2.8028571428571447,2.012657903553083,0.7180736658955948,2.319999999999993,0.480000000000004,5.0600000000000005,7.9879999999999995,5.225546478599149,19.0,5.289473684210527,4.804368049449442,0.9082884869605908,3.479999999999997,12.547999999999998,4.931999999999999,6.137652319902127,1.2444550526971063,3.0,1.7400000000000233,1.0753972995578922,0.029561671763507005,2.0,1.0,0.09523809523809523,0.1,2.3599999999999817,1.36000000000001,0.19047619047619047,0.14285714285714285,2.296999999999998,7.527781096905246,3.584657665192974,0.4242467925616262,8.289999999999997,2.8000000000000185,0.0,0.3157894736842105,0.42105263157894735,5.6433333333333335,-0.15898245614035092,0.9047619047619048,6.7625,5.1700000000000035,1.6799999999999973,-5.082500000000003,0.482136455968455,0.43135380571155474,0.14147448918628316,0.5800000000000077,0.8320000000000135,1.0700000000000003,0.3400000000000034,42.19,40.288,0.10037041462540328,0.0071693153303859485
call_3b1bf9fab29d,human,train,122.96,12.0,12.0,23.19999999999999,72.99999999999999,0.1886792452830188,0.5936890045543265,1.9333333333333325,1.321774900990668,0.6836766729262079,1.4399999999999977,0.5740000000000001,3.2800000000000002,6.083333333333332,4.17968765446521,10.0,1.1540000000000021,0.2128003759395168,0.18440240549351508,1.1600000000000037,1.408000000000002,8.46909090909091,4.558710851556521,0.538276292047249,2.0,1.42,0.9759271307742355,0.06120689655172416,2.0,0.0,0.16666666666666666,0.0,2.0850000000000035,0.7299999999999978,0.16666666666666666,0.08333333333333333,1.9018181818181825,5.8555627846454135,5.8555627846454135,0.24116424116424112,0.3499999999999943,0.17999999999999972,0.0,0.3,1.0,0.21333333333333224,-0.03430303030302989,0.8333333333333334,1.4000000000000006,1.0450000000000017,1.053333333333337,-0.34666666666666357,0.2810670136629799,0.15907612231620014,0.1258945998698763,0.71,0.8459999999999999,6.19,0.0,38.026,40.684,0.38061158100195186,0.0
call_3b9afdd4a2df,human,val,156.28,22.0,16.0,31.24000000000002,103.40000000000002,0.199897619657026,0.6616329664704378,1.4200000000000008,0.9655332958808557,0.6799530252682079,0.9400000000000048,0.5799999999999985,2.964000000000004,6.462500000000001,6.122723556555531,12.0,1.915,1.5577146722041235,0.8134280272606389,1.3099999999999987,4.248000000000001,5.854285714285714,3.7318865029296235,0.6374623113837815,12.0,10.100000000000023,4.607115433836704,0.3233034571062745,10.0,2.0,0.45454545454545453,0.125,1.1850000000000067,0.3700000000000009,0.36363636363636365,0.0,0.8933333333333378,8.446378295367289,6.142820578448938,0.23202614379084974,1.119999999999994,0.34999999999999787,0.08333333333333333,0.25,0.6666666666666666,1.3581818181818173,-0.12174825174825167,0.5454545454545454,2.3233333333333324,1.3840000000000032,2.1199999999999903,-0.20333333333334203,0.21077553109802932,0.22574865625799842,0.1631686716150502,0.8416666666666686,1.1840000000000006,7.262000000000005,0.9500000000000064,41.979,39.181,0.6757102636293831,0.10749936012285642
call_3ca96b2dd5c4,human,train,211.9,21.0,18.0,59.80000000000002,134.2,0.2822085889570553,0.6333176026427559,2.8476190476190486,2.544218290952672,0.8934545837793662,1.6200000000000045,0.6400000000000006,6.560000000000002,7.455555555555555,4.483840395392992,10.0,4.114000000000002,5.808111913522328,1.4117919089747997,0.8800000000000012,13.217999999999998,7.030999999999999,4.9693801424322475,0.7067814169296328,12.0,13.81999999999999,3.3978291647003305,0.23110367892976563,11.0,1.0,0.5238095238095238,0.05555555555555555,2.819999999999993,1.0800000000000045,0.19047619047619047,0.14285714285714285,3.242999999999996,5.946201038225578,5.096743747050495,0.30824742268041244,3.4100000000000037,0.17000000000000037,0.0,0.7,0.7,3.877777777777779,0.732242424242424,0.47619047619047616,1.570000000000002,7.93,0.0,-1.570000000000002,0.4308636149126946,0.2218027371401605,0.19395941481831072,1.1516666666666657,1.5919999999999932,2.2163636363636368,9.100000000000001,48.504999999999995,38.885999999999996,0.4756960830580462,0.15856536101934876
call_3cd08cbaf55c,synthetic,train,139.64,12.0,14.0,43.33999999999999,64.38,0.3103695216270409,0.4610426811801776,3.611666666666666,3.371601581181,0.9335306639172128,2.6799999999999997,0.5019999999999996,9.200000000000001,4.598571428571428,4.80889927581125,11.0,3.2854545454545456,3.1630490572931325,0.9627432105762163,2.0600000000000023,6.18,7.78909090909091,6.592096444773096,0.8463242401085908,3.0,2.319999999999993,1.2890289315382413,0.053530226119058465,1.0,2.0,0.08333333333333333,0.14285714285714285,3.2049999999999983,1.769999999999996,0.25,0.16666666666666666,3.578181818181817,5.156115726152965,6.015468347178459,0.402339398440401,0.4500000000000064,0.2600000000000051,0.0,0.0,0.45454545454545453,3.0599999999999996,-0.1256363636363637,0.9166666666666666,3.373333333333333,4.0920000000000005,1.8533333333333342,-1.519999999999999,0.39444285305070187,0.3901460899455743,0.1465196218848466,0.7733333333333311,0.9159999999999997,4.400000000000002,1.5899999999999963,50.425,39.120000000000005,0.06874820968203954,0.025780578630764824
call_3d69be34ef44,human,train,146.1,16.0,18.0,38.03999999999999,82.46000000000001,0.2603696098562628,0.5644079397672828,2.3774999999999995,1.73316004742782,0.7289842470779475,1.6199999999999974,0.7700000000000031,5.130000000000003,4.581111111111111,4.381960353906668,13.0,1.4599999999999997,1.785324792687486,1.222825200470881,0.7199999999999989,2.416,6.578666666666667,4.941365353377096,0.7511195814821284,6.0,3.320000000000011,2.4640657084188913,0.08727655099894878,3.0,3.0,0.1875,0.16666666666666666,2.665000000000002,0.8499999999999943,0.125,0.125,1.652000000000002,6.570841889117043,7.392197125256673,0.3156846473029045,0.7599999999999998,0.1599999999999966,0.15384615384615385,0.6923076923076923,0.7692307692307693,1.7099999999999973,-0.2032967032967032,0.8125,2.584999999999999,1.0199999999999996,0.9120000000000005,-1.6729999999999987,0.3174537987679673,0.2989733059548255,0.1646817248459955,0.5533333333333351,1.0300000000000011,0.9133333333333352,1.4600000000000033,43.994,38.766,0.30390143737166325,0.03285420944558522
call_3f3ac4984431,human,train,174.14,19.0,15.0,56.580000000000005,85.52000000000002,0.32491099115654076,0.4910991156540716,2.9778947368421056,2.142599451594325,0.719501406509229,2.440000000000005,0.7959999999999866,6.524,5.701333333333335,4.3070142274614724,19.0,3.164210526315787,3.8845094735906507,1.2276393878613177,1.4199999999999875,8.427999999999999,6.015555555555554,6.782705312633353,1.127527665565205,2.0,0.7600000000000051,0.6891007235557598,0.013432308236125928,0.0,2.0,0.0,0.13333333333333333,1.8599999999999959,1.1000000000000014,0.10526315789473684,0.15789473684210525,1.71,6.546456873779718,5.168255426668199,0.3981703026038001,2.769999999999996,0.7799999999999869,0.10526315789473684,0.3157894736842105,0.5789473684210527,3.8199999999999985,-0.27371929824561425,1.0,5.399999999999999,2.4285714285714275,1.7866666666666617,-3.613333333333337,0.4496382221201333,0.3883082577236708,0.13678649362581827,0.38000000000000256,0.39600000000000507,0.0,1.0900000000000034,45.003,39.68900000000001,0.06891007235557599,0.006891007235557598
call_415d987a1504,synthetic,train,124.76,10.0,11.0,22.19999999999999,66.52,0.17794164796409095,0.5331837127284386,2.219999999999999,1.514199458459814,0.6820718281350517,2.009999999999998,0.5679999999999993,3.8879999999999986,6.047272727272727,5.039742220877233,10.0,2.2460000000000013,0.7441532100313756,0.33132378006739766,2.2900000000000027,3.086000000000002,7.484444444444446,2.963388117645487,0.395939623794676,0.0,0.0,0.0,0.0,0.0,0.0,0.0,0.0,2.3749999999999982,1.2299999999999969,0.2,0.1,1.8866666666666632,4.809233728759217,5.290157101635139,0.2502254283137961,0.5100000000000007,0.28999999999999915,0.1,0.1,0.2,0.8888888888888905,-0.13418181818181782,1.0,2.686666666666666,2.380000000000001,1.6266666666666698,-1.0599999999999963,0.19525488938762423,0.22603398525168286,0.11253606925296587,0.0,0.0,0.0,0.0,47.748000000000005,39.071000000000005,0.0,0.0
call_41fc5fd779c9,synthetic,train,77.18,8.0,10.0,13.640000000000011,50.14,0.17672972272609497,0.649650168437419,1.7050000000000014,1.5830587481202327,0.9284802041760888,1.0,0.46000000000000085,4.248,5.014,4.380694465492888,5.0,1.5639999999999996,0.3679999999999993,0.23529411764705846,1.6399999999999988,1.8880000000000008,5.2485714285714264,4.367723920407283,0.8321738552762926,3.0,2.940000000000005,2.3322104172065297,0.21554252199413507,3.0,0.0,0.375,0.0,1.0700000000000012,0.34999999999999787,0.25,0.0,0.6857142857142863,6.219227779217412,7.7740347240217655,0.2138601442458452,0.22000000000000597,0.14000000000000234,0.0,0.2,1.0,0.5299999999999998,-0.025999999999999447,0.625,1.6399999999999988,1.6699999999999982,1.4200000000000017,-0.2199999999999971,0.18579942990412027,0.22700181394143584,0.11738792433272881,0.9800000000000016,1.0680000000000034,1.2999999999999996,0.0,51.147999999999996,40.548,0.1399326250323918,0.35760559730500124
call_450b4e13468b,synthetic,train,141.78,11.0,11.0,47.200000000000045,62.70000000000003,0.3329101424742562,0.4422344477359291,4.2909090909090954,3.800663708893375,0.8857478982590483,2.960000000000008,0.7799999999999976,9.100000000000001,5.700000000000003,5.009278663367882,9.0,3.591111111111103,1.4930687596315317,0.4157679095508606,3.200000000000003,5.891999999999979,8.273999999999996,6.9337900170109,0.8380215152297442,3.0,2.9800000000000146,1.2695725772323319,0.06313559322033924,2.0,1.0,0.18181818181818182,0.09090909090909091,4.38999999999999,1.7000000000000028,0.09090909090909091,0.2727272727272727,3.957999999999997,4.655099449851884,4.655099449851884,0.429481346678799,0.9800000000000111,0.7200000000000131,0.0,0.0,0.0,0.8575000000000015,0.30766666666666337,0.8181818181818182,3.1400000000000015,3.400000000000002,3.8479999999999848,0.7079999999999833,0.30385103681760467,0.43757934828607686,0.257300042319087,0.9933333333333382,1.1960000000000066,1.320000000000002,1.740000000000009,55.900999999999996,38.349000000000004,0.0761743546339399,0.13542107490478206
call_4789ebd9b148,synthetic,train,133.3,13.0,14.0,42.480000000000004,68.25999999999999,0.31867966991747937,0.5120780195048761,3.267692307692308,3.9260983839825077,1.2014896184503907,1.0600000000000023,0.46000000000000796,8.880000000000003,4.8757142857142854,3.310409371072049,9.0,2.92,2.5146150577949054,0.861169540340721,1.980000000000004,4.508000000000003,5.656666666666666,3.0948433814258784,0.547114327889077,8.0,4.439999999999994,3.600900225056264,0.10451977401129929,4.0,4.0,0.3076923076923077,0.2857142857142857,4.940000000000012,0.6199999999999903,0.38461538461538464,0.3076923076923077,3.475000000000002,5.851462865716429,6.301575393848462,0.38360122810186026,0.7600000000000051,0.38000000000000256,0.0,0.0,0.5555555555555556,2.585,0.30299999999999955,0.6923076923076923,2.1466666666666687,3.839999999999998,2.240000000000002,0.09333333333333327,0.49002250562640653,0.3548387096774195,0.11117779444861209,0.5549999999999993,0.8159999999999996,1.7950000000000044,2.8299999999999974,18.629,36.661,0.06301575393848463,0.03600900225056264
call_47bef2f628eb,human,val,145.9,12.0,17.0,30.099999999999973,87.25999999999999,0.20630568882796416,0.5980808773132281,2.508333333333331,1.7919162616843711,0.7143852206050656,2.259999999999998,0.6239999999999973,4.191999999999995,5.132941176470588,5.393394396313593,10.0,1.1399999999999995,0.17017637908946173,0.14927752551707177,1.1400000000000023,1.3820000000000006,9.08727272727273,4.190485089969442,0.4611378150226476,3.0,1.619999999999994,1.2337217272104182,0.05382059800664436,2.0,1.0,0.16666666666666666,0.058823529411764705,2.2000000000000046,1.2300000000000004,0.25,0.08333333333333333,2.3709090909090897,4.934886908841673,6.991089787525703,0.2564758009543284,0.15499999999999936,0.08999999999999986,0.0,0.1,1.0,0.16888888888888973,-0.024484848484848894,0.8333333333333334,1.1499999999999997,1.2100000000000009,0.9799999999999969,-0.17000000000000282,0.22769019876627822,0.26004112405757357,0.1311857436600407,0.5399999999999979,0.6519999999999967,9.830000000000002,0.33999999999999986,37.766,37.851,0.18917066483893077,0.01644962302947224
call_486215b37ca1,human,train,140.26,31.0,15.0,90.64,73.04000000000002,0.6462284329103095,0.5207471838015116,2.9238709677419354,3.4119275390514643,1.1669213780957126,1.4400000000000048,0.37999999999999545,9.119999999999997,4.869333333333334,3.762806517599452,6.0,0.9466666666666654,0.8568676806965198,0.9051419162287192,0.5700000000000003,2.010000000000005,1.6286666666666667,1.322529730814733,0.8120321720106833,29.0,41.02000000000002,12.405532582347071,0.4525595763459843,25.0,4.0,0.8064516129032258,0.26666666666666666,2.7199999999999918,1.0600000000000094,0.3225806451612903,0.1935483870967742,3.2260000000000044,13.261086553543421,6.416654783972623,0.553763440860215,0.9200000000000088,0.3100000000000094,0.5,0.6666666666666666,0.8333333333333334,1.3760000000000105,-4.0602442043434295e-16,0.1935483870967742,0.0,1.0599999999999994,0.37999999999999545,0.37999999999999545,0.7617282190218169,0.6522173107086836,0.5247397690004277,1.4144827586206903,3.5240000000000027,4.299200000000004,1.550000000000006,31.851,38.374,2.7719948666761733,0.11122201625552547
call_488e7b893457,human,train,155.0,19.0,13.0,35.160000000000046,86.94,0.22683870967741965,0.5609032258064516,1.850526315789476,1.7226096288822965,0.9308755104881568,1.5600000000000023,0.5320000000000007,3.6080000000000023,6.687692307692307,5.086104983710564,14.0,2.0214285714285705,1.4877492931215501,0.7359890496007672,1.4099999999999966,4.286,6.164444444444443,5.8171873904665015,0.943667745389303,5.0,1.6600000000000037,1.9354838709677418,0.047212741751990944,5.0,0.0,0.2631578947368421,0.0,1.4099999999999877,0.8799999999999955,0.3684210526315789,0.10526315789473684,1.8866666666666652,7.354838709677419,5.032258064516129,0.28796068796068824,1.399999999999995,0.6199999999999983,0.07142857142857142,0.21428571428571427,0.6428571428571429,1.8461538461538451,-0.04065934065934065,0.7368421052631579,2.27,2.0799999999999965,1.5899999999999999,-0.6800000000000002,0.30283870967741944,0.22748387096774217,0.15019354838709742,0.33200000000000074,0.5360000000000014,2.404000000000001,0.0,39.32,39.519999999999996,0.25548387096774194,0.0
call_4ac92327c83b,human,train,151.84,17.0,13.0,57.120000000000026,64.29999999999998,0.3761854583772394,0.423472075869336,3.3600000000000017,3.2959940034211583,0.9809505962562967,2.020000000000003,0.5079999999999942,8.484000000000005,4.946153846153845,3.4502832402383725,11.0,1.6436363636363642,1.4981641658271607,0.9114936849612147,1.1600000000000001,3.16,5.854999999999999,4.3977011039860345,0.7511018110992375,7.0,4.880000000000002,2.7660695468914644,0.08543417366946778,6.0,1.0,0.35294117647058826,0.07692307692307693,4.019999999999982,1.480000000000011,0.29411764705882354,0.23529411764705882,3.8425000000000025,6.7175974710221285,5.136986301369863,0.47043320704990954,0.4000000000000057,0.24000000000000554,0.09090909090909091,0.2727272727272727,0.8181818181818182,1.4920000000000015,-0.20636363636363605,0.6470588235294118,2.427999999999999,1.2000000000000028,0.7800000000000011,-1.647999999999998,0.4259747102212856,0.4670706006322443,0.2355110642781882,0.6971428571428574,1.272000000000003,1.9933333333333332,1.0399999999999991,56.704,38.688,0.0553213909378293,0.19757639620653317
call_4affad158a4c,synthetic,val,164.7,15.0,12.0,32.60000000000002,89.28000000000002,0.19793564055859153,0.5420765027322406,2.1733333333333347,2.1418704183234074,0.9855231986150641,1.019999999999996,0.519999999999996,5.7040000000000015,7.440000000000001,8.373915850226025,14.0,4.308571428571428,2.355537115402943,0.5467095426996222,2.9400000000000035,8.027999999999999,8.62,9.79423153843993,1.136221756199528,1.0,0.6000000000000085,0.3642987249544627,0.01840490797546037,1.0,0.0,0.06666666666666667,0.0,3.2200000000000024,0.5,0.4666666666666667,0.13333333333333333,0.7099999999999992,5.464480874316941,4.371584699453552,0.26747620610436507,2.81500000000001,0.7600000000000073,0.0,0.0,0.0,1.161538461538463,0.4037802197802197,0.9333333333333333,2.546666666666666,2.586666666666664,5.615,3.0683333333333342,0.2954462659380692,0.1887067395264119,0.10965391621129346,0.6000000000000085,0.6000000000000085,1.1800000000000068,0.0,29.705,39.766999999999996,0.0,0.014571948998178508
call_4b1bec58d02d,synthetic,train,213.5,53.0,11.0,107.05999999999997,73.27999999999997,0.5014519906323184,0.3432318501170959,2.0199999999999996,2.4490306129969515,1.2123913925727485,0.9799999999999898,0.46000000000000796,4.284000000000005,6.661818181818179,6.395154157189246,29.0,10.276551724137926,8.550802453112349,0.8320692273681572,7.819999999999993,24.10799999999998,1.9500000000000002,1.43776268502891,0.737314197450723,26.0,26.200000000000045,7.306791569086651,0.24472258546609427,24.0,2.0,0.4528301886792453,0.18181818181818182,1.759999999999998,0.5199999999999818,0.37735849056603776,0.07547169811320754,2.2342307692307686,14.894613583138174,3.0913348946135835,0.5936564267494733,12.579999999999991,5.259999999999994,0.0,0.034482758620689655,0.13793103448275862,4.907857142857141,0.3308669950738912,0.5471698113207547,7.9319999999999995,8.975555555555554,13.791999999999991,5.859999999999991,0.5424824355971897,0.5537236533957847,0.40814988290398074,1.0076923076923094,2.3799999999999977,6.194166666666669,1.2599999999999927,25.14,38.242,0.0,0.10679156908665106
call_4baef170cf46,human,train,150.9,13.0,12.0,45.29999999999998,86.37999999999998,0.30019880715705755,0.5724320742213385,3.4846153846153833,2.4549874365481923,0.70452178090787,2.719999999999999,0.6399999999999978,7.368,7.1983333333333315,5.30687892163453,9.0,1.9088888888888909,1.8425371664844532,0.9652406576461037,1.2600000000000051,3.7280000000000064,6.216666666666666,4.087467295146089,0.6575014415784595,5.0,5.879999999999988,1.9880715705765406,0.12980132450331106,4.0,1.0,0.3076923076923077,0.08333333333333333,3.460000000000008,1.8400000000000034,0.15384615384615385,0.23076923076923078,3.1599999999999966,5.168986083499005,4.7713717693836974,0.3440157958687728,0.9599999999999937,0.539999999999992,0.0,0.4444444444444444,0.7777777777777778,2.182500000000005,0.026333333333333372,0.6923076923076923,1.786666666666668,2.700000000000005,1.2399999999999995,-0.5466666666666684,0.37256461232604365,0.39125248508946303,0.13677932405566592,1.1759999999999977,2.183999999999995,2.814999999999996,3.279999999999994,46.736999999999995,38.255,0.8190854870775348,0.055666003976143144
call_4c278007298d,human,train,130.76,12.0,11.0,43.68,70.94,0.3340471092077088,0.5425206485163658,3.64,4.235445667223226,1.1635839745118752,1.1999999999999993,0.6620000000000034,10.840000000000003,6.449090909090909,3.846446895383879,8.0,1.1575000000000006,0.7060054886472202,0.6099399469954383,0.8599999999999994,1.7260000000000044,7.6909090909090905,5.204273514134069,0.6766785893082123,5.0,3.3999999999999986,2.2942795962067914,0.07783882783882781,4.0,1.0,0.3333333333333333,0.09090909090909091,4.145000000000005,0.5699999999999967,0.25,0.25,4.13090909090909,5.506271030896299,5.047415111654941,0.38108532542313733,0.14000000000000346,0.06000000000000183,0.0,0.75,0.875,0.6428571428571427,-0.04880952380952418,0.6666666666666666,0.8900000000000001,1.6800000000000022,0.8133333333333326,-0.07666666666666755,0.47996329152646083,0.3693790149892934,0.15279902110737223,0.6799999999999997,1.0040000000000007,3.980000000000001,0.09999999999999432,48.947,39.397999999999996,0.33037626185377794,0.03670847353930866
call_4c8c40f7c2fd,human,train,154.62,13.0,14.0,29.00000000000003,82.02,0.18755659035053698,0.5304617772603802,2.230769230769233,1.011156698945561,0.4532771409066303,2.1400000000000006,1.4760000000000049,3.9240000000000053,5.8585714285714285,4.819925691695816,13.0,2.829230769230768,1.5794179138991562,0.5582499423787124,1.8800000000000097,4.200000000000003,9.053333333333331,6.499037535580852,0.7178612889080471,0.0,0.0,0.0,0.0,0.0,0.0,0.0,0.0,0.8200000000000074,0.4399999999999995,0.07692307692307693,0.0,1.293333333333332,5.044625533566163,5.43267365153279,0.26121419564042536,2.13999999999999,0.38000000000000966,0.0,0.0,0.5384615384615384,1.6916666666666698,0.11307692307692291,1.0,2.1399999999999992,3.729999999999997,1.8500000000000014,-0.2899999999999978,0.16880093131548307,0.28094683740783877,0.11292200232828911,0.0,0.0,0.0,0.0,53.232,38.634,0.03104384943733023,0.0
call_4cd5b14fbe3c,synthetic,train,140.74,12.0,12.0,45.040000000000006,77.0,0.3200227369617735,0.5471081426744351,3.753333333333334,2.2952753405395363,0.6115298420620433,3.030000000000001,1.3080000000000012,7.378,6.416666666666667,8.192508095137217,8.0,3.7000000000000015,2.927131701854223,0.7911166761768167,2.1199999999999974,8.219999999999999,7.767272727272727,9.934916471176605,1.2790739838827558,7.0,5.480000000000029,2.984226232769646,0.12166962699822442,4.0,3.0,0.3333333333333333,0.25,3.820000000000001,1.6099999999999994,0.0,0.3333333333333333,2.179999999999999,5.115816399033679,5.115816399033679,0.36905932481153725,1.8850000000000062,0.3799999999999977,0.0,0.0,0.375,4.074285714285716,-0.44571428571428456,0.6666666666666666,5.2,2.1199999999999974,2.2800000000000082,-2.919999999999992,0.44933920704845826,0.3402017905357397,0.1705272133011226,0.782857142857147,1.168000000000005,1.1150000000000038,2.1666666666666656,57.222,38.959999999999994,0.04263180332528066,0.4007389512576382
call_4d8129939686,synthetic,train,150.96,9.0,17.0,28.97999999999998,82.4,0.19197138314785359,0.5458399576046635,3.2199999999999975,2.156540439376611,0.6697330557070227,2.6799999999999926,0.7119999999999976,5.892000000000002,4.847058823529412,5.880151823475993,8.0,3.007500000000003,1.3419365670552386,0.4461966972752244,2.8900000000000006,4.406000000000001,10.110000000000003,3.6058702139705474,0.3566637204718641,3.0,1.5,1.192368839427663,0.05175983436853006,1.0,2.0,0.1111111111111111,0.11764705882352941,4.3999999999999915,1.8799999999999955,0.1111111111111111,0.3333333333333333,2.5250000000000035,3.5771065182829886,6.756756756756757,0.2601903393787034,1.7700000000000014,0.8800000000000026,0.125,0.125,0.125,1.2199999999999986,-0.39023809523809483,0.8888888888888888,3.7800000000000002,3.7733333333333383,1.726666666666669,-2.053333333333331,0.22972972972972971,0.2603338632750395,0.08585055643879158,0.5,0.8560000000000031,1.0599999999999987,0.5700000000000003,52.219,39.848,0.10333863275039747,0.055643879173290944
call_4e60206f7e8a,human,train,99.98,11.0,12.0,33.52000000000001,48.87999999999998,0.33526705341068225,0.48889777955591096,3.0472727272727282,2.4244852908648133,0.7956246479568299,2.1400000000000006,0.4399999999999977,7.040000000000006,4.0733333333333315,2.9382912645882393,8.0,2.329999999999999,1.9574473172987312,0.8401061447634043,1.4000000000000004,4.749999999999995,4.915999999999999,4.108934655114389,0.8358288558003235,5.0,3.040000000000001,3.0006001200240044,0.09069212410501193,3.0,2.0,0.2727272727272727,0.16666666666666666,2.83,1.240000000000002,0.18181818181818182,0.18181818181818182,3.034,6.60132026405281,7.201440288057611,0.40679611650485453,1.2500000000000013,0.5599999999999996,0.0,0.25,0.625,2.405714285714286,0.40095238095238017,0.7272727272727273,1.4866666666666664,2.9933333333333345,2.5999999999999943,1.113333333333328,0.3590718143628726,0.5091018203640728,0.1376275255051012,0.6080000000000002,0.9520000000000006,0.933333333333333,0.3800000000000008,50.762,38.562,0.2520504100820164,0.048009601920384073
call_4e9cec0da4ea,synthetic,train,136.52,10.0,9.0,36.22,69.76000000000002,0.26530911221799003,0.51098740111339,3.622,2.8989991376335382,0.8003862886895468,3.0600000000000023,0.6119999999999983,6.470000000000001,7.751111111111113,5.7747350962705415,9.0,2.646666666666665,0.5117290949972116,0.19334852455814053,2.6400000000000006,3.1399999999999952,9.835555555555556,5.4403658192178215,0.5531325392336239,3.0,1.480000000000004,1.3184881336067973,0.040861402540033245,1.0,2.0,0.1,0.2222222222222222,4.209999999999999,2.289999999999999,0.3,0.3,2.919999999999999,4.394960445355991,3.955464400820392,0.3417625967163615,0.5799999999999912,0.3199999999999932,0.0,0.0,0.0,0.6299999999999955,-0.09199999999999982,0.9,2.6499999999999986,2.8749999999999982,2.3399999999999985,-0.31000000000000005,0.356431292118371,0.2622326399062406,0.17726340462935852,0.4933333333333347,0.6599999999999994,17.14,0.9400000000000013,57.528999999999996,38.562,0.03515968356284793,0.07031936712569586
call_4f0dad5104b3,human,train,151.94,29.0,14.0,56.71999999999995,90.78000000000003,0.37330525207318643,0.5974726865868107,1.9558620689655155,2.289408171139102,1.1705366178250003,1.4200000000000017,0.4159999999999968,3.3959999999999972,6.484285714285717,3.7029577257062143,12.0,1.7116666666666676,1.7727654165800446,1.0356954721986624,1.0099999999999993,4.166000000000005,3.1914285714285735,3.497788805890406,1.0959947019352205,22.0,14.619999999999973,8.68763985783862,0.25775740479548637,17.0,5.0,0.5862068965517241,0.35714285714285715,2.019999999999989,0.980000000000004,0.41379310344827586,0.06896551724137931,2.152857142857146,11.451888903514545,5.5284980913518496,0.3845423728813557,1.1000000000000103,0.42000000000000304,0.16666666666666666,0.5,0.75,2.243636363636363,0.04860139860139887,0.41379310344827586,1.1600000000000008,2.0666666666666678,1.9400000000000006,0.7799999999999998,0.2768197972884033,0.3908121626958009,0.45228379623535525,0.6645454545454533,1.462000000000002,3.6788235294117655,0.583999999999999,46.565,38.687,2.4404370146110304,0.09477425299460313
call_51851f91f064,human,train,131.2,17.0,11.0,30.479999999999993,81.96000000000001,0.23231707317073166,0.6246951219512197,1.7929411764705878,1.6052845256540957,0.8953358574842399,1.2199999999999989,0.39200000000000407,4.651999999999998,7.450909090909092,5.834713445554597,11.0,1.4618181818181852,1.1737261426121697,0.8029221124834476,1.0400000000000027,2.180000000000007,4.3812500000000005,4.254235940506827,0.971009629787578,7.0,3.339999999999999,3.2012195121951224,0.10958005249343832,6.0,1.0,0.35294117647058826,0.09090909090909091,2.039999999999999,0.7600000000000051,0.47058823529411764,0.0,1.55125,7.774390243902439,5.0304878048780495,0.27107790821771605,0.4399999999999906,0.23999999999999133,0.0,0.36363636363636365,0.8181818181818182,1.2020000000000024,0.020000000000000864,0.6470588235294118,1.046666666666668,1.8233333333333366,1.000000000000007,-0.04666666666666086,0.2958841463414633,0.24984756097560987,0.15121951219512186,0.477142857142857,0.6039999999999998,2.486666666666665,0.45999999999999375,45.774,40.885,0.6859756097560976,0.01829268292682927
call_5273f6be303c,human,train,164.14,19.0,15.0,36.33999999999999,100.75999999999999,0.22139636895333248,0.6138662117704399,1.9126315789473678,1.4471490742882378,0.7566271989949512,1.539999999999992,0.4559999999999945,3.6120000000000028,6.7173333333333325,4.801565670579638,14.0,2.861428571428572,2.992404329877465,1.0457728561728532,1.0599999999999974,7.534000000000004,6.598888888888889,4.66811630923472,0.707409442382766,6.0,3.6799999999999886,2.1932496649201902,0.10126582278480985,5.0,1.0,0.2631578947368421,0.06666666666666667,2.349999999999998,1.059999999999992,0.3157894736842105,0.05263157894736842,1.6522222222222238,6.9452906055806025,5.483124162300475,0.26506199854121076,4.3300000000000045,0.24999999999999512,0.07142857142857142,0.35714285714285715,0.6428571428571429,2.384615384615387,0.2929670329670336,0.7368421052631579,1.895999999999998,1.2550000000000008,5.112000000000004,3.2160000000000055,0.299378579261606,0.1531619349335933,0.21164859266479807,0.6133333333333314,0.9899999999999949,6.815999999999995,2.0600000000000023,43.982,40.253,0.3216766175216279,0.021932496649201903
call_52ba7c3bd761,synthetic,train,145.34,9.0,13.0,39.56000000000001,74.24,0.2721893491124261,0.510802256777212,4.395555555555557,2.55787720629219,0.5819235302484758,4.820000000000007,1.479999999999994,7.079999999999998,5.71076923076923,2.9134765422309807,7.0,1.9428571428571406,0.299986394249293,0.15440476174595982,1.8200000000000003,2.3479999999999905,11.18,5.408363893082636,0.4837534788088225,2.0,1.999999999999993,0.8256501995321315,0.050556117290191924,2.0,0.0,0.2222222222222222,0.0,4.999999999999998,2.259999999999991,0.1111111111111111,0.4444444444444444,2.2950000000000017,3.7154258978945918,5.366726296958855,0.34762741652021095,0.4500000000000046,0.17999999999999972,0.0,0.0,0.5714285714285714,0.2266666666666648,0.12071428571428441,0.7777777777777778,1.72,1.8500000000000014,2.3699999999999903,0.6499999999999904,0.365487821659557,0.30328883996146955,0.14779138571625175,0.9999999999999964,1.255999999999994,1.3199999999999967,0.0,23.364,39.548,0.0,0.049539011971927886
call_52bfee0220ab,synthetic,train,164.46,14.0,13.0,54.72000000000001,69.24000000000001,0.3327252827435243,0.4210142283838016,3.9085714285714297,3.4007790223982037,0.8700823522217624,2.5299999999999976,0.6839999999999968,8.09600000000001,5.326153846153847,5.341969585579317,12.0,7.023333333333331,4.643122751865266,0.6610995849831895,4.419999999999995,14.589999999999996,7.452307692307692,9.33910731514458,1.2531832689603584,3.0,2.5799999999999983,1.0944910616563297,0.0471491228070175,2.0,1.0,0.14285714285714285,0.07692307692307693,6.095000000000001,1.7899999999999991,0.14285714285714285,0.35714285714285715,2.9876923076923094,5.107624954396206,4.742794600510762,0.44143272023233304,5.639999999999999,2.0,0.0,0.0,0.0,3.7072727272727293,-0.3618181818181816,0.8571428571428571,10.039999999999997,5.527999999999997,3.219999999999999,-6.8199999999999985,0.44837650492520975,0.2787303903684787,0.27106895293688454,0.8599999999999994,1.216000000000004,1.1999999999999993,0.27999999999999403,50.626000000000005,38.316,0.08755928493250638,0.036483035388544326
call_54a09817b7e2,synthetic,train,124.62,11.0,13.0,26.47999999999999,64.47999999999999,0.212485957310223,0.517412935323383,2.4072727272727263,1.5177800230425713,0.6304977437110382,2.019999999999996,0.7600000000000051,4.299999999999997,4.959999999999999,5.074667097834709,10.0,2.3420000000000014,0.3898153408987385,0.16644549141705306,2.200000000000003,2.788000000000001,8.680000000000001,6.1688183633496605,0.71069335983291,3.0,2.3799999999999955,1.4443909484833894,0.08987915407854971,1.0,2.0,0.09090909090909091,0.15384615384615385,3.1800000000000024,1.259999999999991,0.09090909090909091,0.0,1.3759999999999972,5.296100144439095,6.259027443428021,0.29111697449428314,0.7349999999999959,0.3400000000000034,0.0,0.0,0.2,0.45333333333333314,-0.03599999999999982,0.9090909090909091,2.5,2.256000000000003,2.3200000000000003,-0.17999999999999972,0.30476649012999524,0.21184400577756357,0.12084737602311015,0.7933333333333318,1.143999999999997,1.2600000000000051,2.6400000000000006,58.678,40.029,0.019258545979778528,0.20221473278767452
call_565b6523733e,human,train,123.96,14.0,13.0,30.24000000000001,76.51999999999998,0.24394966118102623,0.6172959019038399,2.1600000000000006,2.0287082448832163,0.9392167800385258,1.509999999999991,0.49000000000000626,5.232000000000004,5.886153846153845,4.51143084664097,12.0,1.248333333333336,0.7821959828301035,0.6265922425875315,1.0300000000000011,2.3280000000000074,6.427692307692307,3.924491449359352,0.6105599430549495,3.0,3.3800000000000185,1.4520813165537272,0.11177248677248736,2.0,1.0,0.14285714285714285,0.07692307692307693,1.6499999999999937,0.8699999999999974,0.2857142857142857,0.14285714285714285,1.926153846153845,6.776379477250726,6.292352371732817,0.2832521543649308,0.2499999999999929,0.10000000000000142,0.0,0.4166666666666667,0.8333333333333334,0.7581818181818178,0.09559440559440545,0.8571428571428571,1.0533333333333343,0.8350000000000062,1.6960000000000008,0.6426666666666665,0.35140367860600197,0.22700871248789903,0.15343659244917757,1.126666666666673,1.940000000000002,5.890000000000006,1.0400000000000063,47.1,39.444,0.48402710551790906,0.038722168441432725
call_568b5e814bc3,human,train,153.6,21.0,14.0,40.68000000000002,82.92,0.26484375000000016,0.5398437500000001,1.9371428571428582,2.179097984765917,1.12490308948093,0.8600000000000065,0.379999999999999,5.219999999999999,5.922857142857143,5.494209196406483,14.0,2.812857142857143,2.5252282176113146,0.8977449224621229,1.6600000000000001,5.205999999999998,4.981999999999998,3.8085897652543252,0.7644700452136344,9.0,3.6400000000000006,3.515625,0.08947885939036378,7.0,2.0,0.3333333333333333,0.14285714285714285,1.8599999999999994,0.4799999999999969,0.42857142857142855,0.14285714285714285,2.3249999999999997,8.203125,5.46875,0.3291262135922331,2.969999999999999,0.9400000000000013,0.0,0.21428571428571427,0.5714285714285714,3.1969230769230776,0.03178021978021986,0.6666666666666666,2.7719999999999994,3.4440000000000013,2.0749999999999993,-0.6970000000000001,0.32578125000000013,0.3058593750000002,0.16289062500000007,0.4044444444444445,0.5800000000000018,6.0457142857142845,0.1600000000000037,52.596000000000004,40.183,0.203125,0.015625
call_569ffb0869eb,human,val,134.38,16.0,10.0,36.060000000000024,68.82,0.2683435034975445,0.512129781217443,2.2537500000000015,2.5094891785979074,1.113472735928078,1.1400000000000006,0.35999999999999943,6.670000000000002,6.882,4.357397847339623,9.0,3.3355555555555574,1.9602443788189687,0.5876815259617159,2.8200000000000003,5.536000000000005,5.749333333333333,5.483039870566527,0.9536827233128236,7.0,3.7399999999999984,3.125465098973062,0.10371602884082075,7.0,0.0,0.4375,0.0,1.969999999999997,0.7600000000000016,0.375,0.1875,2.470666666666665,7.143920226224141,4.464950141390088,0.343821510297483,2.4000000000000004,1.1199999999999974,0.0,0.0,0.3333333333333333,2.480000000000003,-0.08833333333333299,0.5625,3.7266666666666683,3.866666666666667,2.413333333333336,-1.3133333333333321,0.3186486084238726,0.36895371335020105,0.11742818871855973,0.534285714285714,0.7719999999999994,1.6200000000000006,0.0,46.257000000000005,39.784000000000006,0.5983033189462719,0.10715880339336212
call_56f58de34ea0,synthetic,train,159.18,13.0,15.0,30.740000000000013,87.58000000000004,0.1931147129036312,0.5501947480839304,2.3646153846153855,2.037708424015018,0.8617504720948349,1.3799999999999955,0.5480000000000018,4.568,5.838666666666669,3.6299088448915966,12.0,2.7716666666666634,1.2355689197918303,0.4457855393115448,2.219999999999997,4.877999999999995,8.363333333333333,4.274559106569421,0.5111071072024018,2.0,1.3800000000000097,0.7538635506973238,0.04489264801561513,1.0,1.0,0.07692307692307693,0.06666666666666667,2.6799999999999926,0.8799999999999955,0.23076923076923078,0.07692307692307693,2.659999999999996,4.900113079532605,5.653976630229928,0.25980392156862747,1.3099999999999952,0.42999999999999794,0.0,0.0,0.3333333333333333,1.5890909090909078,0.08986013986013955,0.9230769230769231,2.4400000000000004,3.1799999999999926,2.6949999999999967,0.25499999999999634,0.22427440633245385,0.21296645307199405,0.14210327930644565,0.6900000000000048,0.8420000000000087,1.8400000000000034,1.0600000000000023,23.793999999999997,38.69,0.0,0.045231813041839423
call_578504f9f39e,synthetic,train,147.56,8.0,10.0,38.98000000000001,80.71999999999997,0.26416373000813237,0.5470317159121711,4.872500000000001,2.583213841322469,0.5301618966285209,4.380000000000006,2.2620000000000005,7.881999999999999,8.071999999999997,4.55887003543641,7.0,2.2714285714285722,0.32068803583316025,0.14118341200202017,2.280000000000001,2.6960000000000006,13.928571428571427,8.397740220816939,0.6029146825201905,1.0,0.6800000000000068,0.40661425860666844,0.017444843509492217,1.0,0.0,0.125,0.0,3.9999999999999982,2.0299999999999994,0.125,0.375,2.682857142857139,3.2529140688533476,4.066142586066685,0.3256474519632416,0.44999999999999574,0.35999999999999943,0.0,0.0,0.2857142857142857,0.4933333333333323,-0.01285714285714233,0.875,2.2133333333333334,2.539999999999999,2.0900000000000034,-0.12333333333332996,0.30712930333423694,0.34792626728110604,0.13743561940905405,0.6800000000000068,0.6800000000000068,3.5,0.0,60.135,40.229,0.0,0.05692599620493359
call_57f113803718,human,train,173.08,14.0,14.0,31.959999999999987,103.61999999999998,0.18465449503119935,0.5986826900855095,2.282857142857142,1.5467912804596886,0.6775681453828426,2.010000000000005,0.49799999999999256,4.6560000000000015,7.4014285714285695,5.841963780812622,11.0,2.6290909090909094,1.5233781512597382,0.5794315236465117,1.8400000000000034,5.040000000000006,8.256923076923076,6.295829369957645,0.7624909801513825,3.0,1.960000000000015,1.0399815114397966,0.061326658322904126,3.0,0.0,0.21428571428571427,0.0,2.2499999999999987,1.3199999999999994,0.2857142857142857,0.07142857142857142,1.8769230769230747,4.853247053385717,4.853247053385717,0.2357279834783891,1.2099999999999973,0.480000000000004,0.0,0.0,0.5454545454545454,1.5360000000000007,0.21818181818181823,0.7857142857142857,1.7319999999999993,3.440000000000005,3.344999999999999,1.6129999999999995,0.19505431014559743,0.24069794314767742,0.11821123180032317,0.6533333333333383,0.9840000000000075,2.1000000000000063,0.0,39.64,38.995000000000005,0.15946383175410214,0.09013173099144904
call_5823cd70919d,synthetic,train,145.54,10.0,13.0,32.83999999999999,65.61999999999995,0.22564243506939666,0.4508726123402498,3.283999999999999,1.8348362324741692,0.5587199246267265,3.4600000000000026,1.004000000000002,5.180000000000001,5.047692307692303,4.214250830120531,9.0,3.6111111111111143,0.7930313773313741,0.21960868910714956,3.7200000000000024,4.424000000000005,11.03111111111111,4.565085965953242,0.4138373659707814,3.0,1.4599999999999937,1.2367733956300675,0.04445797807551748,1.0,2.0,0.1,0.15384615384615385,3.350000000000005,1.6199999999999966,0.1,0.3,2.066666666666668,4.1225779854335585,5.359351381063625,0.33353646150721117,1.2799999999999798,0.5400000000000027,0.0,0.0,0.0,0.6825000000000003,-0.2399999999999985,0.9,4.3533333333333335,3.520000000000001,2.960000000000008,-1.3933333333333255,0.20104438642297642,0.29448948742613734,0.18139343135907618,0.4866666666666646,0.5,1.1599999999999966,0.7800000000000011,47.727000000000004,40.221000000000004,0.05771609179606982,0.0
call_58a0f7394bc3,synthetic,train,149.58,11.0,11.0,45.75999999999999,69.4,0.30592325177162716,0.4639657708249766,4.159999999999999,2.660116197051959,0.639451008906721,3.280000000000001,0.7800000000000011,7.199999999999996,6.3090909090909095,5.440002430723808,11.0,3.1545454545454557,1.2345655373918798,0.3913608331789819,2.6799999999999926,5.100000000000001,9.172,6.586970168446189,0.7181607248633002,2.0,1.2400000000000038,0.8022462896109105,0.027097902097902186,0.0,2.0,0.0,0.18181818181818182,3.66,2.280000000000001,0.09090909090909091,0.45454545454545453,3.2699999999999982,4.412354592860008,4.412354592860008,0.39736019451198323,0.539999999999992,0.3200000000000074,0.0,0.0,0.0,1.2899999999999963,-0.21036363636363598,1.0,4.33,2.6400000000000006,2.365000000000002,-1.964999999999998,0.38347372643401506,0.3778580024067387,0.1564380264741275,0.6200000000000019,0.7320000000000002,0.0,6.659999999999999,56.063,37.388999999999996,0.04813477737665463,0.01604492579221821
call_58ed2170e352,human,val,133.64,15.0,15.0,30.580000000000002,80.63999999999999,0.22882370547740202,0.6034121520502843,2.038666666666667,1.8207759029844635,0.8931209465260611,1.5799999999999983,0.532,4.700000000000004,5.3759999999999994,4.484671374062242,11.0,1.8436363636363624,2.1963079463138393,1.1912912923793022,1.0,1.759999999999998,5.764285714285714,4.105119998743231,0.7121645598811058,6.0,3.9999999999999982,2.693804250224484,0.13080444735120988,4.0,2.0,0.26666666666666666,0.13333333333333333,1.8099999999999987,0.9999999999999964,0.26666666666666666,0.06666666666666667,2.1714285714285713,6.73451062556121,6.73451062556121,0.27495054846250677,0.8399999999999999,0.3200000000000003,0.0,0.36363636363636365,0.9090909090909091,1.647999999999999,0.06872727272727287,0.7333333333333333,1.0149999999999988,2.8999999999999986,0.8599999999999994,-0.15499999999999936,0.284196348398683,0.28105357677342074,0.12122119126010221,0.6666666666666664,0.8600000000000005,2.5549999999999997,2.619999999999999,44.09,37.827,0.47590541753965887,0.0897934750074828
call_5a6307557d57,human,train,144.06,15.0,13.0,34.85999999999999,82.75999999999999,0.2419825072886297,0.5744828543662363,2.3239999999999994,1.4422057181045063,0.6205704466886861,2.0,0.5440000000000027,4.188000000000004,6.366153846153845,4.502179879640422,13.0,2.2215384615384606,1.4922664546245195,0.6717265896855527,1.3599999999999994,4.572,6.684285714285715,7.077324670367746,1.0588004422435182,3.0,1.7200000000000095,1.2494793835901707,0.049340218014917094,2.0,1.0,0.13333333333333333,0.07692307692307693,2.2300000000000004,1.2199999999999989,0.26666666666666666,0.06666666666666667,1.8742857142857094,6.247396917950853,5.414410662224073,0.296378166978405,2.2800000000000047,0.5799999999999983,0.0,0.15384615384615385,0.6153846153846154,2.3816666666666646,0.053626373626374055,0.8666666666666667,2.289999999999998,1.6466666666666612,2.5500000000000043,0.26000000000000645,0.35818408996251583,0.21199500208246577,0.15576842982090747,0.5733333333333365,0.8000000000000028,2.5000000000000018,1.4800000000000004,54.926,39.089,0.09162848812994585,0.06663890045814244
call_5a7a7e3c9588,synthetic,train,145.16,14.0,9.0,48.160000000000004,61.79999999999999,0.33177183797189314,0.42573711766326805,3.4400000000000004,2.436566671129099,0.70830426486311,2.3699999999999974,1.3640000000000014,7.107999999999999,6.866666666666665,4.392721252253549,12.0,8.488333333333333,5.307777050915216,0.6253026174257077,6.560000000000002,16.69,4.972307692307693,5.58886001014677,1.1239972173871906,2.0,1.8200000000000074,0.8266740148801323,0.037790697674418755,2.0,0.0,0.14285714285714285,0.0,2.4250000000000043,1.1900000000000013,0.0,0.21428571428571427,2.4061538461538463,5.786718104160926,3.720033066960595,0.4379774463441252,7.989999999999993,2.950000000000003,0.0,0.0,0.0,6.71818181818182,-0.1583916083916083,0.8571428571428571,9.620000000000001,8.799999999999999,4.880000000000003,-4.739999999999998,0.41499035546982654,0.43607054284926966,0.14425461559658315,0.9100000000000037,1.0300000000000025,1.1900000000000048,0.0,28.525000000000002,39.219,0.0,0.05786718104160926
call_5c9d19646f57,human,train,65.64,14.0,6.0,24.499999999999986,43.84,0.37324801950030445,0.667885435709933,1.749999999999999,1.8931719414781112,1.0818125379874928,0.7099999999999991,0.42599999999999555,4.9440000000000035,7.3066666666666675,5.570489705183518,6.0,2.340000000000001,1.803367220876915,0.7706697525115017,1.8900000000000006,4.6,2.4184615384615396,2.599875281487545,1.075012043872076,11.0,6.979999999999993,10.054844606946983,0.2848979591836734,8.0,3.0,0.5714285714285714,0.5,1.7749999999999941,0.3000000000000025,0.5714285714285714,0.14285714285714285,2.2523076923076935,12.79707495429616,5.484460694698354,0.35850160959906335,2.6649999999999974,1.359999999999998,0.16666666666666666,0.3333333333333333,0.5,3.115999999999996,0.42742857142857194,0.42857142857142855,0.4400000000000004,3.0799999999999996,2.1800000000000033,1.7400000000000029,0.41864716636197435,0.46526508226691043,0.23583180987202873,0.634545454545454,1.1199999999999974,5.5825,2.1400000000000006,44.537,37.962,2.906764168190128,0.10968921389396707
call_5d86f0ca06aa,synthetic,train,129.04,7.0,9.0,24.079999999999988,73.26,0.1866088034717916,0.5677309361438314,3.439999999999998,2.222533946390277,0.6460854495320576,4.359999999999999,0.7519999999999982,5.767999999999995,8.14,5.496293700708183,7.0,2.902857142857144,0.3056475227500865,0.10529196157729354,2.980000000000004,3.2039999999999993,11.626666666666667,2.7659035092031394,0.23789307705302232,0.0,0.0,0.0,0.0,0.0,0.0,0.0,0.0,4.480000000000002,1.5399999999999991,0.14285714285714285,0.42857142857142855,2.4166666666666603,3.254804711717297,4.1847489150650965,0.24738031641668368,0.29999999999999716,0.1600000000000037,0.0,0.0,0.0,0.38333333333333286,-0.07785714285714233,1.0,3.09,3.0333333333333337,2.520000000000003,-0.5699999999999967,0.26131432114073155,0.26363918164910083,0.03487290762554247,0.0,0.0,0.0,0.0,25.230999999999998,38.245000000000005,0.0,0.0
call_5e4539a471f6,synthetic,val,96.24,19.0,16.0,66.53999999999995,20.799999999999983,0.691396508728179,0.21612635078969228,3.502105263157892,3.843232711290093,1.0974063948679265,1.4600000000000009,0.719999999999996,8.547999999999998,1.299999999999999,1.9773214205080574,17.0,3.862352941176472,4.0770513125105845,1.0555874552646956,3.200000000000003,9.364,1.4200000000000024,0.921713380371336,0.649093929838968,12.0,13.219999999999981,7.4812967581047385,0.19867748722572875,2.0,10.0,0.10526315789473684,0.625,3.7699999999999925,0.7000000000000028,0.10526315789473684,0.2631578947368421,4.296666666666668,11.845386533665836,9.975062344139651,0.7618502404396611,2.1000000000000014,1.9000000000000057,0.17647058823529413,0.23529411764705882,0.4117647058823529,4.497499999999999,-0.18053921568627426,0.8947368421052632,4.784,3.0680000000000014,3.7714285714285745,-1.0125714285714253,0.6440149625935162,0.7662094763092264,0.6639650872817946,1.101666666666665,3.302000000000001,1.799999999999994,1.8319999999999994,20.086000000000002,23.862000000000002,0.0,1.034912718204489
call_5f7a4b3e8ca9,human,train,111.84,23.0,10.0,37.20000000000002,59.98,0.3326180257510731,0.5363018597997138,1.6173913043478267,1.8231201572442968,1.1271979466833013,0.6799999999999997,0.3719999999999999,4.963999999999998,5.997999999999999,3.101863310979389,7.0,1.4628571428571437,0.4183544049765276,0.285984456526923,1.3799999999999955,1.8960000000000012,2.9481818181818173,1.8789615999841187,0.6373289423319554,17.0,9.700000000000003,9.120171673819742,0.26075268817204295,16.0,1.0,0.6956521739130435,0.1,1.3799999999999955,0.259999999999998,0.5652173913043478,0.13043478260869565,1.9754545454545445,12.339055793991415,5.364806866952789,0.38279481374768487,0.25999999999999934,0.18000000000000682,0.0,0.0,0.8571428571428571,0.5099999999999979,0.04499999999999977,0.30434782608695654,1.270000000000001,1.5866666666666684,1.4699999999999989,0.19999999999999796,0.2966738197424893,0.34388412017167364,0.35729613733905635,0.5705882352941178,0.8720000000000085,3.2562500000000005,0.5799999999999983,49.403,39.56700000000001,1.6738197424892705,0.1072961373390558
call_6058d9c5c82f,synthetic,val,153.18,13.0,14.0,32.07999999999999,88.97999999999999,0.20942681812247024,0.580885233059146,2.467692307692307,1.692436358745097,0.6858376765488238,2.799999999999997,0.5440000000000047,4.748000000000001,6.355714285714285,5.131054910035162,11.0,1.8563636363636378,0.40459345986878686,0.21794946418005154,1.700000000000001,2.3200000000000003,7.113333333333334,3.691190714239633,0.5189115343354684,3.0,2.700000000000003,1.1750881316098707,0.08416458852867842,2.0,1.0,0.15384615384615385,0.07142857142857142,2.6599999999999966,1.7800000000000011,0.23076923076923078,0.07692307692307693,1.7116666666666667,5.09204857030944,5.483744614179397,0.26499256566991575,0.5200000000000067,0.37999999999999723,0.0,0.0,0.5454545454545454,0.6500000000000016,-0.01999999999999975,0.8461538461538461,1.9333333333333342,1.9000000000000004,1.7550000000000026,-0.17833333333333168,0.27105366235801015,0.2608695652173912,0.09635722679200943,0.9000000000000009,1.2400000000000007,1.25,0.46000000000000085,51.373999999999995,39.28,0.07833920877399139,0.14884449667058364
call_60ffdefc5f5a,human,train,211.48,19.0,15.0,31.280000000000015,146.18,0.14790996784565924,0.6912237563835825,1.646315789473685,1.0747837507160796,0.6528417923147539,1.5,0.4879999999999999,3.0880000000000014,9.745333333333333,6.263564338475517,13.0,1.2292307692307682,0.524689821021929,0.4268440346235971,1.0,1.7560000000000007,8.723333333333333,6.402132457236418,0.73390895573975,6.0,2.9599999999999977,1.7022886324947986,0.09462915601023006,6.0,0.0,0.3157894736842105,0.0,2.1300000000000026,0.9599999999999937,0.3684210526315789,0.0,1.3166666666666669,5.390580669566862,4.255721581236997,0.17626507381945233,0.35999999999999943,0.1600000000000037,0.0,0.46153846153846156,0.9230769230769231,0.5916666666666651,0.035934065934065645,0.6842105263157895,1.068,1.169999999999997,1.8100000000000023,0.7420000000000022,0.19973519954605634,0.1602988462265937,0.0836958577643277,0.49333333333333296,0.5899999999999963,3.683333333333332,0.0,34.97,38.67700000000001,0.17022886324947986,0.062417249858142614
call_624a4731ab56,human,train,183.52,20.0,18.0,72.00000000000006,88.93999999999997,0.3923278116826507,0.48463382737576266,3.6000000000000028,3.3134996604798364,0.9204165723555094,2.940000000000005,0.8260000000000005,6.788000000000009,4.941111111111109,3.148463273988492,16.0,2.441250000000001,2.8419928637313654,1.1641547828904717,0.9199999999999982,5.5,4.964210526315786,4.111583528711704,0.828245197683656,10.0,7.400000000000027,3.269398430688753,0.10277777777777806,4.0,6.0,0.2,0.3333333333333333,3.0899999999999928,1.730000000000004,0.1,0.2,3.8168421052631576,6.538796861377506,5.884917175239756,0.44737169131353327,3.9250000000000034,0.48999999999999133,0.1875,0.5,0.6875,3.7026666666666666,-0.19144117647058803,0.8,3.933333333333334,1.6519999999999981,1.4400000000000035,-2.4933333333333305,0.47558849171752404,0.495095902353967,0.2062990409764611,0.7400000000000027,1.1839999999999975,1.5300000000000011,2.423333333333337,46.442,37.649,0.5427201394943331,0.039232781168265035
call_63a156c6b8d9,human,train,122.26,10.0,14.0,21.780000000000005,70.74000000000001,0.17814493701946674,0.5786029772615737,2.1780000000000004,1.0068743715081827,0.46229309986601586,2.2200000000000015,0.7079999999999955,3.5259999999999962,5.052857142857143,4.623014521424967,9.0,1.1800000000000013,0.17333333333333523,0.1468926553672331,1.1800000000000068,1.3800000000000012,8.777777777777777,2.96062222355661,0.337286076101386,1.0,1.2999999999999998,0.490757402257484,0.05968778696051421,1.0,0.0,0.1,0.0,1.1499999999999897,0.659999999999993,0.2,0.0,1.4622222222222205,4.90757402257484,6.870603631604776,0.23540856031128407,0.2400000000000011,0.1200000000000081,0.0,0.1111111111111111,1.0,0.29500000000000204,0.012666666666667225,0.9,1.1199999999999994,1.1800000000000015,1.2700000000000031,0.15000000000000369,0.23114673646327497,0.1987567479142814,0.10453132668084385,1.2999999999999998,1.2999999999999998,1.2999999999999998,0.0,48.964,40.238,0.13741207263209554,0.0
call_64637c20ee66,human,val,146.64,30.0,17.0,50.21999999999996,85.24000000000001,0.342471358428805,0.5812875068194219,1.6739999999999988,1.584905044474276,0.9467772069738812,1.0600000000000023,0.45799999999999413,3.8340000000000107,5.014117647058824,4.223885942677362,10.0,1.8,1.822701292038827,1.0126118289104595,1.2099999999999973,5.123999999999999,3.297931034482759,3.043683543419904,0.9229069715514137,21.0,16.520000000000003,8.592471358428805,0.3289526085225013,20.0,1.0,0.6666666666666666,0.058823529411764705,1.4550000000000054,0.5799999999999983,0.4,0.06666666666666667,1.5958620689655205,12.274959083469723,6.955810147299509,0.3707367488557506,1.1000000000000045,0.6000000000000014,0.2,0.4,0.8,2.4644444444444478,0.17454545454545398,0.3333333333333333,0.9799999999999999,2.1300000000000026,2.1799999999999975,1.1999999999999975,0.35188216039279885,0.31792144026186553,0.3576104746317508,0.7866666666666668,1.360000000000003,3.9760000000000035,0.39999999999997726,45.875,38.176,2.037643207855974,0.049099836333878884
call_65a7cdefc22d,human,train,131.78,26.0,15.0,35.68000000000002,81.22,0.27075428744877844,0.6163302473820003,1.3723076923076931,1.0896728785504934,0.7940441379571976,0.88,0.46999999999999886,3.4300000000000015,5.414666666666666,4.6937204385812725,14.0,2.6914285714285735,2.3031371683698145,0.8557303704134124,1.7699999999999996,6.2780000000000005,3.6943999999999995,3.159506391827685,0.8552150259386329,17.0,11.880000000000015,7.740173015632114,0.3329596412556056,12.0,5.0,0.46153846153846156,0.3333333333333333,1.134999999999998,0.41000000000000114,0.46153846153846156,0.0,1.3528000000000007,11.837911670966761,6.829564425557748,0.305218135158255,3.445000000000001,1.3199999999999985,0.14285714285714285,0.2857142857142857,0.5,2.6615384615384605,-0.0019340659340652243,0.5384615384615384,3.057499999999999,2.395000000000005,1.8200000000000074,-1.2374999999999918,0.46592806192138436,0.1956290787676427,0.15070572165730808,0.6988235294117656,1.2119999999999955,3.5333333333333328,0.8200000000000015,40.103,39.888000000000005,1.3294885415085749,0.22765214751859159
call_6756c4a91509,synthetic,train,184.58,11.0,15.0,44.22000000000004,92.84000000000006,0.2395709177592374,0.5029797377830754,4.020000000000004,3.574017347467692,0.8890590416586289,2.1199999999999974,1.3200000000000003,9.780000000000001,6.189333333333337,4.879327093861292,11.0,3.6090909090909067,0.9723584687426448,0.2694192230773073,3.3999999999999986,4.939999999999998,12.779999999999996,8.365008069332625,0.6545389725612384,3.0,1.3600000000000083,0.9751869108245746,0.030755314337404048,0.0,3.0,0.0,0.2,3.8299999999999983,0.8399999999999963,0.0,0.2727272727272727,4.0500000000000025,3.575685339690107,4.875934554122874,0.3226324237560193,1.220000000000006,0.740000000000002,0.0,0.0,0.0,1.2159999999999982,-0.11890909090909216,1.0,3.8400000000000007,4.560000000000002,2.8449999999999918,-0.995000000000009,0.3079423556181602,0.19720446418896942,0.21356593347058256,0.4533333333333361,0.5240000000000024,0.0,3.5800000000000036,59.025999999999996,38.495,0.032506230360819156,0.026004984288655327
call_678ee1dd2242,human,val,166.7,14.0,10.0,48.90000000000001,82.82000000000001,0.29334133173365334,0.4968206358728255,3.4928571428571438,2.604957988614974,0.7457957431617511,2.8399999999999963,0.7320000000000018,6.008000000000001,8.282,5.584510363496519,13.0,4.5538461538461545,4.543779413764135,0.9977893982927997,1.9399999999999995,11.428000000000004,7.836923076923076,6.239077082408637,0.7961130945358489,1.0,0.36000000000001364,0.3599280143971206,0.007361963190184326,1.0,0.0,0.07142857142857142,0.0,3.665000000000001,1.9099999999999975,0.14285714285714285,0.2857142857142857,3.2953846153846147,5.038992201559688,3.599280143971206,0.37124202854539934,4.379999999999999,0.5800000000000001,0.0,0.07692307692307693,0.5384615384615384,4.199999999999999,-0.07868131868131854,0.9285714285714286,4.046666666666666,7.780000000000005,1.2666666666666657,-2.7800000000000002,0.3408518296340733,0.38152369526094765,0.15764847030593918,0.36000000000001364,0.36000000000001364,5.640000000000015,0.0,46.131,39.769999999999996,0.07198560287942411,0.0
call_68544c09a58b,synthetic,train,158.86,7.0,16.0,13.260000000000012,72.82,0.08346972176759418,0.4583910361324436,1.8942857142857161,0.8729401410153613,0.46082812874114054,1.5999999999999943,0.9880000000000024,2.900000000000003,4.55125,5.787080303356778,6.0,2.4299999999999993,1.1844970803397228,0.48744735816449514,1.6900000000000013,4.089999999999996,15.97333333333333,6.872977682360257,0.430278235540083,1.0,0.7200000000000131,0.37769104872214526,0.05429864253393759,1.0,0.0,0.14285714285714285,0.0,1.6699999999999982,0.8399999999999892,0.0,0.0,1.4233333333333296,2.6438373410550167,6.043056779554324,0.15404275092936814,1.845000000000006,0.1800000000000015,0.0,0.0,0.6666666666666666,1.3839999999999981,0.4931428571428558,0.8571428571428571,1.5099999999999998,2.4266666666666694,4.279999999999987,2.769999999999987,0.0744051365982627,0.12010575349364218,0.05589827521087765,0.7200000000000131,0.7200000000000131,0.7200000000000131,0.0,0.0,39.449,0.0,0.08309203071887196
call_6971b2685c1d,human,val,97.42,9.0,5.0,20.259999999999998,54.58,0.20796551016218434,0.5602545678505441,2.251111111111111,1.4571543382332908,0.6473044937857659,1.9799999999999986,0.6920000000000016,4.092000000000006,10.916,4.0773795506427915,9.0,4.706666666666667,3.8606159554604185,0.820244183171477,3.5,10.847999999999999,6.805,8.214443073026922,1.2071187469547278,0.0,0.0,0.0,0.0,0.0,0.0,0.0,0.0,1.980000000000004,1.160000000000002,0.2222222222222222,0.1111111111111111,2.0575000000000028,5.543009648942722,3.079449804968179,0.2707108498129342,3.1400000000000006,1.8599999999999994,0.0,0.0,0.3333333333333333,3.2250000000000014,0.31899999999999995,1.0,3.2720000000000007,8.146666666666667,1.5600000000000023,-1.7119999999999984,0.2282898788749744,0.3157462533360705,0.0798603982755081,0.0,0.0,0.0,0.0,39.349,38.498999999999995,0.09854239375898173,0.0
call_6afd8cabf618,synthetic,train,152.04,11.0,11.0,35.24,78.65999999999998,0.23178111023414893,0.5173638516179951,3.2036363636363636,2.8469034939969835,0.8886475151522933,2.240000000000002,0.5600000000000023,7.820000000000004,7.1509090909090895,3.978682866901042,10.0,3.0079999999999973,2.725864266613436,0.9062048758688293,2.1199999999999974,4.559999999999998,8.422,5.084316669917405,0.6036946889001906,1.0,0.5799999999999983,0.3946329913180742,0.01645856980703741,1.0,0.0,0.09090909090909091,0.0,4.610000000000007,1.6799999999999997,0.45454545454545453,0.2727272727272727,3.3000000000000007,4.3409629044988165,4.3409629044988165,0.3093942054433715,0.5000000000000044,0.3200000000000003,0.0,0.1,0.4,2.391111111111113,-0.5124848484848493,0.9090909090909091,5.566666666666666,2.149999999999997,1.593333333333329,-3.973333333333337,0.32123125493291255,0.24230465666929757,0.13180741910023666,0.5799999999999983,0.5799999999999983,3.739999999999995,0.0,29.127000000000002,38.217,0.0,0.02367797947908445
call_6b0cc9c966a1,human,train,153.0,16.0,12.0,38.39999999999999,92.82,0.2509803921568627,0.6066666666666666,2.3999999999999995,2.927763651663159,1.2199015215263165,1.039999999999992,0.3899999999999997,6.009999999999998,7.734999999999999,5.540632484954525,11.0,1.360000000000002,0.9521268059168659,0.7000932396447533,1.3399999999999963,1.6799999999999997,7.566666666666666,5.777688888205117,0.7635712187055221,6.0,3.0000000000000036,2.3529411764705883,0.07812500000000011,5.0,1.0,0.3125,0.08333333333333333,2.4049999999999994,0.6499999999999924,0.375,0.125,3.3413333333333326,6.274509803921569,4.705882352941177,0.2926383173296754,0.6200000000000045,0.3399999999999963,0.18181818181818182,0.2727272727272727,0.9090909090909091,1.0259999999999985,-0.010727272727272362,0.6875,1.3999999999999981,1.5760000000000018,1.0700000000000038,-0.3299999999999943,0.3176470588235296,0.32392156862745075,0.11137254901960769,0.5000000000000006,0.7500000000000026,7.192,2.960000000000001,43.277,39.482,0.42352941176470593,0.00784313725490196
call_6b31fbd81fc3,synthetic,train,162.5,41.0,6.0,117.28000000000004,49.63999999999999,0.7217230769230772,0.30547692307692303,2.86048780487805,2.6983372940183554,0.9433136856646702,1.4799999999999969,0.759999999999998,6.400000000000006,8.273333333333332,1.2990594888439684,31.0,16.516129032258064,8.459777194282308,0.5122130723100616,16.96,25.919999999999998,1.0304999999999993,0.6902461517458823,0.6698167411410798,15.0,33.640000000000036,5.538461538461538,0.2868349249658938,10.0,5.0,0.24390243902439024,0.8333333333333334,4.320000000000007,0.6999999999999993,0.07317073170731707,0.2682926829268293,2.588000000000002,15.138461538461538,2.215384615384615,0.7026120297148335,11.589999999999998,6.199999999999999,0.03225806451612903,0.03225806451612903,0.03225806451612903,4.599333333333333,0.44920967741935475,0.7560975609756098,14.88,14.86909090909091,19.964,5.083999999999998,0.7166769230769232,0.7460923076923078,0.7024000000000005,2.2426666666666693,4.8160000000000025,4.246000000000003,2.096000000000001,18.080999999999996,37.248999999999995,0.1476923076923077,0.096
call_6b6499e4474f,synthetic,train,139.18,7.0,10.0,39.96000000000001,62.30000000000002,0.28711021698519906,0.4476217847391868,5.70857142857143,3.2772437398845136,0.5740917462260158,4.82,2.512000000000012,10.192,6.230000000000002,4.996312640337877,6.0,3.723333333333329,0.8065909055332171,0.21663139808412302,3.789999999999999,4.59,14.196666666666667,7.2683736527200855,0.5119774819948405,1.0,0.6400000000000006,0.43109642189969816,0.016016016016016026,1.0,0.0,0.14285714285714285,0.0,4.119999999999994,1.3399999999999963,0.14285714285714285,0.42857142857142855,4.099999999999993,3.0176749532978873,4.310964218996982,0.39076862898494036,1.0000000000000142,0.5900000000000105,0.0,0.0,0.0,1.0000000000000042,-0.24057142857143188,0.8571428571428571,3.8900000000000006,4.049999999999997,3.2299999999999898,-0.6600000000000108,0.3457393303635579,0.33366863055036633,0.1819226900416729,0.6400000000000006,0.6400000000000006,4.540000000000006,0.0,59.858000000000004,37.825,0.008621928437993963,0.025865785313981888
call_6c8d4490f8d7,synthetic,val,129.44,8.0,10.0,45.33999999999999,65.65999999999998,0.35027812113720636,0.5072620519159455,5.667499999999999,3.9363045804408987,0.6945398465709571,4.789999999999999,1.7199999999999975,10.051999999999998,6.565999999999998,6.367857096386507,6.0,1.8100000000000005,0.20453198608856715,0.11300109728650116,1.8700000000000045,2.0199999999999996,10.6,10.415565275106296,0.9826004976515373,3.0,3.1400000000000006,1.3906056860321385,0.0692545213939127,2.0,1.0,0.25,0.1,4.000000000000014,2.350000000000005,0.0,0.375,2.6142857142857134,3.708281829419036,4.635352286773795,0.40846846846846846,0.31500000000000483,0.14999999999999503,0.0,0.0,0.6666666666666666,0.260000000000003,0.038285714285714284,0.75,1.660000000000002,2.0199999999999996,1.75,0.08999999999999808,0.44700247218788625,0.41795426452410395,0.18587762669962876,1.0466666666666669,1.3799999999999955,1.4799999999999969,0.6400000000000006,58.964,39.283,0.0834363411619283,0.19468479604449937
call_6d88a2e95795,human,train,153.5,28.0,12.0,40.63999999999998,96.71999999999997,0.26475570032573276,0.6300977198697066,1.4514285714285706,1.7437023711584712,1.2013697439083961,0.6799999999999997,0.354000000000001,2.9720000000000004,8.059999999999997,7.370395737905351,14.0,1.7642857142857156,1.7880424822602365,1.0134653745604572,0.9200000000000017,3.5760000000000005,3.815555555555556,6.141714884980831,1.6096515423653894,14.0,7.800000000000014,5.4723127035830625,0.19192913385826815,14.0,0.0,0.5,0.0,1.2599999999999838,0.31000000000000205,0.5357142857142857,0.07142857142857142,1.5370370370370394,10.944625407166125,4.690553745928339,0.2958648806057076,1.1250000000000029,0.370000000000001,0.07142857142857142,0.5714285714285714,0.7142857142857143,2.212307692307694,-0.12399999999999983,0.5,2.4480000000000017,1.5228571428571425,0.9000000000000057,-1.547999999999996,0.4205863192182411,0.32286644951140087,0.05081433224755633,0.5571428571428582,0.6879999999999996,3.2942857142857145,0.0,45.544,38.324,1.3680781758957656,0.007817589576547232
call_6dfa70c50ea5,synthetic,train,131.88,31.0,10.0,78.27999999999999,43.15999999999999,0.5935699120412495,0.327267212617531,2.5251612903225804,2.9700134364502646,1.176167814639221,1.1400000000000006,0.41999999999999815,4.899999999999999,4.315999999999999,3.4676770322508395,17.0,16.42117647058824,12.873671208347014,0.7839676549000544,15.16000000000001,33.02,1.5826666666666673,1.271888185162341,0.8036361742811755,16.0,17.419999999999995,7.279344858962694,0.22253449156872762,14.0,2.0,0.45161290322580644,0.2,2.139999999999997,0.6400000000000006,0.16129032258064516,0.0967741935483871,3.0300000000000007,14.103730664240219,4.549590536851683,0.6445981554677207,24.100000000000005,13.00000000000001,0.0,0.0,0.23529411764705882,4.417499999999999,2.512990196078432,0.5483870967741935,2.2266666666666657,5.866666666666672,23.170909090909095,20.94424242424243,0.6000909918107372,0.573703366696997,0.6069153776160144,1.0887499999999997,2.2300000000000004,3.575714285714286,1.3299999999999983,21.201,37.403000000000006,0.0,0.3639672429481347
call_6e83cb807322,human,train,165.04,13.0,12.0,51.30000000000001,89.45999999999998,0.310833737275812,0.5420504120213281,3.9461538461538472,4.709645648048004,1.1934774546710338,2.1799999999999926,0.5120000000000005,10.492000000000006,7.454999999999998,4.100870842475616,9.0,1.0533333333333355,0.3055050463303896,0.2900364363896098,1.0,1.448000000000001,8.598333333333334,3.2672461220762354,0.379985980470196,4.0,2.799999999999997,1.454192922927775,0.05458089668615978,4.0,0.0,0.3076923076923077,0.0,3.259999999999991,1.6199999999999903,0.3076923076923077,0.23076923076923078,4.9700000000000015,4.7261269995152695,4.362578768783325,0.36445012787723796,0.4399999999999977,0.21999999999999886,0.0,0.4444444444444444,1.0,0.4224999999999981,-0.04733333333333274,0.6923076923076923,1.0599999999999987,1.3300000000000054,0.8600000000000042,-0.19999999999999452,0.35033931168201643,0.44183228308288874,0.14032961706253078,0.6999999999999993,1.0640000000000016,4.079999999999995,0.0,49.885999999999996,39.853,0.19631604459524965,0.07270964614638876
call_70101b573bb2,synthetic,train,163.68,19.0,18.0,51.88000000000004,73.33999999999997,0.3169599217986317,0.44806940371456483,2.7305263157894757,1.966159691764128,0.7200661939768389,2.9599999999999937,0.5999999999999986,5.376000000000004,4.074444444444443,6.085950324971824,16.0,4.074999999999998,2.576756682343135,0.6323329281823646,2.4599999999999973,6.399999999999999,3.8533333333333317,3.5731840764847873,0.9272969056621424,8.0,4.599999999999996,2.9325513196480935,0.08866615265998444,3.0,5.0,0.15789473684210525,0.2777777777777778,2.9600000000000115,1.7399999999999949,0.21052631578947367,0.15789473684210525,2.435555555555558,6.964809384164222,6.598240469208211,0.4143108129691745,3.7649999999999926,0.5400000000000027,0.0,0.0,0.125,2.8320000000000003,-0.0654705882352945,0.8421052631578947,4.105714285714286,4.286666666666665,3.5799999999999934,-0.5257142857142925,0.3339442815249268,0.40102639296187687,0.21590909090909144,0.5749999999999995,0.9640000000000017,3.213333333333337,1.8559999999999999,49.881,38.424,0.19794721407624633,0.036656891495601175
call_70de89818ee5,synthetic,train,170.0,19.0,12.0,60.02,66.81999999999996,0.35305882352941176,0.39305882352941157,3.1589473684210527,2.0166827758183867,0.6384034112054207,2.019999999999982,1.0600000000000023,5.884000000000011,5.568333333333331,3.7997583987523287,16.0,7.896250000000002,5.644626731458866,0.714849039918805,4.570000000000007,16.89,5.4222222222222225,5.925211253201167,1.0927643704674281,4.0,4.480000000000004,1.4117647058823528,0.07464178607130963,3.0,1.0,0.15789473684210525,0.08333333333333333,3.3399999999999945,1.1999999999999886,0.0,0.2631578947368421,2.21,6.705882352941176,4.235294117647059,0.4731945758435826,8.494999999999997,1.9400000000000048,0.0,0.0,0.0,5.117333333333332,-0.45202941176470557,0.8421052631578947,9.197142857142856,8.950000000000005,2.753333333333335,-6.44380952380952,0.3735294117647057,0.4431764705882356,0.242470588235294,1.120000000000001,1.3340000000000045,1.3199999999999978,1.0,22.849,37.483000000000004,0.0,0.09882352941176471
call_716d56beca2a,human,train,211.42,27.0,20.0,51.979999999999954,136.88000000000002,0.24586131870210934,0.6474316526345664,1.9251851851851836,1.510335676131415,0.7845144912571804,1.1200000000000045,0.5559999999999995,4.243999999999994,6.844000000000001,5.242482617996934,16.0,1.7587499999999965,1.4458296709847926,0.8220779934526201,1.2899999999999885,3.589999999999989,6.0853846153846165,5.937118072425136,0.9756356331883043,14.0,12.239999999999979,3.973134045974837,0.2354751827626008,11.0,3.0,0.4074074074074074,0.15,2.249999999999999,0.6000000000000085,0.2962962962962963,0.037037037037037035,1.743846153846153,7.662472802951472,5.6759057799640535,0.27523032934448777,0.4400000000000013,0.22999999999998622,0.0,0.1875,0.8125,1.5426666666666629,0.01902941176470481,0.5925925925925926,1.849999999999999,1.1800000000000033,2.0533333333333226,0.2033333333333236,0.31586415665499956,0.19780531643174662,0.22391448301958192,0.8742857142857128,1.1500000000000088,2.9363636363636347,1.1466666666666707,40.317,40.123000000000005,1.594929524169899,0.017027717339892157
call_71fec5a6b017,synthetic,train,101.24,11.0,14.0,25.840000000000007,49.800000000000026,0.2552350849466615,0.49190043461082605,2.3490909090909096,2.1112919549432894,0.8987697950609976,1.480000000000004,0.5600000000000023,6.32,3.557142857142859,2.448484745923569,8.0,1.762499999999998,0.17788690227220175,0.10092873887784508,1.7099999999999973,2.01,5.779999999999999,3.7783064989489676,0.653686245492901,4.0,2.480000000000004,2.3706045041485577,0.09597523219814254,3.0,1.0,0.2727272727272727,0.07142857142857142,1.6099999999999959,0.7000000000000028,0.18181818181818182,0.18181818181818182,1.4299999999999968,6.519162386408534,8.297115764519953,0.3416181914331041,0.1949999999999994,0.09999999999999432,0.0,0.0,0.875,0.22571428571428293,-0.0030952380952384523,0.7272727272727273,1.7400000000000002,1.7099999999999973,1.7999999999999972,0.059999999999996945,0.36882655077044635,0.1764124851837223,0.22046621888581588,0.620000000000001,0.9620000000000013,0.7066666666666682,0.35999999999999943,49.992000000000004,38.653999999999996,0.13038324772817067,0.1185302252074279
call_743448b8a861,synthetic,val,103.24,14.0,19.0,28.5,52.97999999999997,0.2760557923285548,0.5131731886865554,2.0357142857142856,2.8368310143682565,1.3935310246019506,1.0099999999999962,0.6039999999999979,4.212000000000005,2.7884210526315774,1.7327959249292813,3.0,2.4133333333333336,0.09843215373488952,0.040786804033794,2.3999999999999986,2.5120000000000005,4.630769230769231,2.869431628358216,0.6196447037982858,12.0,10.620000000000001,6.974041069352964,0.3726315789473685,11.0,0.0,0.7857142857142857,0.0,0.6199999999999981,0.2899999999999978,0.21428571428571427,0.14285714285714285,2.0599999999999996,8.13638124757846,11.042231693142194,0.3497790868924891,0.1200000000000001,0.09999999999999787,0.0,0.0,0.0,0.16999999999999904,-0.07000000000000117,0.21428571428571427,2.420000000000001,2.3999999999999986,0.0,-2.420000000000001,0.4170864006199147,0.24196048043394058,0.16912049593180914,0.8850000000000001,1.1800000000000068,1.3509090909090906,0.0,58.708,41.019999999999996,0.1743510267338241,1.0809763657497096
call_74b20933dd43,human,val,148.14,28.0,13.0,41.84,90.49999999999996,0.28243553395436755,0.6109085999729983,1.4942857142857144,1.6819958989491128,1.1256186704248363,0.6799999999999964,0.31999999999999906,4.384000000000006,6.961538461538458,5.232357677367374,16.0,2.2412499999999995,2.335759713134036,1.0421683048004626,0.8399999999999999,5.989999999999998,3.9081481481481473,3.367624766900955,0.8616932212502445,14.0,8.74000000000002,5.6703118671526935,0.20889101338432167,12.0,2.0,0.42857142857142855,0.15384615384615385,1.3299999999999899,0.36000000000000143,0.5357142857142857,0.07142857142857142,1.713333333333334,11.340623734305387,5.265289590927502,0.3161553574127249,2.8099999999999965,0.31000000000000805,0.0625,0.5625,0.6875,2.3186666666666635,-0.06597058823529427,0.5714285714285714,2.208,2.7228571428571433,1.4399999999999977,-0.7680000000000025,0.34062373430538684,0.29607128392061505,0.21061158363710075,0.6242857142857157,1.2620000000000064,5.730000000000003,0.8399999999999954,39.49,38.027,1.7334953422438235,0.06480356419603078
call_750153d8eb40,human,train,140.48,27.0,12.0,56.780000000000015,79.60000000000002,0.40418564920273364,0.5666287015945333,2.1029629629629634,2.107142728936447,1.0019875604312092,1.2000000000000028,0.4719999999999984,4.636000000000005,6.6333333333333355,5.6856857301667825,15.0,4.109333333333333,3.673500540659035,0.8939407545406478,1.6599999999999966,9.292,3.031538461538461,3.6372735904242375,1.1998111310711772,15.0,21.160000000000014,6.406605922551254,0.3726664318421981,12.0,3.0,0.4444444444444444,0.25,1.9899999999999949,0.740000000000002,0.37037037037037035,0.1111111111111111,1.663846153846154,11.531890660592257,5.125284738041003,0.4163367062619152,5.139999999999997,1.259999999999998,0.06666666666666667,0.26666666666666666,0.5333333333333333,3.9200000000000004,-0.40742857142857153,0.5555555555555556,6.2714285714285705,2.1150000000000038,2.3199999999999967,-3.9514285714285737,0.7232346241457859,0.36033599088838275,0.12898633257403233,1.4106666666666676,3.959999999999998,4.006666666666667,1.1533333333333324,27.805000000000003,39.301,1.7084282460136677,0.08542141230068338
call_7519d635bbbb,synthetic,train,150.04,12.0,13.0,31.340000000000003,89.56,0.20887763263129835,0.5969074913356439,2.611666666666667,2.5454201792413156,0.9746344017516204,1.5399999999999991,0.514,7.164,6.889230769230769,5.528731196129294,10.0,1.9960000000000004,0.20972362766269223,0.10507195774683978,2.0400000000000014,2.2419999999999956,7.579999999999999,4.962514025627076,0.6546852276552871,4.0,1.9400000000000084,1.5995734470807785,0.061901723037651825,2.0,2.0,0.16666666666666666,0.15384615384615385,2.6149999999999967,0.9699999999999989,0.25,0.16666666666666666,3.2309090909090896,4.798720341242335,5.19861370301253,0.2592224979321754,0.16999999999999638,0.09999999999999787,0.0,0.0,0.3,0.2866666666666644,-0.020363636363636216,0.8333333333333334,2.0499999999999994,2.0280000000000014,1.9066666666666663,-0.1433333333333331,0.19874700079978666,0.33631031724873384,0.09157557984537452,0.4850000000000021,0.6760000000000037,9.120000000000001,2.1800000000000033,53.782,39.53999999999999,0.03199146894161557,0.07198080511863503
call_7601ac7d4fbf,synthetic,train,143.68,7.0,9.0,52.00000000000002,64.40000000000002,0.36191536748329634,0.4482182628062362,7.4285714285714315,5.648917541242312,0.7604312074749263,5.340000000000003,2.8000000000000034,13.616000000000007,7.155555555555558,3.955494381549435,7.0,2.614285714285714,0.6159512305104563,0.23560976030454617,2.4200000000000017,3.487999999999998,8.769999999999996,2.7070463608885644,0.3086711928037133,1.0,0.1799999999999926,0.4175946547884187,0.003461538461538318,0.0,1.0,0.0,0.1111111111111111,4.73,2.9399999999999977,0.14285714285714285,0.5714285714285714,5.173333333333335,2.923162583518931,3.7583518930957682,0.4467353951890035,0.6499999999999995,0.3400000000000034,0.0,0.0,0.14285714285714285,0.6933333333333319,0.10285714285714187,1.0,2.4000000000000012,2.44,3.0899999999999963,0.6899999999999951,0.5203229398663697,0.4223273942093544,0.14309576837416493,0.1799999999999926,0.1799999999999926,0.0,0.1799999999999926,56.557,38.412000000000006,0.01670378619153675,0.0
call_76856257e3ef,synthetic,train,61.0,9.0,9.0,22.340000000000003,23.04,0.36622950819672134,0.3777049180327869,2.4822222222222226,2.331035906000105,0.9390923524619939,1.980000000000004,0.7599999999999995,4.384000000000004,2.56,2.1719832207250387,7.0,5.434285714285715,2.0551458560880578,0.3781814141066352,6.540000000000001,7.567999999999998,3.495,4.117289763910235,1.1780514345952031,4.0,2.860000000000001,3.934426229508197,0.12802148612354525,2.0,2.0,0.2222222222222222,0.2222222222222222,1.9199999999999946,1.1200000000000045,0.1111111111111111,0.1111111111111111,2.2425000000000015,8.852459016393443,8.852459016393443,0.49228735125606,3.5199999999999996,1.219999999999997,0.0,0.0,0.0,3.169999999999998,0.6078571428571429,0.7777777777777778,4.380000000000001,5.579999999999998,6.040000000000002,1.660000000000001,0.48098360655737704,0.26163934426229546,0.35606557377049153,0.7150000000000003,0.8479999999999996,1.3599999999999994,3.8300000000000036,53.337,39.405,0.17704918032786884,0.2557377049180328
call_7744ab92baa3,human,train,179.7,32.0,14.0,51.040000000000084,116.41999999999999,0.2840289371174184,0.6478575403450194,1.5950000000000026,1.661723502872845,1.0418329171616565,0.7299999999999995,0.342000000000003,4.316000000000004,8.315714285714284,7.849269951754123,10.0,2.3619999999999965,1.8421389741276315,0.7799064242708019,1.669999999999991,4.263999999999997,3.697419354838707,3.255802728174218,0.8805608495323751,24.0,13.520000000000055,8.013355592654426,0.26489028213166205,22.0,2.0,0.6875,0.14285714285714285,2.009999999999992,0.3500000000000014,0.5625,0.03125,1.6335483870967744,10.684474123539234,4.674457429048415,0.30478920339185517,1.394999999999996,0.46999999999999176,0.0,0.1,0.7,2.362222222222222,-0.15042424242424315,0.3125,2.368571428571427,1.779999999999987,2.6299999999999955,0.26142857142856846,0.3909849749582642,0.19065108514190368,0.2704507512520874,0.5633333333333356,1.0559999999999987,5.953636363636366,0.8599999999999959,44.831,39.412000000000006,1.3689482470784642,0.10684474123539234
call_794031bf2233,synthetic,train,155.86,35.0,5.0,116.02,43.80000000000001,0.7443859874246117,0.28102142948800213,3.314857142857143,3.661145309816565,1.1044654873606257,1.480000000000004,0.8000000000000028,8.408000000000008,8.760000000000002,4.153591217248034,23.0,17.630434782608692,12.351271534000707,0.7005653397830243,17.439999999999984,33.752,1.050588235294118,0.7141467190516095,0.6797589151107143,14.0,29.440000000000015,5.389452072372642,0.2537493535597312,12.0,2.0,0.34285714285714286,0.4,4.379999999999992,0.5600000000000023,0.05714285714285714,0.2857142857142857,3.1135294117647065,13.473630180931604,1.9248043115616575,0.7259416843949443,23.230000000000004,12.080000000000013,0.08695652173913043,0.08695652173913043,0.13043478260869565,6.358181818181818,1.1329051383399202,0.6571428571428571,6.493333333333335,15.840000000000003,21.608333333333324,15.114999999999988,0.741306300526113,0.7782625433080969,0.7135891184396254,2.102857142857144,4.328000000000004,5.953333333333334,4.980000000000004,11.631999999999998,36.099999999999994,0.08469138970871294,0.06929295521621967
call_7a250598cb8b,synthetic,train,152.14,14.0,11.0,43.39999999999999,78.63999999999997,0.2852635730248455,0.5168923360063098,3.099999999999999,3.1946383654044936,1.0305285049691917,2.3900000000000006,0.5319999999999979,6.252000000000005,7.149090909090907,5.656715163969368,11.0,2.7054545454545464,2.573403701631411,0.9511908843395669,1.9399999999999977,2.92,7.546153846153847,6.799503984694017,0.9010555739145995,3.0,2.6600000000000037,1.1831208097804655,0.061290322580645255,3.0,0.0,0.21428571428571427,0.0,2.535000000000001,1.3899999999999988,0.21428571428571427,0.14285714285714285,3.3815384615384647,5.521230445642172,4.338109635861707,0.35562110783349726,0.5499999999999998,0.3599999999999923,0.0,0.0,0.6363636363636364,2.056000000000002,-0.2587272727272727,0.7857142857142857,3.7560000000000016,1.6199999999999999,2.0400000000000014,-1.7160000000000002,0.3374523465229392,0.3637439200736164,0.1545944524779809,0.8866666666666679,1.140000000000002,1.1266666666666698,0.0,27.319000000000003,39.262,0.0,0.07887472065203104
call_7a345e2b0f37,synthetic,train,130.96,8.0,8.0,31.780000000000005,71.48,0.24266951740989617,0.545815516188149,3.9725000000000006,2.8259854475916866,0.7113871485441626,3.620000000000001,1.0300000000000098,7.703999999999999,8.935,5.521066473064787,8.0,1.8449999999999998,0.17428425057933442,0.0944630084440837,1.8500000000000014,2.066000000000001,12.571428571428571,5.975061096092727,0.47528895082555783,0.0,0.0,0.0,0.0,0.0,0.0,0.0,0.0,4.64,2.3099999999999987,0.125,0.375,2.879999999999995,3.6652412950519238,3.6652412950519238,0.3077668022467558,0.23499999999999877,0.12000000000000055,0.0,0.0,0.75,0.19428571428571484,0.04619047619047623,1.0,1.7300000000000009,1.8133333333333326,1.9533333333333331,0.22333333333333227,0.29276114844227236,0.3066585216860109,0.12858888210140523,0.0,0.0,0.0,0.0,29.822,38.547,0.0,0.0
call_7ae75e4aa32f,synthetic,train,242.82,16.0,17.0,68.76,104.47999999999998,0.2831727205337287,0.43027757186393206,4.2975,2.6615679119646716,0.619329357059842,3.7900000000000027,1.0700000000000074,7.920000000000002,6.145882352941175,5.397087513948427,13.0,4.210769230769232,1.1404078996196017,0.27083125127977375,3.9399999999999977,5.32000000000001,10.732,7.937659772670196,0.7396253981243195,5.0,4.12000000000004,1.2354830738818878,0.05991855730075683,3.0,2.0,0.1875,0.11764705882352941,4.125000000000005,2.2100000000000044,0.0625,0.4375,2.994666666666662,3.9535458364220415,4.200642451198419,0.39690602632186567,1.3600000000000207,0.8800000000000026,0.0,0.0,0.0,1.3516666666666686,-0.1487912087912085,0.8125,4.876,3.924999999999997,3.6650000000000063,-1.210999999999994,0.2735359525574502,0.3617494440326166,0.2142327650111194,0.8240000000000081,1.1760000000000077,0.9400000000000001,2.3400000000000034,57.74,37.681,0.02965159377316531,0.10378057820607858
call_7b14e69a57bd,synthetic,train,80.42,19.0,7.0,59.639999999999986,14.340000000000003,0.7416065655309623,0.17831385227555338,3.138947368421052,2.6724124617377023,0.8513721792926955,1.4800000000000004,0.7599999999999966,7.724000000000001,2.048571428571429,2.4419630778268098,18.0,8.612222222222222,7.526788126828923,0.8739658513928565,5.659999999999998,20.048000000000005,0.8888888888888895,0.4621314013338262,0.519897826500554,6.0,9.000000000000004,4.476498383486694,0.15090543259557354,1.0,5.0,0.05263157894736842,0.7142857142857143,4.720000000000001,0.7200000000000095,0.05263157894736842,0.3157894736842105,2.548888888888888,14.175578214374534,5.222581447401144,0.8061638280616382,9.385,5.119999999999999,0.1111111111111111,0.16666666666666666,0.16666666666666666,4.6129411764705885,0.9554798761609908,0.9473684210526315,2.276,6.688571428571428,16.13666666666667,13.86066666666667,0.7052971897537927,0.7582690872917187,0.7612534195473752,1.5000000000000007,3.2599999999999993,2.9799999999999995,2.8080000000000007,11.044,24.006,0.014921661278288983,1.2534195473762744
call_7b1e73c133f8,synthetic,val,124.74,10.0,12.0,24.47999999999999,70.2,0.19624819624819617,0.5627705627705628,2.447999999999999,1.675761319520175,0.6845430226798104,1.8000000000000007,0.9839999999999961,4.007999999999999,5.8500000000000005,5.519773546079584,9.0,2.946666666666667,1.562391329554369,0.5302233018849668,2.3599999999999994,4.704000000000001,7.282222222222223,3.9716377192336556,0.5453881518630287,4.0,2.2599999999999945,1.9240019240019242,0.09232026143790831,1.0,3.0,0.1,0.25,2.199999999999994,0.9600000000000044,0.1,0.1,1.9488888888888865,4.810004810004811,5.772005772005773,0.25855513307984784,2.219999999999999,0.4599999999999973,0.0,0.1111111111111111,0.3333333333333333,2.052499999999998,-0.11200000000000052,0.9,2.210000000000001,3.588000000000001,2.0799999999999983,-0.13000000000000256,0.24434824434824431,0.24146224146224127,0.10293410293410296,0.5649999999999986,0.7160000000000004,7.200000000000003,1.7666666666666657,53.228,39.148,0.10582010582010583,0.04810004810004811
call_7d4f3b80384e,synthetic,train,131.56,8.0,9.0,36.70000000000001,69.39999999999996,0.27896017026451814,0.5275159622985707,4.587500000000001,1.9277950487538877,0.4202278035430817,5.700000000000003,2.1720000000000073,6.040000000000001,7.711111111111107,6.683306640752088,8.0,1.8625000000000018,0.37807902613078304,0.20299545027156116,1.7199999999999989,2.466000000000007,11.977142857142855,7.821460795758797,0.6530322706382584,0.0,0.0,0.0,0.0,0.0,0.0,0.0,0.0,2.2000000000000064,0.41999999999999815,0.125,0.625,2.0428571428571454,3.6485253876558223,4.1045910611128,0.34590009425070706,0.47000000000000197,0.19999999999999662,0.0,0.0,0.75,0.4914285714285714,0.044523809523810416,1.0,1.6599999999999995,1.9133333333333364,2.0900000000000034,0.43000000000000393,0.28671328671328683,0.32623897841289173,0.22392824566737593,0.0,0.0,0.0,0.0,52.863,39.574,0.0,0.0
call_7d5b26105bb5,synthetic,train,128.16,7.0,9.0,33.30000000000002,69.01999999999998,0.25983146067415747,0.5385455680399499,4.75714285714286,3.5574859272313306,0.7478198645831622,3.240000000000002,0.6920000000000073,9.583999999999998,7.668888888888887,6.861714143539816,7.0,2.3400000000000007,0.169705627484772,0.07252377242938972,2.299999999999997,2.532,9.599999999999996,2.5630710745770036,0.266986570268438,0.0,0.0,0.0,0.0,0.0,0.0,0.0,0.0,5.729999999999993,2.6199999999999974,0.2857142857142857,0.42857142857142855,4.009999999999997,3.2771535580524342,4.213483146067415,0.3254495699765444,0.17000000000000126,0.10000000000000853,0.0,0.0,0.0,0.25666666666666754,-0.0021428571428566212,1.0,2.2599999999999993,2.386666666666668,2.3500000000000014,0.09000000000000208,0.38061797752809,0.3066479400749064,0.09222846441947594,0.0,0.0,0.0,0.0,55.370999999999995,38.454,0.0,0.0
call_7f82debeb19b,human,train,127.54,16.0,12.0,31.94000000000002,67.48000000000002,0.2504312372588993,0.5290889132821077,1.9962500000000012,1.7661004890718974,0.8847090740497916,1.3200000000000003,0.47000000000000597,4.7499999999999964,5.623333333333335,5.074917623852519,13.0,1.8107692307692298,1.8286037613371369,1.0098491460230583,1.1400000000000006,3.3400000000000007,6.111999999999999,5.035743175871197,0.8239108599265703,3.0,1.5800000000000032,1.4113219382154618,0.049467752035065815,3.0,0.0,0.1875,0.0,2.164999999999999,0.8499999999999943,0.4375,0.0625,1.7239999999999986,7.52705033714913,5.645287752861847,0.32126332729833035,0.8599999999999923,0.38000000000000966,0.07692307692307693,0.38461538461538464,0.7692307692307693,1.9616666666666667,0.09494505494505481,0.8125,1.2720000000000005,2.446666666666664,1.25,-0.022000000000000464,0.32225184255919714,0.3142543515759763,0.11478751764152445,0.5266666666666677,0.696000000000002,3.1000000000000028,0.0,51.003,39.241,0.14113219382154618,0.009408812921436412
call_802282383eb2,synthetic,train,153.58,8.0,12.0,27.98000000000001,94.00000000000001,0.18218518036202636,0.6120588618309676,3.4975000000000014,2.1883655430480506,0.6256942224583416,2.990000000000009,1.1200000000000039,6.231999999999996,7.833333333333335,7.470423162192502,8.0,2.0924999999999985,0.283714204790667,0.13558623884858648,1.9500000000000002,2.566000000000001,12.477142857142855,7.0652423157024,0.5662548226461737,1.0,0.9399999999999977,0.3906758692538091,0.033595425303788326,0.0,1.0,0.0,0.08333333333333333,4.5899999999999945,1.9100000000000072,0.0,0.375,2.499999999999999,3.1254069540304728,4.688110431045709,0.22938186587965245,0.3100000000000058,0.09000000000000075,0.0,0.0,0.625,0.39142857142857296,0.017857142857142034,1.0,1.993333333333333,2.215,1.8999999999999915,-0.09333333333334148,0.2609714806615443,0.2277640317749709,0.05782002864956389,0.9399999999999977,0.9399999999999977,0.0,2.5799999999999983,55.955,37.416,0.0,0.07813517385076182
call_810c24005ecc,synthetic,val,111.44,10.0,10.0,34.2,53.620000000000005,0.3068916008614501,0.4811557788944724,3.4200000000000004,2.645343077939043,0.7734921280523517,2.4299999999999997,0.4959999999999994,6.630000000000001,5.362,4.038360558444479,8.0,3.1125000000000007,2.2271716929774397,0.7155571704345186,2.240000000000002,4.745999999999999,7.351111111111111,4.966448416780668,0.6756051352936218,3.0,2.1599999999999966,1.615218951902369,0.063157894736842,2.0,1.0,0.2,0.1,4.539999999999997,1.9500000000000028,0.2,0.4,3.4977777777777797,5.384063173007897,5.384063173007897,0.3894329309952175,0.3249999999999895,0.12999999999999545,0.0,0.0,0.125,2.051428571428567,-0.25547619047619063,0.8,4.62,2.1300000000000026,2.2600000000000002,-2.36,0.3022254127781766,0.2894831299353913,0.3289662598707825,0.7199999999999989,0.8959999999999979,4.939999999999998,0.980000000000004,27.868000000000002,39.361000000000004,0.0,0.09691313711414214
call_810e3066a7b4,synthetic,val,130.34,12.0,13.0,26.22000000000001,75.10000000000002,0.20116618075801757,0.5761853613625904,2.185000000000001,2.3695446116641627,1.0844597765053372,1.1800000000000033,0.5,5.780000000000009,5.776923076923079,2.975798237100257,8.0,2.6274999999999986,0.7151879123698899,0.2721933063253626,2.299999999999997,3.524000000000002,6.449090909090907,4.216809337844852,0.6538610475936479,6.0,3.0,2.7620070584624825,0.11441647597254001,4.0,2.0,0.3333333333333333,0.15384615384615385,2.3549999999999915,0.6800000000000033,0.4166666666666667,0.16666666666666666,2.118181818181818,5.524014116924965,5.984348626668712,0.2587840505329649,0.6349999999999936,0.2099999999999973,0.0,0.0,0.0,0.8742857142857169,0.08214285714285585,0.6666666666666666,2.1200000000000006,2.7399999999999984,2.9099999999999966,0.789999999999996,0.23032069970845476,0.2852539512045424,0.08792389136105554,0.5,0.6099999999999994,1.7499999999999991,0.5500000000000007,48.265,38.893,0.1749271137026239,0.07365352155899954
call_81b12145be34,synthetic,train,131.88,16.0,14.0,30.94000000000001,72.63999999999999,0.23460721868365186,0.5508037609948437,1.9337500000000005,1.6138419803376032,0.8345659885391611,1.360000000000003,0.5800000000000018,4.359999999999999,5.188571428571428,4.821841463802062,11.0,2.42,1.873412054854117,0.7741372127496352,1.8200000000000003,2.8599999999999994,6.049333333333332,5.835065799876546,0.9645799757344964,7.0,5.68000000000001,3.1847133757961785,0.18358112475759564,5.0,2.0,0.3125,0.14285714285714285,1.8399999999999865,0.7500000000000018,0.3125,0.125,1.3106666666666664,7.279344858962694,6.369426751592357,0.29870631396022407,0.8399999999999963,0.20000000000000995,0.09090909090909091,0.09090909090909091,0.5454545454545454,1.7800000000000005,-0.1630909090909094,0.6875,2.9600000000000013,2.1449999999999996,1.6199999999999974,-1.3400000000000039,0.25068243858052774,0.25932666060054654,0.19381255686988133,0.8114285714285729,1.3120000000000005,1.236,1.179999999999998,56.653999999999996,39.744,0.12738853503184716,0.39126478616924476
call_81b98c77cf99,human,train,168.82,13.0,14.0,45.85999999999998,95.05999999999999,0.2716502784030327,0.5630849425423528,3.527692307692306,1.6204754945392943,0.4593585134978377,2.6400000000000006,2.0839999999999974,6.232000000000002,6.789999999999999,3.999898212990641,13.0,2.276923076923078,1.657576472840276,0.7279896671257965,1.4599999999999937,4.856000000000003,8.486666666666666,6.548701313152777,0.771645873505826,2.0,1.8599999999999994,0.7108162539983414,0.04055822067160925,0.0,2.0,0.0,0.14285714285714285,2.4400000000000013,0.740000000000002,0.0,0.15384615384615385,1.5116666666666674,4.620305650989219,4.97571377798839,0.3254328697133125,2.879999999999999,0.6199999999999903,0.0,0.3076923076923077,0.6153846153846154,2.131666666666669,-0.01637362637362655,1.0,2.5000000000000018,2.056000000000003,2.273333333333331,-0.22666666666667057,0.3465229238241914,0.313588437388935,0.15483947399597164,0.9299999999999997,1.0980000000000003,0.0,2.620000000000001,48.46,39.355,0.13505508825968487,0.014216325079966828
call_850d796d23a7,synthetic,train,138.36,11.0,11.0,38.120000000000005,74.28,0.2755131540907777,0.5368603642671291,3.465454545454546,2.7480252864933057,0.7929768665117093,3.3400000000000034,0.6400000000000006,6.320000000000007,6.752727272727273,7.476077108057392,11.0,3.1709090909090887,1.6955420401503898,0.5347179599098136,2.759999999999991,4.780000000000001,5.984,4.854876311503726,0.8113095440347136,5.0,2.8799999999999883,2.168256721595837,0.07555089192025152,0.0,5.0,0.0,0.45454545454545453,3.669999999999998,1.7600000000000051,0.2727272727272727,0.18181818181818182,3.2160000000000024,4.770164787510841,4.770164787510841,0.33914590747330964,0.9100000000000001,0.38000000000000966,0.09090909090909091,0.09090909090909091,0.09090909090909091,2.003999999999997,-0.05945454545454585,1.0,3.426666666666667,3.1566666666666627,2.8299999999999983,-0.5966666666666689,0.3516912402428447,0.3542931483087598,0.12055507372072857,0.5759999999999976,0.9599999999999937,0.0,2.0199999999999974,54.346000000000004,40.019,0.11274934952298352,0.060711188204683436
call_8570ae0e7d61,synthetic,train,167.42,14.0,12.0,65.52000000000002,72.64,0.3913510930593718,0.433878867518815,4.6800000000000015,4.676017841833246,0.9991491115028299,3.1799999999999926,0.6080000000000018,9.100000000000005,6.053333333333334,6.123535652618417,12.0,2.5316666666666667,1.8243438698763872,0.7206098235193102,1.960000000000008,3.419999999999999,7.06153846153846,7.410638762205679,1.0494368617502596,5.0,2.539999999999999,1.791900609246207,0.03876678876678874,2.0,3.0,0.14285714285714285,0.25,4.940000000000001,2.669999999999998,0.21428571428571427,0.42857142857142855,5.303076923076917,5.01732170588938,4.300561462190897,0.474232773595831,0.8849999999999927,0.3799999999999999,0.08333333333333333,0.08333333333333333,0.5833333333333334,1.9254545454545415,-0.013636363636363483,0.8571428571428571,2.8771428571428563,1.9500000000000028,2.1133333333333346,-0.7638095238095217,0.4036554772428623,0.5281328395651655,0.24226496237008743,0.5079999999999998,0.8360000000000007,0.6400000000000006,1.446666666666666,61.632999999999996,38.509,0.08601122924381795,0.1433520487396966
call_8834a90f11cd,human,train,127.54,10.0,11.0,31.580000000000013,70.2,0.24760859338246832,0.5504155559040301,3.1580000000000013,1.0012172591400947,0.31704156400889627,3.1700000000000017,1.8240000000000023,4.337999999999997,6.381818181818182,5.282413047396598,10.0,2.3599999999999985,1.7709432514905714,0.7503996828349884,1.2799999999999994,4.629999999999999,8.908888888888889,6.938204129543168,0.7787956743064169,0.0,0.0,0.0,0.0,0.0,0.0,0.0,0.0,1.5850000000000009,0.8299999999999992,0.0,0.0,1.5444444444444472,4.704406460718206,5.174847106790027,0.3102770681862842,2.9249999999999954,0.4599999999999991,0.0,0.2,0.6,2.9199999999999973,-0.15781818181818202,1.0,3.2049999999999996,1.7749999999999986,1.8399999999999963,-1.3650000000000033,0.3109612670534733,0.29872981025560613,0.13313470283832549,0.0,0.0,0.0,0.0,50.037,39.07000000000001,0.018817625842872825,0.0
call_8893de2fe204,synthetic,train,175.92,8.0,9.0,62.860000000000035,93.67999999999999,0.35732150977717164,0.5325147794452023,7.857500000000004,5.6660342171575335,0.7210988504177576,7.170000000000009,0.5080000000000083,16.000000000000004,10.408888888888889,8.985074592461588,6.0,1.693333333333331,0.2348521993841088,0.13869224373077313,1.6400000000000006,1.9699999999999918,10.422857142857138,5.014509559513174,0.4811070026945207,3.0,1.3800000000000097,1.0231923601637107,0.021953547566019867,2.0,1.0,0.25,0.1111111111111111,4.724999999999994,3.7699999999999925,0.25,0.75,6.671428571428571,2.728512960436562,3.069577080491132,0.4015587070397344,0.264999999999997,0.14999999999999858,0.0,0.0,0.8333333333333334,0.17199999999999632,0.12571428571428334,0.75,1.500000000000001,1.759999999999998,2.1399999999999864,0.6399999999999852,0.4276944065484311,0.415075034106412,0.2291950886766719,0.46000000000000324,0.512000000000009,17.52,4.700000000000003,61.152,39.091,0.020463847203274214,0.21145975443383355
call_88cd54e1e505,synthetic,train,131.34,8.0,9.0,32.27999999999999,69.36000000000001,0.24577432617633613,0.5280950205573322,4.034999999999998,3.205803331459994,0.7944989669045838,4.3899999999999935,0.41400000000000287,7.345999999999999,7.706666666666668,7.273929092618682,6.0,3.419999999999998,0.7868926229162394,0.23008556225621046,3.6599999999999984,4.2399999999999975,8.405714285714286,4.806278207103875,0.5717870062836018,3.0,1.5200000000000031,1.3704888076747372,0.04708798017348215,2.0,1.0,0.25,0.1111111111111111,6.1850000000000005,3.120000000000001,0.375,0.5,3.219999999999996,3.6546368204659663,4.111466423024212,0.3175914994096811,1.4249999999999892,0.5799999999999992,0.0,0.0,0.0,0.6440000000000051,-0.3588571428571424,0.75,3.919999999999999,3.433333333333328,2.3800000000000097,-1.5399999999999894,0.3586112380082229,0.327089995431704,0.051621745089081565,0.5066666666666677,0.595999999999998,2.2900000000000027,0.5399999999999991,59.079,38.717,0.06395614435815442,0.08222932846048424
call_88d7858b7921,synthetic,train,142.46,8.0,8.0,51.48000000000002,71.98,0.36136459357012507,0.5052646356872105,6.435000000000002,6.95595967498375,1.0809572144496888,3.890000000000004,0.6700000000000003,15.714000000000002,8.9975,6.521851251753599,6.0,1.9666666666666688,0.19686430746978031,0.100100495323617,2.0200000000000067,2.1700000000000017,11.542857142857141,7.821058960607963,0.6775669891615811,2.0,1.740000000000009,0.8423417099536712,0.033799533799533966,2.0,0.0,0.25,0.0,7.279999999999994,3.0199999999999996,0.25,0.5,6.805714285714292,3.3693668398146848,3.3693668398146848,0.41697715859387663,0.3300000000000023,0.14999999999999503,0.0,0.0,0.5,0.336000000000001,0.06171428571428658,0.75,1.900000000000003,1.9599999999999973,2.0400000000000063,0.14000000000000323,0.4165379755720903,0.5469605503299175,0.12059525480836741,0.8700000000000045,1.0060000000000058,1.0,0.0,59.936,38.117999999999995,0.008423417099536711,0.1516215077916608
call_893d552b156a,human,train,152.82,16.0,13.0,37.51999999999999,88.86,0.2455176024080617,0.5814683941892422,2.3449999999999993,1.744957019527988,0.7441181319948779,2.039999999999999,0.5500000000000007,4.469999999999994,6.835384615384616,6.348815292737829,12.0,1.188333333333333,0.5718075628119031,0.4811844848347012,1.0700000000000074,1.9460000000000006,6.438666666666667,5.897413971865597,0.915937146179167,6.0,3.9599999999999973,2.3557126030624267,0.10554371002132192,4.0,2.0,0.25,0.15384615384615385,2.595000000000004,1.3400000000000034,0.25,0.0625,2.4413333333333314,6.281900274833138,5.104043973301924,0.2968824181041303,0.7800000000000007,0.3799999999999999,0.0,0.4166666666666667,0.9166666666666666,0.6800000000000012,-0.030839160839160273,0.75,1.0999999999999988,1.474999999999996,0.8800000000000097,-0.2199999999999891,0.30310168826069894,0.29250098154691806,0.1409501374165681,0.6599999999999996,0.990000000000002,5.739999999999997,1.33,55.309,40.035,0.11778563015312132,0.2748331370239498
call_8a3996f823e4,human,train,135.92,13.0,11.0,42.64000000000002,70.86000000000003,0.3137139493819896,0.5213360800470868,3.2800000000000016,2.5830572226307,0.7875174459239934,2.960000000000008,0.7319999999999991,6.084,6.441818181818184,4.372612737112715,10.0,4.045999999999998,5.053157824568711,1.2489267979655743,1.3199999999999985,11.383999999999993,7.651666666666666,5.8227568403825885,0.7609788944085283,4.0,2.2199999999999833,1.7657445556209537,0.0520637898686675,3.0,1.0,0.23076923076923078,0.09090909090909091,4.200000000000003,2.1000000000000085,0.15384615384615385,0.3076923076923077,2.248333333333337,5.7386698057681,4.855797527957623,0.3756828193832599,3.0450000000000044,0.36000000000000476,0.0,0.2,0.7,4.364444444444441,0.15406060606060548,0.7692307692307693,2.673333333333332,7.434999999999997,0.8999999999999962,-1.7733333333333356,0.3434373160682755,0.49926427310182486,0.09844025897586835,0.5549999999999958,0.7560000000000008,2.6999999999999935,0.7000000000000028,56.025999999999996,40.039,0.18540317834020015,0.026486168334314306
call_8a570a10920b,synthetic,train,182.72,13.0,17.0,60.17999999999988,90.36000000000003,0.32935639229422,0.4945271453590194,4.62923076923076,4.621026295496346,0.9982276809812666,2.3999999999999773,0.9439999999999885,10.080000000000004,5.315294117647061,6.126522972863503,6.0,3.3466666666666676,0.5399588461684391,0.16134228471168496,3.3700000000000014,3.8699999999999974,6.863333333333341,5.87568908488376,0.8560984582152141,9.0,8.979999999999919,2.955341506129597,0.14921900963775236,7.0,2.0,0.5384615384615384,0.11764705882352941,5.000000000000021,1.4799999999999898,0.07692307692307693,0.38461538461538464,2.935000000000001,4.268826619964974,5.58231173380035,0.39976086090075674,0.23999999999999666,0.14999999999999858,0.0,0.0,0.0,0.6679999999999963,-0.10971428571428411,0.46153846153846156,3.3266666666666658,3.8200000000000003,2.460000000000008,-0.8666666666666578,0.3948117338003503,0.3853984238178633,0.20785901926444642,0.9977777777777688,1.2839999999999918,1.2457142857142816,4.929999999999994,60.589,38.473,0.1510507880910683,0.5253940455341507
call_8a61615c9927,human,train,174.34,25.0,20.0,45.44000000000002,97.85999999999997,0.26064012848457047,0.561316966846392,1.8176000000000008,1.640929687707551,0.9028002243109322,1.0,0.4679999999999964,5.059999999999994,4.892999999999999,3.3360891774651282,16.0,2.506249999999996,2.919475284618797,1.164877919049896,1.1200000000000045,5.649999999999999,5.001666666666666,4.496535394673941,0.8990074097981889,10.0,7.459999999999974,3.441550992313869,0.16417253521126696,9.0,1.0,0.36,0.05,2.0000000000000053,0.5199999999999996,0.32,0.12,1.6583333333333365,8.603877480784673,6.883101984627738,0.31709699930216345,2.1999999999999993,0.48000000000000753,0.0,0.5,0.625,2.0466666666666717,0.2184999999999992,0.64,1.0719999999999998,2.945714285714282,3.5299999999999905,2.4579999999999904,0.2615578754158539,0.2974647241023288,0.22289778593552878,0.7459999999999974,1.3520000000000003,2.491111111111109,0.19999999999998863,37.1,38.431,0.8535046460938396,0.0894803258001606
call_8a9391c1823b,human,train,133.92,18.0,13.0,44.620000000000026,82.67999999999999,0.33318399044205516,0.6173835125448028,2.4788888888888905,2.354970839378057,0.9500106478889512,0.9200000000000019,0.4340000000000039,6.056000000000006,6.359999999999999,4.452214660662197,6.0,1.9100000000000008,1.548967397978411,0.8109776952766546,1.31,3.5000000000000036,4.612941176470587,4.009670317540249,0.8692220785282359,14.0,11.580000000000021,6.272401433691757,0.2595248767368896,12.0,2.0,0.6666666666666666,0.15384615384615385,3.2799999999999994,0.5399999999999994,0.3333333333333333,0.2222222222222222,2.66,8.06451612903226,5.824372759856631,0.3505106048703851,0.6200000000000017,0.370000000000001,0.0,0.3333333333333333,0.8333333333333334,1.040000000000002,0.469142857142858,0.3333333333333333,1.56,2.085000000000001,0.0,-1.56,0.4937275985663084,0.32930107526881763,0.17652329749103965,0.8271428571428586,1.2539999999999991,2.468333333333334,3.63,48.926,38.577,0.8154121863799284,0.40322580645161293
call_8ade6f74aa33,synthetic,train,141.74,11.0,13.0,37.47999999999999,68.18,0.2644278255961619,0.48102158882460844,3.4072727272727263,2.628062165132639,0.7713096002256947,3.0799999999999983,0.6400000000000006,6.859999999999996,5.244615384615385,4.661766940326078,10.0,2.9859999999999984,1.3883817918713883,0.46496376151084695,2.379999999999998,3.6279999999999974,9.274,5.675005198235503,0.6119263746210377,3.0,1.3800000000000026,1.2699308593198815,0.03681963713980797,1.0,2.0,0.09090909090909091,0.15384615384615385,4.09,2.4000000000000057,0.2727272727272727,0.2727272727272727,2.5700000000000007,4.656413150839565,5.503033723719486,0.3547226954381979,0.9300000000000219,0.30999999999999783,0.0,0.0,0.0,1.357777777777779,-0.11454545454545516,0.9090909090909091,2.3600000000000003,3.884999999999998,2.3999999999999986,0.03999999999999826,0.32679554113164944,0.3255256102723295,0.14096232538450676,0.46000000000000085,0.6120000000000004,9.400000000000006,2.1499999999999986,53.717,38.952,0.03386482291519684,0.04233102864399605
call_8ae3fce602f3,synthetic,train,160.72,12.0,14.0,31.09999999999996,84.39999999999999,0.1935042309606767,0.5251368840219014,2.5916666666666632,1.846229641428413,0.7123715658244689,2.4399999999999977,0.5919999999999984,5.455999999999994,6.028571428571428,5.924634837623639,11.0,4.063636363636366,1.1586769314200398,0.2851330256290924,3.9399999999999977,5.300000000000001,8.441818181818185,6.8098028514805815,0.8066749016399566,3.0,1.4799999999999969,1.1199601791936287,0.047588424437299,1.0,2.0,0.08333333333333333,0.14285714285714285,2.2600000000000144,1.2100000000000088,0.16666666666666666,0.16666666666666666,2.441818181818181,4.479840716774515,5.226480836236934,0.26926406926406904,1.4200000000000026,0.9200000000000017,0.0,0.0,0.0,1.8040000000000014,-0.02090909090909032,0.9166666666666666,4.22,3.733333333333339,4.090000000000003,-0.12999999999999634,0.267297162767546,0.16799402687904405,0.14522150323544,0.4933333333333323,0.5719999999999984,3.280000000000001,1.5599999999999987,54.482,40.278999999999996,0.03733200597312096,0.04479840716774515
call_8c2ebe3761bb,synthetic,train,130.84,9.0,10.0,43.97999999999998,61.720000000000006,0.3361357383063282,0.47172118618159586,4.886666666666665,2.8380274840106825,0.5807696079148739,4.799999999999997,0.6160000000000025,7.668,6.172000000000001,5.434152739848225,9.0,1.9377777777777776,0.3838338117750009,0.1980793753426037,1.8999999999999986,2.4480000000000017,9.6325,6.995862616575602,0.7262769391721362,2.0,0.8400000000000034,0.9171507184347294,0.01909959072305602,0.0,2.0,0.0,0.2,3.3600000000000207,1.9200000000000088,0.2222222222222222,0.4444444444444444,3.2475000000000014,4.1271782329562825,4.585753592173647,0.4160832544938504,0.22000000000001307,0.12000000000001165,0.0,0.0,0.5555555555555556,0.39249999999999774,0.10166666666666645,1.0,1.6200000000000014,1.8320000000000007,2.519999999999996,0.8999999999999946,0.38520330174258627,0.42662794252522185,0.19657597065117646,0.4200000000000017,0.452000000000001,0.0,0.730000000000004,56.97,39.594,0.02751452155304188,0.02751452155304188
call_8c6b33721067,synthetic,train,150.88,9.0,8.0,66.44,59.59999999999999,0.44034994697773067,0.3950159066808059,7.382222222222222,6.981387601294327,0.9457027154071185,5.48,0.6639999999999986,14.2,7.449999999999998,5.4068290152361955,8.0,3.8950000000000022,4.052082797772029,1.0403293447424973,2.450000000000003,6.185999999999998,9.0925,6.568172786247324,0.722372591283731,2.0,1.0599999999999987,0.7953340402969248,0.015954244431065603,1.0,1.0,0.1111111111111111,0.125,5.580000000000005,3.820000000000004,0.2222222222222222,0.5555555555555556,7.95,3.579003181336162,3.181336161187699,0.5271342430974294,0.14000000000000812,0.10000000000000231,0.0,0.0,0.125,3.6828571428571473,-0.7652380952380949,0.8888888888888888,6.539999999999999,2.470000000000006,2.200000000000003,-4.339999999999996,0.4676564156945918,0.6061770943796393,0.24721633085896083,0.5299999999999994,0.6499999999999997,4.719999999999999,4.420000000000002,43.604,37.885999999999996,0.08748674443266173,0.0
call_8cafd2754e55,synthetic,val,175.7,12.0,12.0,48.359999999999964,93.20000000000002,0.2752418895845189,0.5304496300512238,4.029999999999997,3.9769376828576712,0.9868331719249812,2.870000000000001,0.5619999999999976,7.363999999999999,7.766666666666668,6.918421464145966,11.0,2.481818181818183,1.5791932242982252,0.6363049621714458,1.8399999999999892,2.680000000000007,10.38545454545455,8.230939815594203,0.7925449752410381,2.0,1.0399999999999991,0.6829823562891292,0.02150537634408602,1.0,1.0,0.08333333333333333,0.08333333333333333,3.460000000000007,1.7900000000000134,0.16666666666666666,0.25,3.8818181818181885,4.097894137734776,4.097894137734776,0.3416219270980501,0.75,0.3199999999999932,0.0,0.0,0.5454545454545454,1.602000000000002,-0.12272727272727242,0.9166666666666666,3.2600000000000016,1.8249999999999993,2.3200000000000025,-0.9399999999999991,0.3011952191235059,0.4087649402390436,0.11576550939100719,0.5199999999999996,0.5359999999999993,5.300000000000004,0.6600000000000037,33.416000000000004,39.076,0.0,0.07512805919180421
call_8d3ea77f4bb4,synthetic,train,135.4,10.0,14.0,29.519999999999996,69.03999999999999,0.21802067946824222,0.5098966026587887,2.9519999999999995,1.7777108876304946,0.6022055852406826,3.6500000000000012,0.8160000000000025,5.018,4.931428571428571,5.316716034146931,9.0,4.826666666666668,2.186666666666665,0.45303867403314874,4.220000000000002,6.940000000000001,10.3,8.11672621470285,0.7880316713303737,3.0,1.7000000000000028,1.329394387001477,0.05758807588075891,1.0,2.0,0.1,0.14285714285714285,3.3799999999999977,1.4399999999999986,0.1,0.1,1.557777777777779,4.431314623338257,6.203840472673559,0.299512987012987,1.2999999999999972,0.6999999999999993,0.0,0.0,0.0,1.9049999999999956,-0.4066666666666662,0.9,6.36,3.6400000000000006,3.5733333333333377,-2.7866666666666626,0.29645494830132946,0.20960118168389957,0.1480059084194976,0.5666666666666677,0.7600000000000023,1.2600000000000051,0.9600000000000009,55.681,36.792,0.03545051698670605,0.08862629246676514
call_8d6cd93e02b8,human,train,141.64,12.0,14.0,33.140000000000015,83.93999999999998,0.23397345382660278,0.592629200790737,2.761666666666668,1.7344827919456458,0.6280565329917845,2.490000000000002,0.7159999999999969,5.014000000000003,5.995714285714285,4.521195660893435,11.0,1.77818181818182,2.21672083034139,1.2466221438525185,0.8599999999999994,3.900000000000002,8.452727272727273,5.382958110233528,0.6368309229142698,2.0,1.7199999999999989,0.8472182999152782,0.051901025950512915,1.0,1.0,0.08333333333333333,0.07142857142857142,3.140000000000007,1.5500000000000043,0.16666666666666666,0.16666666666666666,2.0636363636363666,5.083309799491669,5.930528099406947,0.28305432183122664,0.21000000000000085,0.12000000000000455,0.0,0.7272727272727273,0.8181818181818182,2.2380000000000018,-0.3356363636363631,0.9166666666666666,2.9440000000000004,0.8666666666666695,0.7466666666666697,-2.1973333333333307,0.3201073143179893,0.24498729172550135,0.13682575543631761,0.8599999999999994,1.0200000000000018,3.6400000000000006,1.5199999999999996,47.683,37.522,0.31347077096865295,0.008472182999152783
call_8d75a71e6126,synthetic,val,163.74,12.0,16.0,47.04000000000004,89.78000000000002,0.2872847196775378,0.5483082936362527,3.9200000000000035,3.2461361647349305,0.8280959603915632,3.640000000000015,0.7240000000000005,9.654000000000005,5.611250000000001,5.85151249144185,7.0,2.3799999999999977,0.38067609028449045,0.15994793709432387,2.359999999999985,2.8599999999999968,10.03272727272727,10.667480822923372,1.0632682951445915,6.0,4.4999999999999964,2.1986075485525833,0.09566326530612229,5.0,1.0,0.4166666666666667,0.0625,3.575000000000007,2.059999999999997,0.16666666666666666,0.25,4.389090909090911,4.397215097105167,5.862953462806889,0.34380938459289595,0.46999999999999886,0.21999999999998465,0.0,0.0,0.14285714285714285,0.6766666666666694,0.07285714285714105,0.5833333333333334,2.1400000000000006,2.3099999999999987,2.6399999999999935,0.4999999999999929,0.42506412605349947,0.30340784170025664,0.13338219127885728,0.7499999999999994,1.0600000000000005,1.0040000000000007,2.319999999999993,58.765,39.574,0.05130084279956028,0.432392817882008
call_8da8b9947630,human,val,185.04,14.0,15.0,31.299999999999986,120.26,0.16915261565067005,0.6499135322092521,2.235714285714285,1.83237829175136,0.8195941241060399,1.7899999999999991,0.3799999999999968,4.859999999999994,8.017333333333333,6.536253225068794,10.0,1.2880000000000014,0.5345802091361025,0.4150467462236816,1.110000000000003,1.725999999999991,11.624615384615385,6.483722358437454,0.5577580112472664,4.0,1.819999999999994,1.297016861219196,0.05814696485622987,4.0,0.0,0.2857142857142857,0.0,2.74000000000001,1.3699999999999988,0.35714285714285715,0.14285714285714285,2.793846153846154,4.539559014267185,4.863813229571984,0.20651887041435726,0.46999999999999886,0.15999999999999837,0.0,0.3,0.9,0.5377777777777781,-0.09115151515151525,0.7142857142857143,1.4800000000000013,1.3350000000000009,0.8100000000000023,-0.669999999999999,0.23476005188067434,0.16569390402075226,0.10700389105058358,0.4549999999999985,0.6319999999999989,1.925000000000002,0.0,41.736000000000004,38.477000000000004,0.09727626459143968,0.0324254215304799
call_8e6c9fa78a21,synthetic,train,128.44,9.0,11.0,32.44000000000002,70.94000000000003,0.25256929305512316,0.5523201494861416,3.6044444444444466,2.8912861848093034,0.8021447491764401,2.4000000000000057,0.8519999999999996,7.640000000000005,6.449090909090912,5.039872751902759,8.0,2.0299999999999994,0.23194827009486313,0.11426023157382424,2.089999999999999,2.267999999999998,10.597499999999997,5.314794798484696,0.5015140173139606,2.0,1.3600000000000065,0.9342883836810962,0.04192355117139352,1.0,1.0,0.1111111111111111,0.09090909090909091,5.759999999999998,1.5400000000000063,0.0,0.3333333333333333,3.485000000000002,4.204297726564933,5.138586110246029,0.31379377055523316,0.2649999999999988,0.129999999999999,0.0,0.0,0.375,0.39428571428571274,-0.015714285714285823,0.8888888888888888,2.0100000000000007,2.066666666666665,2.0066666666666655,-0.0033333333333351867,0.3461538461538462,0.23917782622236086,0.1723762067891625,0.6800000000000033,0.7920000000000009,1.220000000000006,2.4200000000000017,52.980000000000004,39.266000000000005,0.04671441918405481,0.09342883836810963
call_8ed994ce484f,synthetic,train,167.34,12.0,16.0,47.78000000000001,81.08000000000006,0.28552647304888257,0.4845225289829094,3.9816666666666674,4.351577938582228,1.0929036262659424,2.7300000000000004,0.470000000000001,11.186000000000003,5.0675000000000034,3.0430730766775875,10.0,2.0039999999999987,0.5463918008169593,0.2726505992100597,2.0700000000000003,2.7719999999999914,8.92,4.205917908678848,0.4715154606142206,3.0,1.7600000000000122,1.0756543564001433,0.03683549602344102,2.0,1.0,0.16666666666666666,0.0625,4.079999999999995,2.109999999999996,0.3333333333333333,0.25,3.7836363636363632,4.302617425600573,5.736823234134098,0.3707900046562159,0.47999999999999954,0.3399999999999981,0.0,0.1,0.4,0.7222222222222258,0.026181818181817817,0.8333333333333334,1.7300000000000022,1.9733333333333292,2.1319999999999992,0.401999999999997,0.3062029401219076,0.34205808533524557,0.2083183936894945,0.5866666666666708,0.8920000000000002,1.2600000000000016,0.30000000000001137,59.877,38.479,0.021513087128002865,0.09322337755467909
call_8ee1e10130a2,synthetic,train,126.94,11.0,12.0,38.17999999999998,64.26000000000002,0.30077201827635086,0.5062234126358911,3.470909090909089,3.0820697135217863,0.8879718923190065,1.9200000000000017,0.9199999999999875,7.919999999999995,5.355000000000001,3.082586846573292,7.0,1.8857142857142846,1.2740358499425275,0.6756250719392195,1.4599999999999973,3.044000000000001,7.894000000000003,4.198543080641189,0.531865097623662,4.0,4.359999999999985,1.8906570033086496,0.11419591409114688,4.0,0.0,0.36363636363636365,0.0,4.619999999999994,1.0000000000000142,0.09090909090909091,0.2727272727272727,2.8100000000000014,5.1993067590987865,5.671971009925949,0.3727059742288167,0.4899999999999989,0.40000000000000213,0.14285714285714285,0.14285714285714285,0.8571428571428571,1.5266666666666684,-0.08000000000000022,0.6363636363636364,1.439999999999999,3.0700000000000003,1.3933333333333309,-0.04666666666666819,0.39609264219316215,0.2709941704742395,0.23522924216165084,1.0899999999999963,1.1939999999999997,1.2399999999999949,0.0,55.873999999999995,40.223,0.14179927524814873,0.27414526547975415
call_8f8e2145bc91,synthetic,train,119.74,8.0,8.0,41.43999999999999,58.98000000000001,0.34608318022381823,0.49256722899615846,5.179999999999999,4.677648982127667,0.9030210390207853,3.6199999999999974,0.480000000000004,11.039999999999996,7.372500000000001,4.059765233360171,6.0,2.2499999999999987,0.6607823645750057,0.29368105092222496,2.009999999999994,2.9300000000000033,9.705714285714288,8.132177457734285,0.8378752164283187,2.0,1.5600000000000023,1.002171371304493,0.03764478764478771,2.0,0.0,0.25,0.0,6.420000000000005,3.1399999999999935,0.25,0.375,3.1428571428571357,4.008685485217972,4.008685485217972,0.4126667994423421,0.26499999999999724,0.16000000000000014,0.0,0.0,0.5,0.5879999999999983,0.2291428571428574,0.75,2.060000000000002,1.919999999999991,2.770000000000003,0.7100000000000013,0.485886086520795,0.3709704359445465,0.1813930182061131,0.7800000000000011,1.019999999999999,1.1400000000000006,0.0,43.971000000000004,38.378,0.15032570569567397,0.010021713713044932
call_9083846f078a,synthetic,train,143.36,9.0,10.0,50.1,68.61999999999996,0.34946986607142855,0.4786551339285711,5.566666666666666,4.804645899774741,0.863110041875702,5.140000000000001,0.8520000000000011,10.547999999999998,6.8619999999999965,7.256927448996579,8.0,1.9900000000000035,0.2244994432064401,0.11281379055599985,1.9700000000000024,2.2840000000000145,10.312499999999998,8.339561963916335,0.8086847965009781,3.0,1.6200000000000045,1.255580357142857,0.032335329341317456,1.0,2.0,0.1111111111111111,0.2,6.480000000000004,3.8799999999999955,0.0,0.5555555555555556,4.322499999999995,3.766741071428571,4.185267857142857,0.42200134770889497,0.40000000000000435,0.21000000000000174,0.0,0.0,0.5,0.35428571428571815,0.04142857142857298,0.8888888888888888,1.830000000000001,1.9600000000000009,2.1266666666666745,0.2966666666666735,0.4607979910714286,0.4255022321428576,0.16210937499999944,0.5400000000000015,0.7440000000000054,0.8599999999999994,7.369999999999999,60.811,38.714,0.016741071428571428,0.13392857142857142
call_91a25cd95998,synthetic,train,132.56,13.0,14.0,34.06000000000001,72.28000000000006,0.2569402534701268,0.5452625226312617,2.6200000000000006,2.7559613707240294,1.0518936529481027,1.2399999999999949,0.5640000000000015,5.576,5.162857142857147,3.4956777976961946,8.0,1.7699999999999982,0.19824227601599054,0.11200128588474052,1.729999999999999,2.026,6.863333333333332,4.5047888099468345,0.6563558246644248,5.0,4.900000000000009,2.2631261315630655,0.14386376981796853,5.0,0.0,0.38461538461538464,0.0,2.0200000000000102,0.6999999999999922,0.23076923076923078,0.23076923076923078,3.3083333333333322,5.884127942063971,6.336753168376584,0.32029339853300726,0.370000000000001,0.20000000000000506,0.0,0.0,0.75,0.2942857142857132,0.0038095238095223432,0.6153846153846154,1.7333333333333334,1.8499999999999996,1.559999999999988,-0.17333333333334533,0.2792697646348823,0.37869643934821967,0.11285455642727849,0.9800000000000019,1.2360000000000015,1.9680000000000029,0.0,56.55,38.181,0.07242003621001811,0.3983101991550996
call_924e8a27e4de,human,train,149.72,14.0,15.0,26.559999999999995,75.26000000000002,0.17739780924392196,0.5026716537536736,1.8971428571428568,1.511307043453393,0.7966226885673007,1.559999999999997,0.47199999999999565,4.248,5.017333333333335,4.624121490137946,13.0,2.638461538461537,2.224969649417359,0.843282957505122,1.7800000000000011,4.147999999999998,8.395384615384616,6.3772294628076365,0.7596113525425991,1.0,0.5,0.40074806305102856,0.018825301204819282,1.0,0.0,0.07142857142857142,0.0,1.6799999999999966,0.9299999999999953,0.35714285714285715,0.07142857142857142,2.1984615384615394,5.6104728827144,6.011220945765428,0.26085248477705747,1.9000000000000057,0.7200000000000024,0.0,0.07692307692307693,0.5384615384615384,2.2066666666666666,-0.1468131868131877,0.9285714285714286,3.316666666666667,1.8733333333333348,2.194999999999993,-1.1216666666666737,0.24726155490248466,0.16150146940956442,0.12343040341971674,0.5,0.5,1.0799999999999983,0.0,51.385999999999996,39.372,0.056104728827144006,0.03205984504408229
call_925ba94f05a4,synthetic,val,234.2,58.0,14.0,144.81999999999994,89.88000000000001,0.6183603757472244,0.38377455166524344,2.496896551724137,2.774352491649023,1.1111203184342178,1.5499999999999972,0.4980000000000161,5.635999999999996,6.420000000000001,6.208501084342802,32.0,11.881874999999999,8.641152063491012,0.7272549209187112,12.91,23.326000000000008,1.4670175438596507,1.1117205961493832,0.7578100212929296,31.0,48.15999999999997,7.941929974380871,0.3325507526584725,26.0,5.0,0.4482758620689655,0.35714285714285715,2.194999999999979,0.8500000000000014,0.20689655172413793,0.13793103448275862,2.85298245614035,14.859094790777114,3.5866780529462,0.6170430336599914,13.585000000000008,7.960000000000001,0.0625,0.09375,0.21875,6.079999999999999,-0.030876099706744983,0.5517241379310345,11.389090909090909,12.76,11.132499999999997,-0.256590909090912,0.5884713919726727,0.5991460290350115,0.6674637062339887,1.5535483870967732,3.460000000000008,6.0746153846153845,2.2520000000000095,20.926,37.271,0.11784799316823229,0.143467122117848
call_927c1f5f2007,synthetic,train,171.78,12.0,14.0,55.56000000000006,87.41999999999999,0.32343695424380053,0.5089067411805798,4.630000000000005,5.553440375118831,1.199447165252446,2.420000000000016,0.5,13.816000000000006,6.244285714285714,6.556384799007228,8.0,2.0674999999999972,0.2549387181265348,0.12330772339856597,2.039999999999999,2.409999999999998,7.0381818181818145,3.6922568072357156,0.5246037829965499,5.0,2.620000000000015,1.7464198393293748,0.04715622750180008,4.0,1.0,0.3333333333333333,0.07142857142857142,4.654999999999997,1.9000000000000146,0.4166666666666667,0.25,6.0509090909090935,4.191407614390499,4.88997555012225,0.3885858161980699,0.2850000000000108,0.13000000000000966,0.0,0.0,0.5,0.33714285714286113,0.04119047619047527,0.6666666666666666,1.8000000000000007,2.133333333333328,2.1799999999999975,0.3799999999999968,0.4505763185469788,0.41949004540691603,0.10024449877750675,0.524000000000003,0.5760000000000076,5.925000000000003,0.5799999999999983,58.832,39.681,0.055885434858539994,0.069856793573175
call_9491f635b944,synthetic,train,152.18,8.0,17.0,17.04,76.44000000000003,0.11197266395058482,0.50229990800368,2.13,1.2295527642195745,0.5772548188824294,2.4899999999999975,0.46400000000000075,3.4019999999999997,4.4964705882352956,3.2047702334387345,7.0,2.731428571428572,2.0197837831342884,0.7394605900596242,1.6800000000000015,5.6920000000000055,14.665714285714285,7.566993849499771,0.5159649030440132,1.0,1.0600000000000023,0.3942699434879748,0.062206572769953186,1.0,0.0,0.125,0.0,2.3649999999999967,0.9400000000000022,0.25,0.0,1.8857142857142848,3.1541595479037983,6.702589039295571,0.18228498074454424,2.860000000000012,1.1599999999999984,0.0,0.14285714285714285,0.5714285714285714,3.170000000000004,0.0792857142857133,0.875,2.5533333333333363,2.0799999999999983,3.6499999999999986,1.0966666666666622,0.13405178078591146,0.12577211197266386,0.0760940990931791,1.0600000000000023,1.0600000000000023,1.2600000000000016,0.0,6.501000000000005,38.288,0.10251018530687345,0.007885398869759495
call_94a8c8502249,human,train,168.5,27.0,20.0,49.40000000000001,88.56000000000002,0.2931750741839763,0.5255786350148369,1.8296296296296302,1.446440027002391,0.7905643872280272,1.5399999999999991,0.45200000000000384,3.840000000000005,4.428000000000001,4.529036983730649,18.0,2.3022222222222233,1.7874486956290974,0.7764014604566539,1.2199999999999989,5.057999999999995,4.435384615384614,4.850514033639375,1.093594908728961,12.0,9.220000000000013,4.27299703264095,0.18663967611336055,9.0,3.0,0.3333333333333333,0.15,1.4100000000000037,0.720000000000006,0.25925925925925924,0.07407407407407407,1.0907692307692303,9.614243323442137,7.12166172106825,0.3580748042910989,2.68499999999999,0.44999999999998863,0.0,0.3333333333333333,0.6111111111111112,2.042352941176467,-0.07797729618163005,0.6666666666666666,2.5644444444444443,2.553333333333331,1.013333333333345,-1.5511111111110993,0.4259940652818991,0.34243323442136525,0.11109792284866458,0.7683333333333344,1.4160000000000013,2.128888888888891,1.7666666666666675,43.789,39.471000000000004,0.8189910979228489,0.06409495548961425
call_957a8384caff,synthetic,val,148.6,10.0,10.0,54.68000000000002,78.74,0.3679676985195156,0.5298788694481831,5.468000000000002,5.8915817909963675,1.077465579918867,3.510000000000005,0.5159999999999982,13.315999999999999,7.874,2.863606816586385,7.0,2.0485714285714285,0.438550488099424,0.21407624942091827,1.8199999999999994,2.6159999999999943,8.526666666666664,3.842950255554541,0.4506978407608924,5.0,3.7600000000000193,2.018842530282638,0.06876371616678892,3.0,2.0,0.3,0.2,5.50499999999999,2.8700000000000045,0.2,0.4,6.335555555555554,4.037685060565276,4.037685060565276,0.40983360815469955,0.7499999999999982,0.29999999999998916,0.0,0.0,0.5714285714285714,0.5866666666666588,0.07357142857142825,0.7,1.770000000000001,1.9666666666666686,2.4499999999999957,0.6799999999999948,0.395693135935397,0.4164199192462985,0.29179004037685147,0.7520000000000039,1.2199999999999933,3.8200000000000074,1.4000000000000057,55.256,60.772999999999996,0.056527590847913874,0.3310901749663527
call_95ccefc6e4ce,human,val,226.38,20.0,21.0,56.98000000000006,119.13999999999997,0.2517006802721091,0.5262832405689547,2.849000000000003,2.785946697264686,0.9778682686081724,1.8099999999999952,0.5600000000000123,5.592000000000006,5.673333333333332,5.35694772131378,14.0,3.1514285714285704,3.7686201664778696,1.1958450210945193,1.3299999999999983,9.458000000000006,7.750526315789472,7.335779278149563,0.9464878873070878,9.0,5.700000000000024,2.385369732308508,0.10003510003510035,6.0,3.0,0.3,0.14285714285714285,3.574999999999995,1.1699999999999946,0.25,0.2,2.984210526315792,5.3008216273522395,5.565862708719852,0.3235294117647062,0.6849999999999916,0.35000000000000675,0.0,0.14285714285714285,0.7857142857142857,3.3661538461538494,-0.17898901098901135,0.7,4.16,1.4159999999999997,4.026666666666661,-0.13333333333333908,0.2727272727272727,0.27060694407633207,0.21176782401272257,0.633333333333336,1.1880000000000053,1.6933333333333405,1.0799999999999972,53.308,38.391999999999996,0.07421150278293136,0.0954147892923403
call_9741efdd34af,human,train,135.88,11.0,12.0,29.080000000000016,83.63999999999999,0.2140123638504564,0.615543126287901,2.643636363636365,1.7974895257111556,0.6799307009223763,2.319999999999993,0.8800000000000097,5.300000000000001,6.969999999999999,3.628319170084127,9.0,1.5688888888888894,1.4599272770658789,0.9305485477048799,1.0200000000000031,2.3160000000000043,8.743999999999998,6.207471626999191,0.7099121256860925,2.0,1.6000000000000085,0.8831321754489256,0.05502063273727674,2.0,0.0,0.18181818181818182,0.0,2.3000000000000007,1.0999999999999943,0.09090909090909091,0.18181818181818182,1.2759999999999974,4.857226964969091,5.298793052693553,0.25798438608942525,0.2600000000000051,0.17999999999999972,0.0,0.3333333333333333,0.8888888888888888,1.2750000000000012,-0.01566666666666722,0.8181818181818182,1.0066666666666677,2.3400000000000016,0.8699999999999974,-0.13666666666667027,0.3270532823079187,0.2372681778039449,0.07771563143950566,0.8000000000000043,1.2960000000000023,2.0500000000000043,0.0,44.786,38.901,0.18545775684427437,0.008831321754489257
call_97701e543c60,synthetic,train,141.52,34.0,11.0,91.55999999999993,48.97999999999999,0.6469756924816275,0.34609949123798744,2.6929411764705864,2.9718993029926217,1.1035886446237353,1.54999999999999,0.5339999999999968,5.742000000000004,4.452727272727272,2.563382321390985,23.0,10.060869565217388,8.393934618180625,0.8343150225503649,8.18,21.732000000000003,1.3012121212121228,0.8444892936715087,0.6490020188905392,18.0,26.49999999999997,7.631430186546071,0.2894276976845783,11.0,7.0,0.3235294117647059,0.6363636363636364,3.874999999999993,0.8099999999999934,0.2647058823529412,0.2647058823529412,2.9624242424242446,14.414923685698135,4.663651780667044,0.6514871211043118,15.069999999999993,6.740000000000002,0.13043478260869565,0.13043478260869565,0.30434782608695654,4.179090909090909,0.4073913043478257,0.6764705882352942,9.9225,6.871999999999997,11.765999999999995,1.8434999999999953,0.6413227812323345,0.6250706613906157,0.6745336348219323,1.4722222222222205,3.256000000000003,2.5672727272727247,2.505714285714284,20.701999999999998,39.165000000000006,0.025438100621820236,0.1611079706048615
call_989dad5aa1af,human,train,125.96,11.0,9.0,31.38000000000001,80.12,0.24912670689107663,0.6360749444268022,2.8527272727272734,1.4021612597512139,0.49151605663681797,2.4000000000000004,1.5,5.039999999999999,8.902222222222223,6.366764009339224,9.0,2.471111111111111,2.6032306614173115,1.053465645357725,1.1200000000000045,4.900000000000001,7.6659999999999995,7.6186615622430685,0.9938248841955477,2.0,2.280000000000001,0.9526833915528741,0.07265774378585087,2.0,0.0,0.18181818181818182,0.0,2.2000000000000064,0.8600000000000012,0.0,0.18181818181818182,1.9340000000000033,5.239758653540807,4.287075261987933,0.2814349775784754,1.7999999999999998,0.3400000000000105,0.0,0.2222222222222222,0.6666666666666666,2.6575000000000033,-0.40233333333333365,0.8181818181818182,3.2066666666666674,0.9499999999999993,1.0999999999999943,-2.106666666666673,0.34931724356938704,0.21213083518577344,0.18593204191806936,1.1400000000000006,1.1559999999999975,1.1400000000000006,0.0,51.088,40.681,0.14290250873293112,0.14290250873293112
call_9a3d5b0a64a3,human,val,214.72,25.0,13.0,63.72000000000001,114.95999999999995,0.29675856929955297,0.5353949329359163,2.5488000000000004,1.9406809526555364,0.7614096644128752,2.219999999999999,0.5640000000000045,4.776000000000005,8.84307692307692,6.597649213767656,22.0,3.7763636363636377,2.918702304192031,0.7728869847403064,2.91,7.890000000000004,5.894166666666666,8.06715042454411,1.3686668329496583,4.0,1.7600000000000016,1.1177347242921014,0.02762084118016323,3.0,1.0,0.12,0.07692307692307693,1.6599999999999966,0.8599999999999994,0.16,0.08,1.756666666666668,6.985842026825634,3.63263785394933,0.3566151779717933,4.089999999999998,1.7300000000000004,0.045454545454545456,0.045454545454545456,0.45454545454545453,4.154285714285715,-0.003342744212309293,0.88,3.7300000000000004,3.124000000000001,4.540000000000004,0.8100000000000032,0.3603763040238451,0.28576751117734744,0.24413189269746635,0.4400000000000004,0.5440000000000013,1.6199999999999999,1.2399999999999949,53.711,39.277,0.0838301043219076,0.011177347242921014
call_9bb847dfc83e,human,val,123.52,11.0,12.0,21.039999999999996,79.49999999999999,0.1703367875647668,0.6436204663212435,1.9127272727272724,1.283837223533001,0.6712076739003333,1.1800000000000068,0.43999999999999995,3.6999999999999957,6.624999999999999,5.668704290517662,8.0,1.057500000000001,0.2957088940157186,0.27963015982573836,0.9800000000000004,1.4579999999999984,9.982000000000001,5.365045759357511,0.5374720255817983,3.0,2.0400000000000085,1.4572538860103628,0.09695817490494339,3.0,0.0,0.2727272727272727,0.0,2.130000000000001,0.7600000000000051,0.18181818181818182,0.0,1.0339999999999985,5.3432642487046635,5.829015544041451,0.2092699423115178,0.5400000000000045,0.24999999999999645,0.0,0.5,1.0,0.34857142857142726,-0.006904761904762054,0.7272727272727273,1.0133333333333354,1.1550000000000011,0.7999999999999972,-0.21333333333333826,0.2409326424870466,0.21389248704663208,0.056185233160621746,0.6800000000000028,1.0320000000000054,1.7199999999999978,0.0,41.421,38.947,0.3400259067357514,0.0
call_9c2dbbd1fe2e,synthetic,train,140.32,8.0,10.0,45.46000000000002,68.34000000000002,0.32397377423033086,0.487029646522235,5.682500000000003,1.9189694499913235,0.33769809942654155,5.82,3.5620000000000047,7.696000000000005,6.834000000000001,5.182571176549341,8.0,2.052499999999996,0.1743380337161083,0.08493935869237934,2.0899999999999963,2.251999999999987,12.097142857142856,5.10013365171013,0.4215981998343282,1.0,0.5799999999999983,0.427594070695553,0.01275846898372191,0.0,1.0,0.0,0.1,2.879999999999998,1.5399999999999974,0.0,0.5,2.485714285714284,3.420752565564424,4.27594070695553,0.3994727592267136,0.2549999999999937,0.14999999999999147,0.0,0.0,0.375,0.16857142857142687,0.048333333333331216,1.0,1.926666666666666,2.1099999999999994,2.1399999999999912,0.21333333333332516,0.3222633979475485,0.32254846066134535,0.3271094640820987,0.5799999999999983,0.5799999999999983,0.0,3.980000000000004,54.481,39.56,0.00855188141391106,0.02565564424173318
call_9dc1a304389f,synthetic,train,151.48,9.0,10.0,45.98,77.86,0.30353842091365196,0.5139952468972802,5.108888888888888,4.655616546935408,0.9112777060117155,3.0200000000000102,0.7119999999999891,10.236000000000008,7.786,7.340392632550385,9.0,2.368888888888888,0.23909293611222618,0.10093041393105237,2.3599999999999994,2.6320000000000077,11.7925,8.362469357193486,0.7091345649517478,2.0,1.6200000000000045,0.7921837866385002,0.0352327098738583,0.0,1.0,0.0,0.1,6.059999999999995,2.5800000000000125,0.1111111111111111,0.4444444444444444,3.5750000000000064,3.5648270398732507,3.9609189331925005,0.37128552971576223,0.3200000000000074,0.1600000000000108,0.0,0.0,0.0,0.22500000000000164,0.04300000000000104,1.0,2.0600000000000014,2.4649999999999928,2.4466666666666725,0.38666666666667115,0.4551095854238183,0.32162661737523124,0.13387905994190635,0.8100000000000023,1.1700000000000046,0.0,1.7000000000000028,57.44,37.149,0.031687351465540005,0.047531027198310004
call_9f11e2c5441c,human,val,128.66,14.0,12.0,32.04000000000002,67.94,0.24902844706979652,0.5280584486242811,2.28857142857143,2.4690508793659873,1.0788611832435644,1.120000000000001,0.6240000000000012,4.626000000000005,5.661666666666666,4.75781783547411,11.0,2.2145454545454535,3.348498615082082,1.512047814692238,1.1999999999999886,2.1999999999999957,6.85076923076923,5.696182880516041,0.8314661738907314,3.0,2.059999999999999,1.399036219493238,0.06429463171036198,3.0,0.0,0.21428571428571427,0.0,1.9649999999999994,0.5599999999999994,0.21428571428571427,0.14285714285714285,2.920000000000001,6.528835690968443,5.596144877972952,0.32046409281856386,1.0399999999999956,0.4999999999999858,0.09090909090909091,0.45454545454545453,0.8181818181818182,2.9620000000000015,0.07854545454545482,0.7857142857142857,1.0099999999999987,4.354999999999997,0.9666666666666686,-0.043333333333330115,0.33623503808487487,0.30452355044302853,0.10632675268148613,0.6866666666666664,1.4200000000000002,0.8599999999999998,0.0,44.802,39.56400000000001,0.8207679154360329,0.0
call_a0fbbe7bfec4,human,train,157.8,20.0,13.0,38.31999999999998,91.38,0.24283903675538643,0.5790874524714829,1.915999999999999,1.4315949147716354,0.7471789743066994,1.730000000000004,0.47399999999999093,4.328000000000006,7.029230769230769,4.983904032812432,17.0,3.176470588235295,2.3696734477845154,0.7460083076358658,2.0,6.740000000000001,5.0600000000000005,5.1004230990647885,1.007988754755887,4.0,3.179999999999993,1.520912547528517,0.08298538622129423,3.0,1.0,0.15,0.07692307692307693,1.804999999999998,1.0400000000000063,0.35,0.0,1.8378947368421052,7.604562737642585,4.94296577946768,0.2954510408635311,4.039999999999997,1.0600000000000023,0.0,0.17647058823529413,0.47058823529411764,3.2050000000000023,-0.14509803921568618,0.85,4.123333333333334,2.8828571428571417,2.270000000000003,-1.8533333333333308,0.3102661596958176,0.28897338403041856,0.12927756653992306,0.7949999999999983,1.392,2.3866666666666685,0.03999999999999204,47.931,38.06,0.3954372623574144,0.0
call_a2aa58c1750b,human,train,137.28,15.0,12.0,40.159999999999975,79.61999999999998,0.29254079254079235,0.5799825174825173,2.6773333333333316,2.986787497555788,1.1155829796647623,1.539999999999992,0.46799999999999875,6.388000000000002,6.634999999999998,4.12807562107737,11.0,1.985454545454549,1.8479293750591805,0.9307336595994025,1.1599999999999966,5.320000000000007,6.440000000000002,4.715233670925395,0.7321791414480424,7.0,3.739999999999994,3.0594405594405596,0.09312749003984054,4.0,3.0,0.26666666666666666,0.25,2.480000000000004,0.9599999999999937,0.3333333333333333,0.13333333333333333,2.7228571428571446,6.555944055944057,5.244755244755245,0.3352813491400901,1.3499999999999908,0.3999999999999915,0.0,0.36363636363636365,0.7272727272727273,2.0520000000000023,0.0061818181818200525,0.7333333333333333,1.1999999999999993,2.8800000000000003,0.7200000000000131,-0.4799999999999862,0.42482517482517496,0.33828671328671306,0.11451048951048907,0.5342857142857135,0.8919999999999988,2.679999999999997,1.5200000000000007,48.678,39.638999999999996,0.2884615384615385,0.03496503496503497
call_a381913d938c,synthetic,train,110.96,31.0,14.0,62.24000000000002,52.480000000000004,0.560922855082913,0.4729632299927903,2.007741935483872,1.4031639585925189,0.6988766503272504,1.5799999999999983,0.5,4.3799999999999955,3.7485714285714287,2.758878802140094,13.0,3.5076923076923063,2.032770575598179,0.5795179272538671,2.299999999999997,6.247999999999999,1.4433333333333327,1.0990672813294409,0.7614784859095437,24.0,26.179999999999993,12.977649603460707,0.4206298200514136,18.0,6.0,0.5806451612903226,0.42857142857142855,2.180000000000005,0.9199999999999982,0.22580645161290322,0.0,1.6439999999999992,16.76279740447008,7.570295602018746,0.5425383542538355,4.04,0.8999999999999986,0.0,0.07692307692307693,0.38461538461538464,3.370000000000001,-0.009340659340659812,0.41935483870967744,3.3400000000000007,3.919999999999999,3.0999999999999943,-0.24000000000000643,0.5695746214852198,0.555155010814708,0.5580389329488112,1.090833333333333,2.5820000000000043,2.4311111111111128,0.7333333333333302,22.159,39.464,0.0,0.4650324441240087
call_a3a1f51a4bf9,synthetic,val,128.84,11.0,11.0,28.739999999999995,70.78,0.22306737038186894,0.5493635516920211,2.6127272727272723,1.3427318889561806,0.5139196513054276,2.739999999999995,0.8599999999999994,4.159999999999997,6.434545454545455,3.4895906601214133,10.0,2.7760000000000007,1.7060082063108595,0.6145562702848916,2.050000000000001,4.541999999999998,7.864,5.24765700098625,0.6673012463105609,1.0,0.8599999999999994,0.46569388388699157,0.02992345163535141,1.0,0.0,0.09090909090909091,0.0,1.4300000000000033,0.8599999999999994,0.09090909090909091,0.09090909090909091,1.6099999999999988,5.122632722756907,5.122632722756907,0.2887861736334405,0.6600000000000055,0.27999999999999803,0.0,0.0,0.4,1.5355555555555525,-0.1641212121212118,0.9090909090909091,3.8749999999999982,2.2066666666666706,1.8800000000000001,-1.994999999999998,0.278484942564421,0.21825520024836995,0.17246196833281585,0.8599999999999994,0.8599999999999994,1.3799999999999955,0.0,57.167,40.119,0.027941633033219494,0.07451102142191865
call_a426226cf8b9,synthetic,train,139.3,15.0,14.0,31.97999999999996,67.94,0.22957645369705643,0.48772433596554193,2.1319999999999975,1.9562113041966251,0.917547516039694,1.539999999999992,0.34800000000000186,4.391999999999997,4.852857142857142,5.451776156933274,14.0,3.772857142857145,2.0085617760385808,0.532371542304811,2.930000000000007,6.8420000000000005,6.695714285714288,7.181138702268918,1.0724977793019503,4.0,2.7999999999999936,1.7229002153625268,0.08755472170106307,1.0,3.0,0.06666666666666667,0.21428571428571427,3.409999999999995,1.1799999999999926,0.4,0.06666666666666667,1.921428571428568,6.460875807609476,6.030150753768844,0.3200560448358684,1.685000000000005,0.8900000000000006,0.0,0.0,0.14285714285714285,1.5430769230769243,-0.1691868131868124,0.9333333333333333,5.2033333333333305,2.7320000000000064,2.6466666666666705,-2.55666666666666,0.33941134242641774,0.212491026561378,0.1368269921033735,0.6999999999999984,1.2479999999999962,1.3799999999999955,1.8266666666666656,23.831,38.172,0.008614501076812634,0.11198851399856424
call_a4683528fef4,human,train,164.78,15.0,14.0,40.2,94.63999999999999,0.24396164583080474,0.574341546304163,2.68,2.8791850698881225,1.0743227872716874,1.519999999999996,0.4480000000000004,7.048000000000001,6.759999999999999,3.818458926246107,12.0,1.7616666666666667,0.9153308448618789,0.5195823149641696,1.4699999999999989,3.356000000000001,7.538571428571429,7.455615196560485,0.9889957622877277,3.0,1.5,1.0923655783468869,0.03731343283582089,3.0,0.0,0.2,0.0,1.7199999999999953,0.6199999999999903,0.2,0.2,2.978571428571429,5.461827891734434,5.097706032285472,0.2981311183625038,1.1000000000000032,0.5800000000000018,0.0,0.25,0.6666666666666666,1.1745454545454566,-0.013076923076923456,0.8,1.8399999999999999,1.860000000000003,1.5849999999999973,-0.25500000000000256,0.2832868066512927,0.3455516446170652,0.10304648622405627,0.5,0.5679999999999993,3.2399999999999998,0.0,52.107,39.916,0.415098919771817,0.0
call_a49598543013,synthetic,train,180.96,10.0,13.0,58.500000000000014,82.00000000000001,0.3232758620689656,0.45313881520778077,5.850000000000001,3.802622779082879,0.650020987877415,5.11999999999999,1.2660000000000011,11.058000000000007,6.307692307692308,4.6827706358952055,7.0,3.6314285714285686,0.8159731888352435,0.22469757363677062,3.700000000000003,4.607999999999995,10.864444444444441,6.83485041876657,0.6291026157588377,5.0,3.839999999999989,1.6578249336870026,0.06564102564102545,3.0,2.0,0.3,0.15384615384615385,3.5549999999999873,2.1899999999999906,0.0,0.6,3.731111111111111,3.315649867374005,4.310344827586207,0.41637010676156583,0.8799999999999928,0.6999999999999975,0.0,0.0,0.0,1.2266666666666632,-0.03928571428571605,0.7,3.900000000000003,3.2333333333333294,3.9599999999999937,0.05999999999999073,0.3574270557029178,0.3809681697612734,0.23143236074270568,0.7679999999999978,1.1879999999999995,0.9999999999999952,6.290000000000001,58.083,39.517,0.03978779840848806,0.2519893899204244
call_a6481017c744,synthetic,train,122.8,9.0,11.0,27.83999999999999,57.20000000000001,0.22671009771986964,0.46579804560260596,3.093333333333332,1.511761298030287,0.48871593686323955,3.6199999999999974,1.0319999999999965,4.764,5.200000000000001,4.335611522349215,9.0,3.735555555555555,1.435139258524422,0.3841836206638846,3.1000000000000014,5.132000000000005,10.265,5.7364252806081275,0.5588334418517416,1.0,0.30000000000001137,0.488599348534202,0.010775862068965929,0.0,1.0,0.0,0.09090909090909091,2.120000000000001,1.0400000000000027,0.1111111111111111,0.1111111111111111,1.4424999999999977,4.397394136807818,5.374592833876222,0.32737535277516455,0.8000000000000007,0.30000000000000426,0.0,0.0,0.0,1.6750000000000003,-0.20866666666666725,1.0,4.8066666666666675,3.546666666666669,2.8533333333333295,-1.953333333333338,0.30146579804560253,0.2027687296416936,0.1758957654723128,0.30000000000001137,0.30000000000001137,0.0,0.30000000000001137,49.321,39.027,0.00977198697068404,0.00977198697068404
call_a71916766a4f,synthetic,train,135.84,9.0,9.0,28.900000000000006,80.73999999999998,0.21275029446407542,0.5943757361601884,3.2111111111111117,1.5908100273790935,0.49540796700386985,3.0600000000000023,1.352000000000001,5.179999999999998,8.971111111111108,5.255854818822835,9.0,1.7600000000000025,0.20000000000000107,0.11363636363636409,1.7399999999999949,2.028000000000008,11.969999999999999,5.569084305341413,0.4652534925097254,0.0,0.0,0.0,0.0,0.0,0.0,0.0,0.0,1.70000000000001,1.0599999999999952,0.1111111111111111,0.1111111111111111,1.9299999999999995,3.975265017667844,3.975265017667844,0.26358993068223285,0.240000000000002,0.13999999999999346,0.0,0.0,0.7777777777777778,0.3075000000000023,-0.0043333333333329446,1.0,1.7733333333333345,1.7533333333333374,1.753333333333335,-0.019999999999999574,0.23277385159010594,0.24646643109540645,0.15901060070671383,0.0,0.0,0.0,0.0,52.32,38.819,0.0,0.0
call_a766613f8c8a,human,train,93.74,11.0,8.0,26.220000000000006,49.28,0.27970983571580976,0.5257094090036271,2.383636363636364,2.27216865862179,0.9532362793607813,1.759999999999998,0.4399999999999977,6.900000000000006,6.16,2.8071159577046325,8.0,1.4925000000000006,1.00393911667989,0.6726560245761405,1.3600000000000008,2.3319999999999967,4.976,3.1668002778830253,0.636414846841444,3.0,1.5600000000000023,1.9202048218476637,0.059496567505720896,3.0,0.0,0.2727272727272727,0.0,1.8800000000000008,1.1199999999999974,0.36363636363636365,0.18181818181818182,2.2640000000000025,7.040751013441434,5.12054619159377,0.3472847682119206,0.400000000000003,0.23999999999999844,0.125,0.25,0.875,1.2399999999999984,-0.028809523809523757,0.7272727272727273,1.0699999999999998,1.9850000000000012,0.9299999999999997,-0.14000000000000012,0.3046724983998294,0.2110091743119264,0.3234478344356735,0.5200000000000008,0.6120000000000004,4.966666666666669,0.0,49.822,37.059,0.7424791977810966,0.0512054619159377
call_a7c95e99f3b6,human,val,122.78,16.0,12.0,28.900000000000034,78.66000000000003,0.23538035510669517,0.6406580876364231,1.8062500000000021,1.4866862269826813,0.8230788799904108,1.1400000000000041,0.4000000000000039,3.830000000000002,6.555000000000002,4.86679309196518,12.0,1.4149999999999974,0.7684670888637127,0.5430862818824835,1.1000000000000005,2.274000000000001,5.6599999999999975,5.220232434161017,0.9223025502051271,7.0,3.4400000000000155,3.420752565564424,0.1190311418685125,4.0,3.0,0.25,0.25,2.1000000000000036,0.7700000000000014,0.375,0.0625,1.8160000000000005,7.818863007004397,5.864147255253298,0.2686872443287469,1.2300000000000058,0.2700000000000058,0.08333333333333333,0.5,0.6666666666666666,0.8909090909090963,0.02244755244755195,0.75,1.1000000000000005,1.4639999999999973,1.491999999999996,0.39199999999999546,0.27561492099690516,0.28229353314872163,0.14823261117445866,0.49142857142857366,0.8640000000000043,2.9850000000000048,2.153333333333336,40.561,39.274,0.7525655644241732,0.08796220882879946
call_a7df1d46e72b,synthetic,train,172.44,15.0,12.0,59.71999999999998,73.96,0.34632335884945475,0.4289028067733704,3.981333333333332,2.9428554538444827,0.7391632921578576,3.6400000000000006,0.8679999999999994,5.635999999999999,6.163333333333333,4.4371149285193034,14.0,3.0071428571428576,1.8494108273077858,0.615005975826817,2.2700000000000067,4.812000000000004,7.298571428571429,6.175474368295071,0.8461209743211098,3.0,1.5,1.04384133611691,0.02511721366376424,1.0,2.0,0.06666666666666667,0.16666666666666666,2.3799999999999972,1.059999999999988,0.13333333333333333,0.2,3.1842857142857115,5.219206680584551,4.17536534446764,0.4467384799521244,1.2599999999999998,0.4600000000000115,0.0,0.0,0.35714285714285715,1.6723076923076974,-0.21068131868131865,0.9333333333333333,3.922857142857144,2.153333333333331,2.0450000000000017,-1.8778571428571422,0.4098816979819067,0.4161447459986085,0.2129436325678491,0.5,0.6200000000000003,7.779999999999998,2.1599999999999984,43.897,38.721,0.11830201809324983,0.04175365344467641
call_a7ea289a43fd,synthetic,train,168.32,18.0,15.0,47.78,90.15999999999998,0.28386406844106465,0.5356463878326996,2.6544444444444446,2.060752888906334,0.7763405609107159,1.9500000000000028,0.5239999999999985,6.0500000000000025,6.0106666666666655,5.325965911352499,11.0,3.1381818181818204,2.260867967604952,0.7204388077536052,2.1799999999999997,5.32,5.0329411764705885,4.04572652488856,0.8038493562775306,8.0,6.040000000000003,2.8517110266159698,0.12641272498953543,7.0,1.0,0.3888888888888889,0.06666666666666667,3.0000000000000036,1.349999999999996,0.2777777777777778,0.2222222222222222,2.5305882352941174,6.416349809885932,5.346958174904944,0.34638248513846603,1.369999999999993,0.3399999999999963,0.0,0.09090909090909091,0.18181818181818182,2.236000000000003,-0.22945454545454463,0.6111111111111112,4.584,2.200000000000003,1.4000000000000057,-3.183999999999994,0.28267585551330804,0.39448669201520875,0.17442965779467723,0.7550000000000003,1.286,1.1257142857142841,1.2800000000000011,21.155,38.120000000000005,0.0,0.12119771863117873
call_a8ca5b456ce4,synthetic,train,162.58,11.0,13.0,63.90000000000001,63.560000000000024,0.3930372739574364,0.3909459958174438,5.80909090909091,6.444952153776069,1.1094596821836735,3.3400000000000034,0.7800000000000011,11.94,4.889230769230771,3.4256463995044597,9.0,2.1333333333333315,0.338230690505749,0.15854563617457,2.200000000000003,2.543999999999997,8.724,4.784197320345388,0.5483949243862205,2.0,2.0400000000000205,0.7380981670562184,0.031924882629108295,2.0,0.0,0.18181818181818182,0.0,3.5499999999999936,1.6799999999999926,0.09090909090909091,0.36363636363636365,5.624000000000004,4.059539918809202,4.79763808586542,0.5013337517652596,0.6599999999999682,0.3200000000000074,0.0,0.0,0.4444444444444444,0.349999999999993,0.016333333333331625,0.8181818181818182,2.380000000000001,1.8866666666666703,2.194999999999993,-0.1850000000000076,0.3410013531799729,0.5256489113052035,0.31246155738713277,1.0200000000000102,1.2120000000000175,1.2800000000000153,0.0,59.774,36.815000000000005,0.05904785336449748,0.06642883503505966
call_a9d29125d786,synthetic,train,100.12,7.0,11.0,15.740000000000002,33.10000000000001,0.1572113463843388,0.3306032760687176,2.2485714285714287,2.047349705430543,0.9105113048293393,1.980000000000004,0.49199999999999877,4.328000000000001,3.0090909090909097,2.6710755564190194,7.0,1.4228571428571422,0.8195070693622437,0.5759587836883242,1.6400000000000006,2.212,8.326666666666666,7.669486437971074,0.9210752327427231,3.0,2.740000000000001,1.7978425888933278,0.17407878017789077,0.0,3.0,0.0,0.2727272727272727,1.7500000000000004,1.020000000000004,0.2857142857142857,0.14285714285714285,2.4500000000000015,4.1949660407510985,6.592089492608869,0.32227682227682225,0.8499999999999954,0.2599999999999998,0.2857142857142857,0.2857142857142857,0.8571428571428571,0.6466666666666644,0.23785714285714216,1.0,1.27,1.6000000000000014,1.6799999999999926,0.4099999999999926,0.3188174190970835,0.09348781462245298,0.05932880543347994,0.9133333333333337,0.988,0.0,3.1666666666666665,52.172,38.833,0.011985617259288853,0.4194966040751099
call_abf730747901,human,val,119.3,15.0,11.0,26.03999999999998,67.84,0.21827326068734268,0.5686504610226321,1.7359999999999987,1.458514312579757,0.8401580141588468,1.5,0.3879999999999967,3.8639999999999963,6.167272727272728,6.926215142366505,11.0,2.7363636363636363,2.589346259113828,0.9462727192774787,1.2599999999999998,7.240000000000002,5.171428571428573,3.4796610203188676,0.6728626282384549,4.0,1.9199999999999935,2.0117351215423303,0.07373271889400902,4.0,0.0,0.26666666666666666,0.0,2.690000000000003,1.1000000000000014,0.4666666666666667,0.0,2.3000000000000003,7.5440067057837386,5.532271584241409,0.27737537281636115,2.529999999999994,0.30000000000000604,0.0,0.2727272727272727,0.7272727272727273,1.5900000000000014,0.14909090909090952,0.7333333333333333,1.2449999999999997,4.026666666666666,0.960000000000008,-0.2849999999999917,0.2928751047778708,0.291366303436714,0.0705783738474432,0.4799999999999984,0.5739999999999997,6.209999999999999,0.0,42.951,39.235,0.3922883487007544,0.040234702430846606
call_ac80248cae29,synthetic,train,146.18,6.0,9.0,45.439999999999976,71.41999999999999,0.31084963743330124,0.48857572855383763,7.57333333333333,5.2066197180981915,0.6874938008052193,7.6299999999999955,2.029999999999994,13.059999999999999,7.935555555555554,7.867247310648977,6.0,3.4766666666666715,0.6717555772418694,0.19321828683850484,3.7100000000000044,4.100000000000007,17.632000000000005,9.063611642165613,0.5140433100139298,2.0,0.480000000000004,0.8209057326583664,0.010563380281690234,0.0,2.0,0.0,0.2222222222222222,4.7150000000000105,2.8200000000000074,0.0,0.6666666666666666,5.511999999999998,2.4627171979750995,3.694075796962649,0.38884134862228303,0.7850000000000081,0.3900000000000019,0.0,0.0,0.0,1.0320000000000027,-0.07828571428571258,1.0,3.5800000000000014,3.720000000000006,3.326666666666673,-0.2533333333333285,0.3566835408400601,0.35586263510740174,0.22000273635244186,0.240000000000002,0.33599999999999997,0.0,5.390000000000001,60.613,38.601,0.0,0.01641811465316733
call_acda78859d0d,human,train,148.64,14.0,13.0,36.239999999999995,79.84000000000002,0.24381054897739504,0.5371367061356299,2.588571428571428,2.247178730074214,0.8681154034503036,1.5700000000000003,0.4519999999999996,6.075999999999997,6.141538461538463,4.391323343829194,11.0,1.4272727272727272,0.7752664164846311,0.5431802918045187,1.3000000000000043,1.5799999999999983,7.66923076923077,4.748516305183309,0.6191646135143732,4.0,2.3000000000000114,1.6146393972012918,0.06346578366445949,3.0,1.0,0.21428571428571427,0.07692307692307693,3.9000000000000004,1.1600000000000001,0.35714285714285715,0.21428571428571427,3.161538461538461,5.651237890204522,5.247578040904198,0.31219848380427284,0.33999999999999586,0.20000000000000995,0.0,0.18181818181818182,0.9090909090909091,0.6239999999999959,-0.04709090909090931,0.7857142857142857,1.3250000000000017,1.647999999999999,1.0799999999999983,-0.24500000000000344,0.282696447793326,0.3299246501614638,0.1188105489773954,0.5750000000000028,1.0039999999999993,2.820000000000005,1.2199999999999989,48.89900000000001,39.062000000000005,0.10495156081808397,0.10495156081808397
call_ad8e23b11d98,synthetic,train,116.68,13.0,9.0,25.92,62.44000000000001,0.2221460404525197,0.5351388412752829,1.993846153846154,1.0683815110972463,0.5358394924484645,2.3799999999999955,0.6840000000000004,3.272,6.937777777777779,5.99397804796666,13.0,4.956923076923076,3.068137457093684,0.6189600704875527,4.0200000000000005,8.360000000000001,4.6066666666666665,5.785103475498276,1.255811174131319,2.0,0.7799999999999976,1.0284538909838874,0.030092592592592497,0.0,2.0,0.0,0.2222222222222222,1.8199999999999932,0.980000000000004,0.23076923076923078,0.0,1.2266666666666646,6.6849502913952685,4.628042509427494,0.2933454051607062,3.5,1.919999999999999,0.0,0.0,0.07692307692307693,3.02,0.39703296703296637,1.0,3.3750000000000004,5.994999999999998,2.9799999999999898,-0.3950000000000107,0.2956804936578676,0.3496743229345216,0.021083304765169886,0.3899999999999988,0.3979999999999986,0.0,1.8999999999999986,24.502,40.166,0.0,0.02056907781967775
call_adf30039caa2,synthetic,train,116.44,11.0,10.0,19.300000000000004,80.32000000000002,0.16575060116798354,0.6897973205084166,1.7545454545454549,1.2554199850420478,0.7155243438063483,1.0,0.6600000000000001,3.219999999999999,8.032000000000002,5.61701130495569,6.0,2.4133333333333336,0.5162256182028259,0.2139056429017234,2.1400000000000006,3.1300000000000017,6.086,2.744143582249297,0.4508944433534829,5.0,4.419999999999995,2.576434215046376,0.22901554404145044,5.0,0.0,0.45454545454545453,0.0,1.900000000000004,0.33999999999999986,0.18181818181818182,0.0,1.3180000000000005,5.668155273102027,5.152868430092752,0.1937361975506926,0.7500000000000053,0.1700000000000017,0.0,0.0,0.16666666666666666,0.6640000000000026,-0.21714285714285714,0.5454545454545454,2.6900000000000004,2.5199999999999996,2.030000000000001,-0.6599999999999993,0.22775678461009966,0.17262109240810708,0.09687392648574386,0.8839999999999989,0.9999999999999986,2.4800000000000013,0.0,47.282,61.25800000000001,0.17519752662315358,0.3091721058055651
call_aed9b45d6c31,synthetic,train,128.58,14.0,17.0,35.980000000000004,62.30000000000003,0.27982578939181835,0.48452325400528873,2.5700000000000003,2.113504199191476,0.8223751747826754,1.5100000000000051,0.5719999999999985,5.6300000000000034,3.6647058823529433,2.8660407567543693,10.0,2.7839999999999985,0.876255670452409,0.31474700806480227,2.620000000000001,3.921999999999999,6.292307692307692,4.872646025512299,0.7743813976975538,7.0,5.8600000000000065,3.266448903406439,0.1628682601445249,4.0,3.0,0.2857142857142857,0.17647058823529413,3.4150000000000014,0.8900000000000077,0.21428571428571427,0.21428571428571427,2.26153846153846,6.532897806812878,7.932804479701352,0.36609686609686604,0.8149999999999995,0.45999999999999863,0.0,0.0,0.2,1.0511111111111096,-0.15006060606060645,0.7142857142857143,3.4099999999999993,2.5600000000000023,2.173333333333327,-1.2366666666666721,0.24451703219785353,0.2897806812879141,0.30517965468968733,0.8371428571428581,1.3800000000000012,1.4050000000000011,1.4333333333333365,52.42,39.766000000000005,0.21465235650956602,0.28931404573028463
call_af9ad367dcce,synthetic,val,141.3,8.0,9.0,46.5,64.02000000000001,0.32908704883227174,0.45307855626326965,5.8125,3.174002796155038,0.5460649971879635,6.460000000000003,1.2480000000000002,8.877999999999997,7.113333333333334,2.351642452036924,7.0,3.894285714285715,1.1736007734788705,0.30136483544945314,3.4200000000000017,5.1240000000000006,11.745714285714287,8.858485612503916,0.7541887531929872,1.0,0.38000000000000256,0.42462845010615713,0.008172043010752743,1.0,0.0,0.125,0.0,2.305000000000005,1.0700000000000003,0.125,0.75,3.817142857142859,3.397027600849257,3.821656050955414,0.42073832790445165,0.9300000000000015,0.8199999999999994,0.0,0.0,0.0,1.2466666666666695,-0.3357142857142857,0.875,4.96,2.830000000000002,3.3599999999999994,-1.6000000000000005,0.413163481953291,0.31295116772823767,0.2611464968152865,0.38000000000000256,0.38000000000000256,1.8399999999999999,0.0,57.980000000000004,38.941,0.008492569002123142,0.008492569002123142
call_b0836ff3142a,synthetic,train,154.68,11.0,14.0,30.36000000000002,85.99999999999999,0.19627618308766498,0.555986552883372,2.760000000000002,1.1884902569685167,0.43061241194511446,2.5200000000000102,1.6000000000000014,3.960000000000001,6.1428571428571415,4.850807633155278,9.0,2.4155555555555575,0.7119786374933701,0.29474736602761387,2.0999999999999996,3.548000000000006,11.187999999999999,6.479593814430037,0.5791556859519161,2.0,2.3200000000000074,0.7757951900698214,0.07641633728590269,2.0,0.0,0.18181818181818182,0.0,1.0200000000000031,0.4199999999999875,0.0,0.09090909090909091,0.9899999999999999,4.266873545384018,5.43056633048875,0.26091440357511186,0.4000000000000057,0.26000000000001044,0.0,0.0,0.3333333333333333,1.010000000000004,0.0023333333333342902,0.8181818181818182,2.5733333333333324,2.44,2.233333333333339,-0.3399999999999932,0.23816912335143522,0.20170674941815384,0.14895267649340588,1.1600000000000037,1.4640000000000057,1.3200000000000074,0.0,58.197,38.333,0.01551590380139643,0.1629169899146625
call_b167dd907a80,synthetic,train,160.54,10.0,7.0,63.72000000000003,69.16,0.39691042730783627,0.43079606328640835,6.3720000000000026,6.205914598187764,0.9739351221261396,4.409999999999997,1.226000000000002,11.379999999999994,9.879999999999999,7.292728276460436,10.0,5.026,5.732176201060118,1.1405046162077432,2.119999999999994,11.121999999999996,9.619999999999997,9.525008019827478,0.9901255737866403,0.0,0.0,0.0,0.0,0.0,0.0,0.0,0.0,5.109999999999994,2.8599999999999994,0.1,0.4,6.577777777777773,3.7373863211660647,2.6161704248162456,0.4795304033714631,3.0150000000000006,0.42999999999998906,0.0,0.0,0.5,5.0399999999999965,-0.8675151515151515,1.0,7.983999999999999,1.7100000000000009,2.306666666666667,-5.677333333333332,0.5359411984552138,0.47664133549271204,0.1781487479755829,0.0,0.0,0.0,0.0,55.662,38.966,0.0,0.0
call_b2594d9c3ffd,synthetic,train,184.14,8.0,8.0,67.29999999999997,87.38000000000002,0.3654827848376234,0.4745302487237973,8.412499999999996,5.8840541933262305,0.6994418060417513,5.540000000000003,4.023999999999998,17.337999999999994,10.922500000000003,7.552571995684656,8.0,2.2125000000000004,0.25998798049140404,0.11750869174752723,2.220000000000007,2.5999999999999943,15.07714285714286,8.370932213466373,0.5552067983159428,0.0,0.0,0.0,0.0,0.0,0.0,0.0,0.0,5.309999999999992,1.580000000000009,0.0,0.5,6.182857142857143,2.606712284131639,2.606712284131639,0.4350918024308247,0.32499999999998685,0.23000000000000131,0.0,0.0,0.25,0.22571428571428168,0.07880952380952372,1.0,2.006666666666666,2.230000000000004,2.4066666666666663,0.40000000000000036,0.44118605408928,0.4551971326164872,0.2000651678071031,0.0,0.0,0.0,0.0,54.998000000000005,38.394000000000005,0.0,0.0
call_b382ffa5187d,human,train,125.46,9.0,10.0,23.79999999999999,77.0,0.1897018970189701,0.6137414315319624,2.6444444444444435,1.7005300553462168,0.643057583954452,1.88,1.2400000000000007,4.648000000000002,7.7,5.189065426452053,8.0,1.3899999999999997,0.49396356140913844,0.355369468639668,1.4799999999999969,1.8040000000000007,11.585,5.889293251316326,0.5083550497467696,1.0,1.1,0.4782400765184123,0.046218487394958006,1.0,0.0,0.1111111111111111,0.0,2.320000000000002,0.7199999999999944,0.1111111111111111,0.1111111111111111,2.3800000000000003,4.304160688665711,4.782400765184123,0.23611111111111105,0.3399999999999963,0.1699999999999946,0.125,0.125,1.0,0.4685714285714247,-0.015714285714285885,0.8888888888888888,1.8200000000000003,1.0600000000000005,1.6199999999999974,-0.20000000000000284,0.28503108560497376,0.18747010999521752,0.09660449545671906,1.1,1.1,1.1,0.0,52.552,39.295,0.08608321377331421,0.0
call_b3f14bd5c2b6,synthetic,train,126.36,9.0,11.0,35.119999999999976,56.93999999999997,0.2779360557138333,0.45061728395061706,3.9022222222222194,3.8742390730389533,0.9928289196284341,3.059999999999988,0.5199999999999931,10.324,5.176363636363633,2.82027488256431,6.0,2.7966666666666717,0.6988959547425907,0.24990320193417978,2.6500000000000057,3.6500000000000057,7.915000000000002,3.65305009546817,0.4615350720743107,3.0,1.2799999999999905,1.4245014245014247,0.03644646924829133,3.0,0.0,0.3333333333333333,0.0,3.3799999999999955,2.499999999999986,0.3333333333333333,0.2222222222222222,4.949999999999996,4.273504273504273,5.223171889838556,0.38149033239191826,0.9200000000000017,0.5300000000000011,0.0,0.0,0.16666666666666666,1.1720000000000028,-0.010857142857142727,0.6666666666666666,3.280000000000001,2.4000000000000057,2.7750000000000057,-0.5049999999999955,0.2943969610636276,0.30674264007597346,0.23266856600189897,0.4266666666666635,0.5199999999999931,0.6533333333333301,0.0,33.410000000000004,38.413,0.018993352326685663,0.13295346628679963
call_b41c86402714,human,train,140.78,19.0,14.0,88.47999999999999,76.33999999999999,0.6284983662452052,0.5422645262111094,4.6568421052631574,8.298944164062506,1.782096961089372,2.0400000000000063,0.45199999999999496,7.568000000000003,5.452857142857142,5.521648859031964,11.0,1.8345454545454556,1.9635606045991776,1.0703254038944965,0.8999999999999986,4.480000000000004,2.884444444444445,2.7952066554932173,0.9690623998243048,12.0,44.58,5.114362835630061,0.5038426763110307,8.0,4.0,0.42105263157894735,0.2857142857142857,2.2400000000000055,1.4399999999999942,0.21052631578947367,0.15789473684210525,4.747777777777781,8.097741156414264,5.966756641568405,0.5368280548477126,2.480000000000001,0.5200000000000031,0.36363636363636365,0.5454545454545454,0.7272727272727273,2.6120000000000005,0.24090909090909102,0.5789473684210527,1.734285714285716,0.8999999999999986,2.3800000000000003,0.6457142857142844,0.4564568830799829,0.5476630203153856,0.8813751953402472,3.715,8.627999999999995,3.1150000000000047,15.35,36.036,39.004000000000005,4.244921153572951,0.1449069470095184
call_b5840ec7dd5e,synthetic,train,135.68,10.0,8.0,44.86,56.7,0.33063089622641506,0.4178950471698113,4.486,3.3224334455335574,0.7406227029722598,2.5400000000000063,1.2960000000000005,8.922,7.0875,10.776107541686839,9.0,8.988888888888889,5.309079109191565,0.5906268477468984,6.839999999999996,15.48,8.46222222222222,12.899038532453822,1.5243086501061507,3.0,1.7600000000000051,1.3266509433962264,0.03923316986179236,1.0,2.0,0.1,0.25,5.7699999999999925,1.4200000000000035,0.0,0.4,3.3755555555555525,4.422169811320755,3.5377358490566038,0.4417093343836156,9.099999999999994,2.8200000000000003,0.1111111111111111,0.1111111111111111,0.1111111111111111,7.552499999999996,-0.33899999999999947,0.9,9.2,9.89333333333333,5.220000000000013,-3.979999999999986,0.3424233490566038,0.5114976415094344,0.1379716981132071,0.5866666666666683,0.8240000000000045,1.3599999999999994,0.7400000000000002,58.563,36.973,0.04422169811320755,0.1061320754716981
call_b5c4803ea37c,human,train,114.08,8.0,9.0,20.099999999999994,71.39999999999999,0.17619214586255255,0.6258765778401122,2.5124999999999993,1.7397970427610205,0.6924565344322472,2.5099999999999945,0.6420000000000016,4.398,7.933333333333333,3.591298124943431,7.0,1.2400000000000007,0.1863943592034296,0.15031803161566895,1.1400000000000006,1.4760000000000004,9.517142857142858,3.026047465805211,0.3179575541974854,1.0,0.46000000000000796,0.5259467040673211,0.022885572139303884,1.0,0.0,0.125,0.0,2.8349999999999933,1.5099999999999971,0.25,0.125,1.9628571428571373,4.207573632538569,4.73352033660589,0.21967213114754094,0.3199999999999994,0.14000000000000057,0.0,0.0,1.0,0.24333333333333376,-0.034285714285714634,0.875,1.4200000000000008,1.0866666666666684,1.2899999999999991,-0.13000000000000167,0.25298036465638146,0.18776297335203387,0.08783309957924237,0.46000000000000796,0.46000000000000796,3.3599999999999994,0.0,44.343,39.394,0.05259467040673212,0.0
call_b5cc1f8d8fee,human,val,159.3,24.0,15.0,42.599999999999916,95.24,0.26741996233521603,0.5978656622724419,1.7749999999999966,1.2991952637434203,0.7319409936582664,1.4199999999999937,0.48600000000000276,3.6019999999999963,6.349333333333333,4.348160479508039,14.0,1.7814285714285714,1.537910721646451,0.863301928751015,1.1299999999999972,4.432000000000003,5.0060869565217425,4.29449570773367,0.8578547965769876,10.0,8.75999999999995,3.766478342749529,0.20563380281690063,10.0,0.0,0.4166666666666667,0.0,1.7199999999999949,0.729999999999996,0.2916666666666667,0.041666666666666664,1.2478260869565232,9.039548022598868,5.649717514124293,0.30905397562391135,1.0550000000000068,0.3999999999999977,0.0,0.42857142857142855,0.7857142857142857,1.6261538461538492,0.05041758241758256,0.5833333333333334,1.1899999999999986,2.8040000000000007,1.2600000000000005,0.07000000000000184,0.2508474576271185,0.2745762711864405,0.27683615819208907,0.875999999999995,1.2939999999999996,2.787999999999994,0.0,49.789,39.144000000000005,0.4971751412429378,0.04519774011299434
call_b658b1155216,human,val,188.74,24.0,20.0,45.300000000000004,112.12,0.24001271590547846,0.5940447176009325,1.8875000000000002,1.4042769491806086,0.7439877876453554,1.7899999999999971,0.4260000000000005,3.4140000000000006,5.606,4.0204830555543944,17.0,1.5411764705882312,0.9919551837180892,0.6436350428705176,1.1999999999999886,2.8479999999999963,6.0773913043478265,5.2580548704624555,0.8651828732339137,9.0,8.21999999999997,2.8610787326480875,0.18145695364238343,7.0,2.0,0.2916666666666667,0.1,1.9399999999999942,1.0999999999999852,0.2916666666666667,0.041666666666666664,1.9434782608695642,7.6295432870615665,6.357952739217972,0.28776521407699146,1.0999999999999943,0.37999999999999545,0.0,0.4117647058823529,0.7058823529411765,1.081249999999998,0.004166666666666114,0.7083333333333334,1.2700000000000002,1.9742857142857073,1.1899999999999942,-0.08000000000000607,0.338243085726396,0.2117198262159588,0.17007523577408054,0.91333333333333,1.4879999999999824,1.4457142857142833,1.2900000000000063,51.683,39.408,0.4005510225707322,0.1589488184804493
call_b712f501aeb8,synthetic,val,205.38,45.0,13.0,107.80000000000011,82.68000000000002,0.5248807089297892,0.4025708442886358,2.395555555555558,2.567890232644996,1.0719393364473535,1.5600000000000023,0.47999999999999976,5.352000000000004,6.360000000000001,5.704475975393901,26.0,6.65307692307692,7.4544028132222095,1.1204444048085185,2.9199999999999937,18.08,2.115454545454543,1.4788930973496466,0.6990899901523907,25.0,32.48000000000004,7.303534910896874,0.30129870129870134,19.0,6.0,0.4222222222222222,0.46153846153846156,2.039999999999992,0.9399999999999977,0.26666666666666666,0.13333333333333333,2.6963636363636336,13.146362839614373,3.7978381536663743,0.5659386812263757,7.144999999999997,1.9099999999999966,0.07692307692307693,0.11538461538461539,0.3076923076923077,4.553600000000001,0.1250940170940168,0.5777777777777777,3.9519999999999995,9.983076923076924,2.9299999999999926,-1.022000000000007,0.5693835816535204,0.5503943908851886,0.45486415425065874,1.2992000000000017,2.3520000000000096,5.612631578947372,1.3233333333333341,23.55,38.480999999999995,0.0,0.14607069821793747
call_b72eccd91b8c,synthetic,train,156.68,13.0,13.0,38.06,77.44,0.24291549655348482,0.494255808016339,2.927692307692308,1.8656001461528249,0.6372254834468397,3.1400000000000006,0.5080000000000017,5.188000000000002,5.9569230769230765,7.673201502748061,12.0,5.471666666666667,2.8607861196220585,0.5228363301167332,4.010000000000001,9.684000000000003,6.168333333333333,6.628964013244368,1.0746766841249988,4.0,1.4000000000000057,1.5317845289762573,0.036784025223331726,1.0,3.0,0.07692307692307693,0.23076923076923078,3.679999999999996,2.0,0.15384615384615385,0.23076923076923078,2.3999999999999986,4.978299719172836,4.978299719172836,0.32952380952380955,3.9150000000000027,1.1800000000000006,0.0,0.0,0.0,3.4290909090909114,0.17083916083916117,0.9230769230769231,5.605,5.777142857142858,2.799999999999997,-2.8050000000000033,0.27074291549655344,0.3119734490681645,0.14603012509573648,0.3500000000000014,0.4440000000000026,4.140000000000001,0.34666666666666873,51.92,37.75,0.06893030380393157,0.022976767934643857
call_b78e6c8e05d3,human,train,133.22,11.0,12.0,30.72,78.17999999999998,0.23059600660561477,0.5868488214982733,2.7927272727272725,1.588762187760079,0.5688927104609659,2.9399999999999977,1.1200000000000045,4.259999999999998,6.514999999999998,6.238184164215309,10.0,2.238000000000002,2.089927271461858,0.9338370292501591,1.2600000000000016,5.49800000000001,9.620000000000001,7.20023332955259,0.7484650030719948,2.0,2.8799999999999977,0.9007656508031826,0.09374999999999993,1.0,1.0,0.09090909090909091,0.08333333333333333,1.9600000000000033,0.9999999999999978,0.09090909090909091,0.09090909090909091,1.661999999999998,4.9542110794175045,5.404593904819095,0.28209366391184576,0.5650000000000102,0.2100000000000044,0.0,0.2,0.8,1.4399999999999993,0.09927272727272698,0.9090909090909091,1.2466666666666673,3.3080000000000056,1.0499999999999972,-0.1966666666666701,0.31932142320972823,0.3124155532202368,0.06005104338687928,1.4399999999999988,1.8399999999999999,5.26,2.559999999999988,42.888999999999996,39.309,0.35129860381324124,0.018015313016063652
call_b7c3a7552903,synthetic,train,159.9,10.0,13.0,32.739999999999995,102.35999999999997,0.20475297060662911,0.6401500938086302,3.2739999999999996,2.817162402134457,0.860464997597574,2.719999999999999,0.4200000000000017,7.409999999999991,7.873846153846151,5.361391235148891,7.0,2.177142857142859,0.7825546860984799,0.35944112878539075,2.0400000000000063,2.983999999999999,9.131111111111112,3.6478439429475022,0.3994961728708629,3.0,1.940000000000012,1.125703564727955,0.059254734270006486,3.0,0.0,0.3,0.0,3.9299999999999855,2.079999999999991,0.3,0.2,2.817777777777776,3.75234521575985,4.878048780487805,0.24233900814211698,0.5499999999999936,0.37999999999999545,0.0,0.0,0.42857142857142855,0.8599999999999964,-0.010714285714284217,0.7,2.379999999999999,2.020000000000003,2.0400000000000063,-0.33999999999999275,0.2664165103189493,0.29118198874296425,0.05666041275797366,0.6466666666666706,0.8080000000000042,1.1333333333333353,0.0,33.644999999999996,39.206,0.0,0.225140712945591
call_b956718b62ae,synthetic,train,129.8,14.0,13.0,26.900000000000002,71.26,0.20724191063174113,0.5489984591679506,1.9214285714285715,1.4503490079625525,0.7548284799805106,1.4800000000000004,0.4519999999999996,3.8279999999999994,5.481538461538462,4.8740156341939285,10.0,2.128000000000001,0.9192692750222895,0.4319874412698727,2.030000000000001,2.5939999999999963,7.092307692307694,6.021620218775974,0.849035388764508,6.0,3.8399999999999963,2.7734976887519256,0.14275092936802958,4.0,2.0,0.2857142857142857,0.15384615384615385,2.790000000000001,1.0199999999999996,0.35714285714285715,0.0,1.9169230769230774,6.471494607087827,6.009244992295839,0.27404237978810103,0.5350000000000019,0.3000000000000007,0.0,0.1,0.4,1.082222222222224,0.12581818181818205,0.7142857142857143,1.586666666666666,1.8949999999999996,2.980000000000004,1.393333333333338,0.27642526964560854,0.15115562403697994,0.19414483821263495,0.6399999999999993,1.1699999999999982,1.7350000000000003,0.2799999999999976,56.402,38.649,0.055469953775038515,0.2773497688751926
call_b96e9305d9a2,human,train,137.94,22.0,13.0,39.94000000000006,82.50000000000004,0.28954617949833306,0.5980861244019142,1.8154545454545483,2.4468824827313465,1.3478070761164131,0.5500000000000043,0.38200000000002204,4.596000000000001,6.346153846153849,4.982859139801223,10.0,1.159999999999997,0.33573799308388896,0.2894293043826636,1.0300000000000047,1.7459999999999938,4.447619047619045,3.1443765447025087,0.7069797370316137,14.0,8.240000000000054,6.089604175728578,0.20630946419629545,12.0,2.0,0.5454545454545454,0.15384615384615385,1.8649999999999958,0.18999999999999773,0.5909090909090909,0.09090909090909091,2.2704761904761894,9.569377990430622,5.654632448890823,0.32620058804312335,0.26500000000000656,0.16000000000000147,0.0,0.3,1.0,0.2622222222222201,0.06157575757575611,0.45454545454545453,0.9800000000000001,1.1133333333333344,1.3299999999999912,0.3499999999999911,0.3314484558503696,0.3558068725532842,0.18138321009134536,0.5885714285714324,1.078000000000006,5.8250000000000055,1.7800000000000153,47.808,37.253,0.9134406263592867,0.12179208351457156
call_bac44092a11a,human,train,164.68,24.0,17.0,41.83999999999998,94.45999999999997,0.2540684964780179,0.5735972795725041,1.7433333333333325,1.6885759944073844,0.9685904365625536,0.8699999999999974,0.35799999999999554,4.0899999999999945,5.5564705882352925,3.337475166114208,16.0,1.9337500000000034,1.8885009763036908,0.9766003755933743,1.3200000000000074,3.599999999999998,4.82608695652174,5.229399948227857,1.083569358641808,10.0,4.920000000000009,3.6434296818071408,0.11759082217973257,8.0,2.0,0.3333333333333333,0.11764705882352941,2.039999999999994,0.5000000000000071,0.5,0.08333333333333333,1.8652173913043462,8.744231236337138,6.19383045907214,0.3069699192956713,1.1049999999999986,0.49999999999999645,0.0,0.4375,0.75,1.8826666666666663,-0.0010294117647048756,0.6666666666666666,1.876666666666666,2.391428571428572,0.9800000000000182,-0.8966666666666478,0.3073840174884626,0.3451542385231968,0.10966723342239411,0.4920000000000009,0.8459999999999979,2.0824999999999996,2.8199999999999967,44.559,40.312999999999995,0.3643429681807141,0.07286859363614283
call_bba20372ca37,synthetic,train,149.2,12.0,12.0,44.579999999999984,70.91999999999999,0.298793565683646,0.4753351206434316,3.7149999999999985,3.159389445235689,0.8504413042357175,2.3900000000000006,0.6099999999999938,7.0760000000000005,5.909999999999999,5.32832368886626,10.0,4.295999999999999,3.5517860295913097,0.8267658355659474,2.7200000000000024,6.833999999999998,6.325454545454547,4.375469561578223,0.691724133046284,3.0,1.819999999999986,1.2064343163538875,0.0408254822790486,2.0,1.0,0.16666666666666666,0.08333333333333333,4.330000000000001,1.8200000000000038,0.25,0.3333333333333333,3.5636363636363653,4.82573726541555,4.82573726541555,0.3859740259740259,3.165000000000001,1.0400000000000027,0.0,0.0,0.3,3.382222222222227,-0.6819393939393937,0.8333333333333334,6.444,2.460000000000001,1.6799999999999997,-4.764,0.38163538873994635,0.39008042895442363,0.12466487935656813,0.606666666666662,0.6759999999999906,5.019999999999998,1.2799999999999976,50.61,39.098,0.0482573726541555,0.096514745308311
call_bc24a38d8bf2,synthetic,train,111.72,12.0,9.0,34.999999999999986,57.12000000000001,0.31328320802005,0.5112781954887219,2.9166666666666656,3.7955924731485897,1.3013459907938028,0.5899999999999963,0.3899999999999995,7.8020000000000005,6.346666666666668,5.618034452645434,6.0,2.2900000000000023,0.1676305461424046,0.07320111185257835,2.2500000000000018,2.4900000000000055,5.945454545454547,5.271088146477337,0.8865744588876252,7.0,2.9599999999999866,3.759398496240602,0.08457142857142823,6.0,1.0,0.5,0.1111111111111111,3.5899999999999963,0.2400000000000002,0.5833333333333334,0.25,4.123636363636365,6.44468313641246,4.833512352309345,0.37993920972644357,0.22500000000000764,0.12000000000000277,0.0,0.0,0.0,0.24000000000000413,0.042857142857143565,0.5,2.130000000000001,2.5800000000000054,2.300000000000002,0.17000000000000126,0.44199785177228784,0.3286788399570351,0.169172932330827,0.42285714285714093,0.5680000000000007,6.036666666666666,0.8599999999999994,14.064999999999998,37.716,0.0644468313641246,0.0
call_bc2c7c34acea,human,val,191.72,18.0,19.0,33.65999999999997,118.53999999999996,0.1755685374504484,0.6182975172126015,1.8699999999999983,1.1070732184960062,0.5920177639016081,1.5299999999999976,0.48400000000000176,3.5320000000000027,6.238947368421051,5.054055062638046,15.0,2.057333333333335,1.7076278543315233,0.8300200199278298,1.4399999999999977,4.179999999999998,8.38823529411765,6.210541546240383,0.7403871408561464,5.0,3.9800000000000004,1.5647819737116628,0.11824123588829484,3.0,2.0,0.16666666666666666,0.10526315789473684,1.5299999999999958,0.610000000000003,0.16666666666666666,0.0,1.1458823529411764,5.6332151053619866,5.946171500104319,0.22115637319316678,0.7299999999999995,0.4400000000000013,0.0,0.26666666666666666,0.8,1.7185714285714258,-0.23028571428571365,0.8333333333333334,2.862499999999999,1.2640000000000042,0.8200000000000074,-2.0424999999999915,0.24222824953056546,0.1451074483621943,0.13936991445858543,0.796,1.212000000000002,3.3733333333333335,1.3299999999999983,46.61,38.571,0.21281034842478616,0.16273732526601295
call_bc7120020303,human,train,156.88,20.0,16.0,45.09999999999996,83.27999999999994,0.2874808771035184,0.5308516063233041,2.254999999999998,1.6559936594081532,0.7343652591610442,1.6799999999999926,0.5579999999999892,4.1659999999999995,5.2049999999999965,5.074995073889233,17.0,4.378823529411767,4.047194936151589,0.9242653669341347,2.740000000000001,8.836000000000006,4.118947368421054,4.50940291850711,1.094794984048493,8.0,4.559999999999974,3.059663437021928,0.10110864745011038,3.0,5.0,0.15,0.3125,1.9950000000000054,0.8600000000000021,0.15,0.05,1.7157894736842139,7.649158592554819,6.119326874043856,0.3513008256737809,4.959999999999998,1.740000000000001,0.0,0.11764705882352941,0.4117647058823529,4.196250000000002,0.05210784313725486,0.85,4.440000000000001,5.58,1.053333333333337,-3.386666666666664,0.2952575216726161,0.4788373278939313,0.0883477817440077,0.5699999999999967,0.8859999999999943,1.2066666666666634,1.3159999999999967,52.104,38.656,0.14533401325854156,0.12238653748087712
call_bd2262567810,human,train,273.9,28.0,19.0,66.41999999999996,157.92,0.2424972617743701,0.5765607886089814,2.3721428571428556,1.589063868946695,0.6698854009410944,1.8199999999999932,0.6059999999999945,4.09599999999999,8.311578947368421,6.195360966636666,22.0,4.128181818181819,4.439994508968389,1.0755326932096954,1.9800000000000066,8.27800000000001,6.75851851851852,7.148507072163262,1.0577032603485754,8.0,8.079999999999984,1.7524644030668128,0.12165010538994263,6.0,2.0,0.21428571428571427,0.10526315789473684,1.8100000000000058,0.7800000000000082,0.14285714285714285,0.10714285714285714,1.7259259259259283,6.1336254107338455,4.162102957283681,0.2960684675046803,4.315,1.3700000000000143,0.0,0.22727272727272727,0.5,3.939999999999997,0.21975155279503164,0.7857142857142857,2.8977777777777756,5.862222222222225,2.9950000000000045,0.09722222222222898,0.22102957283680172,0.3340635268346113,0.17239868565169722,1.009999999999998,1.5,2.7666666666666657,1.990000000000009,50.102000000000004,40.120999999999995,0.08324205914567362,0.11829134720700987
call_bd98a8224da0,human,val,150.94,21.0,15.0,35.11999999999993,82.82000000000002,0.2326752351927914,0.5486948456340269,1.6723809523809492,1.6502868574942196,0.9867888384788917,1.1799999999999784,0.3400000000000034,3.479999999999997,5.5213333333333345,5.5023120796827065,14.0,3.2785714285714294,2.597619396796276,0.7923022125304544,2.1100000000000065,6.978000000000005,5.014000000000002,3.429898540773474,0.6840643280361932,10.0,4.539999999999965,3.975089439512389,0.12927107061503343,7.0,3.0,0.3333333333333333,0.2,2.460000000000001,0.799999999999983,0.47619047619047616,0.047619047619047616,1.7620000000000005,8.347687822976017,5.962634159268584,0.29777853145667244,3.7599999999999927,1.1800000000000068,0.0,0.07142857142857142,0.5,3.9538461538461536,-0.11098901098901096,0.6666666666666666,3.9533333333333345,2.0549999999999997,3.490000000000002,-0.4633333333333325,0.2308201934543526,0.3113820060951371,0.1558235060288846,0.4539999999999965,0.6680000000000001,10.11142857142857,1.246666666666665,44.3,39.447,0.5247118060156354,0.031800715516099115
call_bda847d77eef,human,train,143.5,13.0,14.0,34.44,82.53999999999998,0.24,0.5751916376306618,2.649230769230769,1.6989519916179148,0.6413001129800492,2.0600000000000023,0.7960000000000107,5.075999999999997,5.895714285714284,5.1993580843981055,11.0,2.5672727272727283,2.372988491368066,0.9243227126433682,1.3199999999999932,5.700000000000003,7.041666666666667,4.117972464966494,0.5848008234271943,4.0,2.539999999999991,1.6724738675958188,0.07375145180023204,2.0,2.0,0.15384615384615385,0.14285714285714285,2.039999999999992,0.9600000000000009,0.15384615384615385,0.15384615384615385,2.2099999999999977,5.435540069686411,5.853658536585366,0.29440930073516847,1.7600000000000051,0.36000000000001364,0.0,0.18181818181818182,0.7272727272727273,3.0359999999999983,-0.24490909090909116,0.8461538461538461,3.11,2.7200000000000046,1.0999999999999943,-2.0100000000000056,0.29045296167247386,0.32878048780487756,0.10076655052264855,0.6349999999999978,1.0199999999999965,4.0699999999999985,0.6899999999999995,49.721999999999994,38.512,0.016724738675958188,0.1254355400696864
call_bdfa814252df,synthetic,train,157.88,13.0,16.0,33.20000000000001,81.39999999999998,0.2102862933873829,0.515581454269065,2.5538461538461545,2.4945526451466753,0.976782662256228,1.4200000000000017,0.4200000000000017,4.992,5.087499999999999,3.549752632226644,12.0,2.2883333333333336,0.6041224121723063,0.264001054117541,2.1600000000000072,2.427999999999998,8.86,4.338425213523143,0.4896642453186392,2.0,0.920000000000023,0.7600709399543958,0.02771084337349466,1.0,1.0,0.07692307692307693,0.0625,2.960000000000001,1.0399999999999778,0.3076923076923077,0.15384615384615385,2.9533333333333296,4.940461109703572,6.080567519635166,0.2897033158813265,0.28500000000000014,0.14999999999999147,0.0,0.0,0.25,0.6290909090909047,0.01825174825174862,0.9230769230769231,2.0760000000000005,2.6999999999999957,2.0933333333333386,0.017333333333338086,0.21738028882695717,0.2940207752723588,0.1194578160628327,0.4600000000000115,0.5240000000000017,7.340000000000003,0.7800000000000011,22.264,38.819,0.015201418799087917,0.0076007093995439584
call_be72006df132,human,val,129.74,15.0,16.0,24.56000000000001,78.30000000000001,0.18930168028364427,0.6035147217511947,1.637333333333334,1.0114508830827578,0.6177428031857232,1.3399999999999999,0.4400000000000034,3.0719999999999996,4.893750000000001,4.3946485567676525,9.0,1.2711111111111095,0.3318783058239037,0.2610930727635609,1.1199999999999974,1.8040000000000007,5.891428571428571,3.8626172791124365,0.6556333887921207,7.0,5.900000000000004,3.2372437182056415,0.24022801302931604,6.0,1.0,0.4,0.0625,1.9300000000000073,0.8399999999999999,0.3333333333333333,0.0,1.6014285714285734,6.936950824726375,7.399414213041466,0.23877114524596546,0.12000000000000455,0.09999999999999432,0.0,0.1111111111111111,1.0,0.39500000000000246,-0.016333333333333755,0.6,1.3,1.3549999999999986,1.0599999999999952,-0.24000000000000488,0.2765531062124246,0.2071835979651611,0.08416833667334703,0.8428571428571434,1.2799999999999998,2.233333333333334,1.3199999999999985,45.239000000000004,40.08200000000001,0.3607214428857715,0.221982426391244
call_bf0384ed27ed,human,val,166.38,21.0,20.0,44.75999999999998,88.03999999999999,0.26902271907681197,0.5291501382377689,2.1314285714285703,2.210421820795828,1.0370611759765953,1.2199999999999989,0.7000000000000028,3.6199999999999974,4.401999999999999,3.648111292162014,17.0,2.3082352941176474,1.7716467424209605,0.767532992384208,1.5,5.304000000000006,5.290000000000001,5.207915129876833,0.9844830113188718,5.0,2.9399999999999764,1.8031013342949873,0.06568364611260004,4.0,1.0,0.19047619047619047,0.05,1.940000000000012,0.5799999999999983,0.23809523809523808,0.09523809523809523,2.076999999999999,7.573025604038946,7.212405337179949,0.3370481927710843,1.1599999999999895,0.38000000000000966,0.058823529411764705,0.058823529411764705,0.6470588235294118,1.8287500000000014,-0.01735294117647055,0.8095238095238095,3.0433333333333334,1.6824999999999992,2.50666666666667,-0.5366666666666635,0.30760908763072475,0.3469166967183556,0.15254237288135558,0.5879999999999953,0.8239999999999938,2.569999999999996,1.7800000000000011,53.381,40.928,0.0721240533717995,0.03606202668589975
call_bf4ed1a05c84,human,train,149.28,22.0,13.0,45.16000000000001,85.89999999999998,0.30251875669882106,0.57542872454448,2.052727272727273,2.4022757805089405,1.1702849240743287,1.2100000000000009,0.40199999999999103,4.590000000000005,6.6076923076923055,4.251960912053771,10.0,1.582000000000001,0.9368222883770415,0.5921759092143116,1.2900000000000036,2.485999999999999,4.6,3.9088665998263625,0.849753608657905,13.0,10.079999999999991,5.22508038585209,0.22320637732506618,12.0,1.0,0.5454545454545454,0.07692307692307693,1.65000000000002,0.7700000000000031,0.4090909090909091,0.09090909090909091,2.6542857142857175,8.842443729903538,5.22508038585209,0.34457500381504663,0.9099999999999993,0.4099999999999966,0.1,0.2,0.7,1.2044444444444427,0.04375757575757631,0.45454545454545453,1.5533333333333328,1.2850000000000001,2.00666666666667,0.45333333333333714,0.5016077170418006,0.2668810289389072,0.13906752411575535,0.7753846153846147,1.4679999999999982,3.28833333333333,0.20000000000000284,28.656,40.881,1.262057877813505,0.0
call_c04725672945,synthetic,val,183.08,11.0,13.0,72.41999999999999,72.99999999999997,0.39556478042385834,0.3987327944068165,6.583636363636362,6.2010662906064695,0.9418907649360837,4.340000000000003,1.0,15.820000000000007,5.615384615384613,4.197648820625871,7.0,4.360000000000001,2.2398979568593886,0.5137380634998596,4.040000000000006,6.500000000000011,9.766,6.348745072847076,0.6500865321367065,4.0,3.9199999999999875,1.3109023377758358,0.054128693731013366,4.0,0.0,0.36363636363636365,0.0,9.149999999999995,3.039999999999992,0.09090909090909091,0.45454545454545453,6.148000000000005,3.6049814288835482,4.260432597771466,0.49800577637188836,1.740000000000009,1.240000000000009,0.0,0.0,0.0,3.1600000000000072,-0.2792857142857137,0.6363636363636364,5.586666666666666,3.360000000000003,3.520000000000003,-2.066666666666663,0.4270264365304784,0.3804894035394365,0.37917850120166025,0.9799999999999969,1.2640000000000016,2.354999999999997,0.0,56.332,39.551,0.1179812103998252,0.13764474546646274
call_c1cbe639d50f,synthetic,train,90.9,7.0,8.0,21.499999999999986,47.93999999999999,0.23652365236523634,0.5273927392739273,3.0714285714285694,2.6219045889332797,0.8536433545364173,1.3199999999999932,0.7359999999999957,6.491999999999999,5.992499999999999,5.6537681018945225,5.0,2.8680000000000008,0.5494142335251238,0.19156702703107517,2.6600000000000037,3.5160000000000005,9.503333333333336,7.203521515357767,0.7579994579471517,3.0,1.999999999999993,1.98019801980198,0.09302325581395322,2.0,1.0,0.2857142857142857,0.125,4.150000000000004,0.7399999999999878,0.14285714285714285,0.2857142857142857,1.3500000000000005,4.62046204620462,5.2805280528052805,0.3096198156682027,0.44000000000000483,0.3399999999999963,0.0,0.0,0.0,0.3999999999999988,-0.36399999999999955,0.7142857142857143,3.8600000000000003,2.830000000000002,2.41,-1.4500000000000002,0.25148514851485143,0.35379537953795387,0.1042904290429037,0.6666666666666643,0.7879999999999925,1.4599999999999973,0.5799999999999983,59.438,39.613,0.09240924092409242,0.18481848184818483
call_c1d95df7a179,synthetic,train,110.5,11.0,12.0,21.46,66.24,0.1942081447963801,0.5994570135746606,1.950909090909091,1.8266385149949103,0.936301195943337,1.1999999999999957,0.6199999999999974,3.960000000000001,5.52,4.373739818507726,7.0,1.7771428571428598,0.19046666642856075,0.10717577692925429,1.8200000000000003,1.9200000000000004,5.934,3.0383159809341738,0.512018196989244,4.0,3.6799999999999997,2.1719457013574663,0.17148182665424042,4.0,0.0,0.36363636363636365,0.0,1.7699999999999978,0.5599999999999952,0.36363636363636365,0.09090909090909091,1.97,5.972850678733032,6.515837104072398,0.24469783352337518,0.04999999999999716,0.01999999999999602,0.0,0.0,0.8571428571428571,0.16999999999999696,0.056428571428573146,0.6363636363636364,1.5899999999999999,1.826666666666668,1.8900000000000077,0.3000000000000078,0.24271493212669676,0.2313122171945702,0.10859728506787332,0.9199999999999999,1.2059999999999982,2.1849999999999987,0.0,57.522,38.854,0.07601809954751132,0.24977375565610863
call_c21f9cf2390e,synthetic,val,153.26,12.0,14.0,42.1,74.05999999999999,0.27469659402322855,0.48323111053112355,3.5083333333333333,2.931614553260521,0.8356145995041866,2.0,0.8659999999999997,7.935999999999996,5.289999999999999,6.305846493532808,7.0,3.4857142857142844,0.5722850723910564,0.16418014371874576,3.620000000000001,4.168000000000003,6.38909090909091,4.551526126767223,0.7123902588850235,7.0,6.640000000000015,2.740441080516769,0.1577197149643709,5.0,2.0,0.4166666666666667,0.14285714285714285,3.530000000000003,1.240000000000002,0.08333333333333333,0.25,1.7327272727272756,4.697898995171604,5.480882161033538,0.36243112947658407,1.1000000000000085,0.6199999999999992,0.0,0.0,0.0,0.7300000000000036,-0.21357142857143005,0.5833333333333334,3.9300000000000006,3.4299999999999997,2.819999999999993,-1.1100000000000074,0.3527339162208012,0.2613858802035756,0.2099699856453088,0.9485714285714307,1.280000000000004,1.152000000000004,2.1099999999999994,57.203,40.126000000000005,0.06263865326895472,0.3758319196137283
call_c337629bcbbb,human,train,151.44,20.0,11.0,43.22000000000001,90.26,0.28539355520338094,0.5960116217643951,2.1610000000000005,2.12425492820424,0.9829962647867836,1.25,0.3579999999999998,5.412000000000002,8.205454545454545,6.429902252383513,13.0,2.727692307692306,2.3974157684606783,0.8789172304001364,1.7199999999999989,5.463999999999993,5.175789473684209,5.12944679051565,0.9910462580821372,10.0,7.860000000000014,3.9619651347068143,0.18186024988431307,7.0,3.0,0.35,0.2727272727272727,2.689999999999994,0.8999999999999986,0.4,0.15,2.275789473684211,7.923930269413629,4.358161648177496,0.3237938267905305,1.4399999999999906,0.46000000000000796,0.0,0.07692307692307693,0.6923076923076923,3.033333333333332,-0.034725274725275056,0.65,3.765000000000001,2.17333333333333,2.453333333333333,-1.3116666666666679,0.3934231378763868,0.3030903328050716,0.15966719492868467,0.7860000000000014,1.3259999999999998,6.665714285714286,0.8733333333333348,42.805,38.81,1.7432646592709986,0.0
call_c3417b995627,synthetic,train,126.1,13.0,15.0,30.380000000000017,62.460000000000015,0.24091990483743075,0.49532117367168926,2.336923076923078,1.8873154911973788,0.8076070238830122,1.9599999999999937,0.5400000000000006,3.8560000000000008,4.164000000000001,3.014234673456376,11.0,1.8890909090909085,0.44854217487838205,0.23743810989712244,1.6599999999999966,2.5,6.294999999999998,4.68826282681905,0.7447597818616443,6.0,4.579999999999984,2.8548770816812055,0.15075707702435753,2.0,4.0,0.15384615384615385,0.26666666666666666,1.2800000000000011,0.700000000000017,0.23076923076923078,0.07692307692307693,1.8850000000000016,6.185567010309279,7.137192704203014,0.3272296423955192,0.679999999999997,0.20000000000000284,0.0,0.0,0.6363636363636364,0.32600000000000245,0.10636363636363637,0.8461538461538461,1.626666666666667,1.573333333333333,2.2359999999999984,0.6093333333333315,0.2026962727993656,0.27279936558287043,0.24726407613005613,0.7633333333333306,1.3500000000000014,0.8799999999999955,1.2600000000000016,60.112,39.272,0.12371134020618557,0.3711340206185567
call_c3a3ab5fa472,synthetic,train,201.94,16.0,16.0,67.58000000000004,99.76,0.33465385758146005,0.494008121224126,4.223750000000003,4.183229725642616,0.9904065642243536,3.1100000000000074,0.8799999999999955,9.430000000000003,6.235,6.075115225244706,11.0,2.36181818181818,1.3824998318712254,0.58535404736657,1.8200000000000216,2.6999999999999886,8.183999999999997,7.5139734716948094,0.9181297008424746,6.0,6.039999999999997,1.7827077349707834,0.0893755548978987,5.0,1.0,0.3125,0.0625,2.9049999999999816,1.6099999999999932,0.125,0.25,3.376000000000007,4.753887293255422,4.753887293255422,0.40384845225289845,0.47999999999999865,0.11999999999997613,0.0,0.0,0.7272727272727273,1.0739999999999987,-0.17054545454545467,0.6875,3.155,1.759999999999998,2.1066666666666642,-1.0483333333333356,0.37793403981380613,0.43290086164207275,0.1931266712885011,1.0066666666666662,1.3200000000000074,1.2120000000000062,12.44,60.78,39.583,0.06536595028226205,0.35059918787758737
call_c3e9e24958f7,synthetic,train,209.2,21.0,9.0,81.22000000000004,75.37999999999998,0.38824091778202696,0.36032504780114716,3.8676190476190495,2.4730969687377895,0.6394365469526416,4.299999999999997,0.6600000000000037,6.740000000000009,8.375555555555554,4.1249891881639025,21.0,11.415238095238093,5.76672195325627,0.5051775447120878,10.280000000000001,18.560000000000002,5.6789999999999985,8.081659421183247,1.4230779047690172,0.0,0.0,0.0,0.0,0.0,0.0,0.0,0.0,3.6000000000000014,1.7800000000000011,0.14285714285714285,0.2857142857142857,2.5519999999999987,6.022944550669217,2.581261950286807,0.518646232439336,11.959999999999999,5.18,0.0,0.0,0.0,5.826000000000004,-0.048909090909090944,1.0,13.219999999999999,9.963333333333331,10.159999999999997,-3.0600000000000023,0.39435946462715127,0.38862332695984697,0.38173996175908276,0.0,0.0,0.0,0.0,50.722,38.726,0.0,0.0057361376673040155
call_c49b6face6c3,synthetic,val,122.02,7.0,9.0,24.999999999999986,64.46000000000001,0.20488444517292237,0.5282740534338634,3.5714285714285694,2.3869851191793545,0.6683558333702196,2.8400000000000034,0.6799999999999955,6.475999999999998,7.162222222222223,6.035778100953565,6.0,3.1733333333333342,0.7943690717936005,0.2503263881702522,2.8900000000000006,4.110000000000004,14.09666666666667,5.7746967212332665,0.40964980287774405,1.0,0.37999999999999545,0.491722668415014,0.015199999999999826,1.0,0.0,0.14285714285714285,0.0,4.320000000000003,2.460000000000008,0.14285714285714285,0.42857142857142855,1.37,3.4420586789050978,4.425504015735125,0.2794545048066173,0.6300000000000021,0.370000000000001,0.0,0.0,0.0,1.108000000000003,-0.05485714285714316,0.8571428571428571,3.160000000000001,3.640000000000004,2.719999999999999,-0.44000000000000217,0.3186362891329289,0.2050483527290609,0.0909686936567773,0.37999999999999545,0.37999999999999545,8.599999999999994,0.0,50.189,39.312000000000005,0.13768234715620392,0.039337813473201116
call_c4fc8a865292,human,val,177.06,23.0,15.0,49.679999999999986,97.37999999999997,0.28058285327007787,0.5499830565909859,2.1599999999999993,1.5411006794975557,0.7134725368044241,1.9599999999999937,0.4040000000000021,4.796000000000001,6.491999999999998,6.564164531758779,21.0,2.111428571428572,1.6839247967437354,0.7975286588096173,1.2800000000000002,4.04,5.081818181818182,6.542645862037244,1.287461618647758,4.0,1.700000000000001,1.3554727211114876,0.03421900161030599,2.0,2.0,0.08695652173913043,0.13333333333333333,2.3999999999999986,1.259999999999991,0.2608695652173913,0.0,1.7709090909090912,7.7939681463910535,5.083022704168078,0.3378212974296206,2.440000000000012,0.580000000000001,0.047619047619047616,0.3333333333333333,0.6666666666666666,1.9889999999999983,0.009714285714285922,0.9130434782608695,2.4225000000000003,1.9359999999999986,1.8666666666666742,-0.5558333333333261,0.36157234835648927,0.3263300576075907,0.15384615384615358,0.42500000000000027,0.7300000000000013,15.519999999999996,0.5899999999999972,47.14,38.031000000000006,0.07455099966113182,0.0
call_c509bc8280ae,human,train,139.92,12.0,13.0,27.880000000000013,78.61999999999998,0.19925671812464277,0.5618925100057174,2.3233333333333346,1.8085138158781695,0.7784134071211629,1.2900000000000014,0.6420000000000001,4.3100000000000005,6.047692307692306,4.275385999390812,9.0,1.5222222222222237,0.5470278842735931,0.35936138382936733,1.2999999999999972,2.08000000000001,9.445454545454544,4.7293750569977036,0.5007038077668408,3.0,3.200000000000011,1.2864493996569468,0.11477761836441927,3.0,0.0,0.25,0.0,3.3649999999999984,0.6599999999999988,0.4166666666666667,0.08333333333333333,2.0254545454545463,5.145797598627787,5.5746140651801035,0.2617840375586856,0.42000000000000526,0.2600000000000051,0.0,0.0,0.8888888888888888,0.6750000000000042,0.08066666666666815,0.75,1.3599999999999985,1.2533333333333303,1.9533333333333427,0.5933333333333441,0.28516295025728977,0.18310463121783907,0.12950257289879943,1.0666666666666702,1.2360000000000015,2.9866666666666695,0.0,37.764,39.526,0.6174957118353345,0.03430531732418525
call_c5b04c36bb62,synthetic,train,137.28,33.0,9.0,65.86,62.800000000000026,0.4797494172494172,0.45745920745920765,1.9957575757575758,2.0806045600185255,1.0425136726482134,0.8800000000000097,0.4399999999999984,6.276,6.9777777777777805,6.890518086920089,16.0,3.1874999999999973,2.7112439488175886,0.85058633688395,2.5399999999999983,6.649999999999999,2.086875,1.6168844220830991,0.7747873840470076,20.0,17.199999999999996,8.741258741258742,0.2611600364409353,17.0,3.0,0.5151515151515151,0.3333333333333333,1.8400000000000176,0.4800000000000111,0.42424242424242425,0.15151515151515152,2.0693750000000026,14.423076923076925,3.9335664335664338,0.5118918078656924,2.575,1.4199999999999973,0.0,0.1875,0.375,2.612,0.27164705882352885,0.48484848484848486,1.8080000000000003,2.7679999999999993,4.68666666666666,2.87866666666666,0.5069930069930071,0.45629370629370636,0.47596153846153844,0.8599999999999998,1.879999999999996,7.017647058823535,1.0266666666666684,25.970000000000002,38.998,0.04370629370629371,0.1223776223776224
call_c647ee088162,human,train,137.0,16.0,15.0,29.00000000000001,79.70000000000002,0.2116788321167884,0.5817518248175184,1.8125000000000007,1.4183066487893239,0.7825140131251439,0.8500000000000085,0.480000000000004,3.6700000000000053,5.313333333333334,4.647428918827651,12.0,1.186666666666664,0.5142200134399924,0.4333314719999945,1.0599999999999952,1.8500000000000025,7.127999999999999,4.822678647114415,0.6765823017837284,5.0,3.539999999999978,2.18978102189781,0.12206896551724057,4.0,1.0,0.25,0.06666666666666667,2.690000000000003,0.4200000000000097,0.375,0.0,1.6213333333333324,7.007299270072993,6.569343065693431,0.2667893284268629,0.6400000000000021,0.25,0.08333333333333333,0.4166666666666667,0.9166666666666666,0.5418181818181853,-0.05118881118881224,0.75,1.4200000000000013,1.207999999999997,0.54999999999999,-0.8700000000000112,0.3008759124087591,0.1982481751824821,0.135912408759124,0.7079999999999955,1.1239999999999988,2.0599999999999943,0.16000000000000014,37.829,40.448,0.797080291970803,0.026277372262773723
call_c67ce09b3316,synthetic,train,141.46,10.0,14.0,22.58000000000001,84.82,0.1596210943022763,0.5996041283755125,2.258000000000001,1.590608688521475,0.7044325458465343,2.0200000000000014,0.6100000000000009,4.214000000000001,6.058571428571428,5.1984913431588975,9.0,2.557777777777778,1.087114200050122,0.42502292790838825,2.239999999999995,3.736000000000003,8.895555555555553,5.354771726872545,0.6019603490114028,4.0,1.6799999999999926,1.6965926763749468,0.07440212577502178,1.0,3.0,0.1,0.21428571428571427,3.015000000000004,1.3700000000000028,0.3,0.0,2.160000000000002,4.241481690937367,5.938074367312314,0.21024208566108016,1.1600000000000001,0.46000000000000796,0.0,0.1111111111111111,0.2222222222222222,1.4299999999999984,-0.0893333333333335,0.9,2.615,2.7733333333333356,2.1199999999999974,-0.49500000000000277,0.2396437155379614,0.12215467269899598,0.11706489466987155,0.41999999999999815,0.4539999999999949,3.6400000000000006,1.5400000000000016,28.912,39.760000000000005,0.1442103774918705,0.008482963381874735
call_c6daaae3eb0f,human,train,108.88,8.0,9.0,24.000000000000018,61.300000000000004,0.22042615723732567,0.5630051432770022,3.000000000000002,1.8134221791960075,0.6044740597320021,3.0400000000000014,0.7600000000000016,5.091999999999999,6.811111111111112,5.254882268359677,7.0,1.7514285714285673,0.5172296691144526,0.29531873440466366,1.8399999999999892,2.28,8.80285714285714,1.6951166355632477,0.1925643695057244,1.0,2.38,0.5510653930933137,0.09916666666666658,1.0,0.0,0.125,0.0,2.8950000000000014,1.5499999999999972,0.125,0.125,2.605714285714286,4.40852314474651,4.9595885378398235,0.2813599062133647,0.5499999999999989,0.32000000000001094,0.0,0.14285714285714285,0.7142857142857143,0.49666666666666587,-0.05142857142857268,0.875,2.3099999999999996,1.4499999999999957,1.8399999999999892,-0.4700000000000104,0.35984570168993385,0.1862601028655404,0.11517266715650275,2.38,2.38,6.78,0.0,39.123,40.346000000000004,0.3526818515797208,0.0
call_c6e878157063,human,train,150.28,17.0,13.0,60.940000000000005,67.25999999999999,0.40550971519829654,0.4475645461804631,3.5847058823529414,5.800691761634537,1.6181778790250596,1.3200000000000003,0.495999999999998,7.608000000000002,5.173846153846153,4.2873795806575234,11.0,2.158181818181817,2.4904538402826346,1.1539592351772956,1.2000000000000028,6.820000000000007,5.49625,4.6358883655131295,0.8434638827406195,7.0,5.13999999999999,2.7947830715996806,0.08434525763045601,6.0,1.0,0.35294117647058826,0.07692307692307693,3.1599999999999824,0.7399999999999878,0.29411764705882354,0.23529411764705882,5.797499999999998,6.787330316742081,5.190311418685122,0.4753510140405617,0.549999999999983,0.3200000000000003,0.09090909090909091,0.45454545454545453,0.8181818181818182,2.7799999999999967,0.009636363636362996,0.6470588235294118,2.2319999999999993,2.605000000000002,1.0799999999999912,-1.1520000000000081,0.39885546978972597,0.6140537663029011,0.2036199095022625,0.7342857142857129,1.1159999999999966,1.7133333333333367,1.259999999999991,49.144999999999996,38.67100000000001,0.23955283470854405,0.11977641735427202
call_c87e905eb0d7,synthetic,train,128.92,14.0,14.0,40.339999999999975,66.72,0.31290722928948167,0.5175302513186473,2.8814285714285695,3.741103460483394,1.2983502341786701,1.7999999999999972,0.5959999999999994,4.3679999999999986,4.765714285714286,5.462168217169173,8.0,2.155000000000001,0.3937956322764382,0.1827357922396464,2.1500000000000057,2.6079999999999997,5.506153846153847,5.71537405527547,1.0379975233107168,8.0,8.759999999999977,3.723239218119765,0.217154189390183,6.0,2.0,0.42857142857142855,0.14285714285714285,2.0600000000000005,1.0900000000000034,0.2857142857142857,0.07142857142857142,2.590769230769232,6.515668631709588,6.515668631709588,0.37679805716420683,0.33499999999999375,0.19000000000000483,0.0,0.0,0.375,0.37999999999999573,0.043809523809524714,0.5714285714285714,1.6799999999999988,2.344,2.160000000000011,0.480000000000012,0.5114799875892024,0.30949426000620534,0.11774744027303728,1.094999999999997,1.4399999999999977,1.2799999999999965,3.120000000000001,57.282,39.672,0.05584858827179647,0.6329506670803601
call_ca184bb77a63,human,val,122.1,23.0,10.0,56.89999999999998,68.92,0.46601146601146587,0.5644553644553645,2.4739130434782597,2.5961472108231174,1.0494092416332466,1.5799999999999983,0.38800000000000023,5.592000000000001,6.892,3.822922442320798,8.0,1.9800000000000004,1.5389606882568507,0.7772528728569952,1.3599999999999977,3.8760000000000012,2.782727272727274,2.581678773444947,0.9277512743513362,18.0,19.719999999999978,8.845208845208846,0.3465729349736377,15.0,3.0,0.6521739130434783,0.3,2.7900000000000027,1.1599999999999966,0.391304347826087,0.21739130434782608,2.7709090909090905,11.302211302211305,4.914004914004915,0.4522333492290573,2.2600000000000025,0.8399999999999945,0.125,0.375,0.625,2.2571428571428562,-0.19333333333333302,0.34782608695652173,2.280000000000001,2.2699999999999996,1.1000000000000014,-1.1799999999999997,0.5041769041769043,0.6717444717444714,0.2221130221130219,1.0955555555555543,2.5539999999999967,3.3373333333333326,0.6999999999999981,52.03,39.352000000000004,2.0147420147420148,0.34398034398034405
call_ca5206a4f854,synthetic,train,126.82,14.0,13.0,46.739999999999995,61.03999999999999,0.3685538558586973,0.4813120958839299,3.338571428571428,2.8684736039096705,0.8591919224376421,2.3599999999999994,0.5779999999999987,7.9959999999999996,4.695384615384615,4.9326426298293145,8.0,3.005000000000002,2.966795409191539,0.9872863258540889,1.8399999999999999,5.010000000000001,5.387692307692309,6.153900768988417,1.1422145916169246,9.0,6.280000000000001,4.258003469484309,0.13436029097133081,6.0,3.0,0.42857142857142855,0.23076923076923078,3.7150000000000016,1.6500000000000057,0.21428571428571427,0.21428571428571427,3.1276923076923078,6.623560952531147,6.1504494559217795,0.4336611616255335,0.49499999999999567,0.18999999999999773,0.0,0.0,0.625,2.7457142857142824,-0.5280952380952373,0.5714285714285714,4.98,1.7866666666666688,1.8700000000000045,-3.109999999999996,0.3707617095095411,0.47610786942122674,0.25879198864532404,0.6977777777777779,1.2399999999999978,2.1233333333333326,4.320000000000003,43.982,38.161,0.5866582557956158,0.08516006938968616
call_cbad95f3aabc,synthetic,train,115.02,10.0,12.0,23.820000000000014,72.19999999999999,0.20709441836202414,0.627716918796731,2.3820000000000014,2.1869330122342556,0.9181078976634149,1.1999999999999993,0.6760000000000026,5.975999999999998,6.016666666666666,4.813369113440423,7.0,1.7114285714285695,0.6422155528531909,0.37525115776062945,2.0,2.1519999999999975,6.899999999999998,4.707403152954339,0.6822323410078754,5.0,3.5,2.608242044861763,0.14693534844668338,3.0,2.0,0.3,0.16666666666666666,2.884999999999998,0.519999999999996,0.2,0.2,1.5511111111111113,5.216484089723526,6.259780907668231,0.2480733180587379,0.3399999999999985,0.26000000000000156,0.14285714285714285,0.14285714285714285,0.42857142857142855,0.7899999999999993,-0.024285714285715132,0.7,1.8899999999999992,1.8200000000000003,1.519999999999996,-0.3700000000000032,0.3234220135628586,0.22691705790297348,0.07094418362024033,0.7,1.2199999999999962,1.05333333333333,1.0500000000000043,59.137,40.248999999999995,0.14606155451225875,0.3755868544600939
call_cbb902adb22a,human,train,167.3,36.0,20.0,65.57999999999994,99.00000000000003,0.3919904363419004,0.5917513448894204,1.821666666666665,1.6607653857985671,0.911673587812572,1.4700000000000024,0.4399999999999906,3.660000000000002,4.950000000000001,4.314447820984744,15.0,1.7333333333333352,2.1516092168937697,1.2413130097464042,0.8200000000000003,4.615999999999996,2.625142857142859,2.523305509421629,0.9612069311031448,28.0,26.259999999999945,10.0418410041841,0.4004269594388528,21.0,7.0,0.5833333333333334,0.35,1.6000000000000059,0.8800000000000043,0.3333333333333333,0.08333333333333333,1.7177142857142855,12.910938433950985,7.172743574417214,0.39846882974845027,1.2099999999999973,0.6000000000000014,0.26666666666666666,0.6,0.8,1.492857142857142,0.28450000000000036,0.4166666666666667,0.6533333333333337,1.2866666666666688,4.7866666666666715,4.133333333333338,0.4934847579199044,0.3434548714883443,0.3390316796174524,0.9378571428571408,1.4979999999999953,4.067619047619047,0.9142857142857148,43.983999999999995,40.393,3.0986252241482366,0.09324566646742379
call_ce3072c8e106,synthetic,train,131.18,11.0,11.0,33.20000000000001,69.32000000000002,0.25308736087818273,0.5284342125323984,3.018181818181819,3.6978072573346337,1.225177103333764,1.4200000000000017,0.5200000000000102,5.939999999999998,6.3018181818181835,6.309205133888708,9.0,3.0488888888888876,1.3222913147214037,0.43369613092174336,2.4000000000000004,4.308000000000002,6.138,4.904727923137022,0.799075907972796,4.0,1.2199999999999989,1.8295471870712,0.036746987951807183,2.0,2.0,0.18181818181818182,0.18181818181818182,2.499999999999993,0.9000000000000057,0.36363636363636365,0.18181818181818182,3.237999999999995,5.0312547644458,5.0312547644458,0.32383925087787746,1.240000000000009,0.32000000000000206,0.0,0.0,0.0,1.487500000000005,-0.20300000000000046,0.8181818181818182,4.080000000000001,2.7099999999999973,2.1799999999999997,-1.9000000000000012,0.39762158865680736,0.27336484220155544,0.08827565177618536,0.3049999999999997,0.5079999999999985,0.49999999999999645,0.360000000000003,27.261000000000003,39.071,0.0,0.06403415154749201
call_ce6146a1c53e,synthetic,train,174.32,12.0,12.0,47.84,82.82,0.27443781551170265,0.4751032583754015,3.986666666666667,3.517293782946708,0.8822643268260972,3.359999999999996,0.5439999999999998,6.698000000000004,6.901666666666666,5.139133898063197,11.0,3.943636363636364,1.476847211444167,0.37448868893236137,3.6400000000000006,6.5,10.398181818181818,7.52265646767008,0.7234588314772764,2.0,0.9599999999999937,0.6883891693437357,0.020066889632106892,1.0,1.0,0.08333333333333333,0.08333333333333333,4.435000000000002,2.210000000000001,0.16666666666666666,0.4166666666666667,3.6981818181818213,4.130335016062414,4.130335016062414,0.36614112964947193,2.1500000000000092,1.259999999999998,0.0,0.0,0.0,1.9319999999999993,-0.07509090909090921,0.9166666666666666,3.5700000000000003,4.453333333333332,3.173333333333337,-0.3966666666666634,0.34488297384121164,0.29463056447911884,0.18379990821477754,0.4799999999999969,0.559999999999998,7.739999999999995,4.61999999999999,32.528999999999996,36.916,0.0,0.08949059201468565
call_cea74e96e420,synthetic,train,129.28,8.0,11.0,37.04,56.40000000000002,0.286509900990099,0.43626237623762393,4.63,2.916881896820644,0.629996090026057,4.690000000000005,1.3480000000000012,7.7780000000000005,5.127272727272729,3.5732366049158752,8.0,2.8074999999999983,0.7370846287910224,0.2625412747252085,2.5699999999999985,3.7019999999999964,11.525714285714285,3.6812686366944467,0.3193961385332316,1.0,0.6200000000000045,0.46410891089108913,0.016738660907127553,0.0,1.0,0.0,0.09090909090909091,5.604999999999997,2.8100000000000023,0.0,0.5,4.042857142857143,3.712871287128713,5.10519801980198,0.396404109589041,0.9099999999999975,0.4200000000000017,0.0,0.0,0.125,0.9571428571428561,0.14119047619047584,1.0,2.7933333333333317,2.1999999999999993,3.2266666666666644,0.4333333333333327,0.25324876237623767,0.25912747524752455,0.34715346534653485,0.6200000000000045,0.6200000000000045,0.0,5.540000000000006,31.93,38.748000000000005,0.0,0.018564356435643567
call_cf313f91b995,human,val,118.52,10.0,14.0,23.580000000000002,74.74,0.19895376307796156,0.630610867364158,2.358,1.5061062379526888,0.6387218990469418,2.3099999999999987,0.5099999999999966,4.622000000000002,5.338571428571428,4.193215365568625,8.0,1.0049999999999977,0.3247691487810999,0.323153381871742,0.8999999999999986,1.31,9.39111111111111,7.261558517203139,0.7732374190112193,3.0,1.5,1.5187310158623017,0.06361323155216285,2.0,1.0,0.2,0.07142857142857142,2.259999999999999,1.3699999999999992,0.3,0.0,1.6133333333333337,5.062436719541006,7.087411407357409,0.2398291293734744,0.2650000000000041,0.14000000000000412,0.0,0.625,1.0,0.3885714285714284,-0.0033333333333345734,0.8,0.8733333333333336,1.1649999999999974,0.7599999999999909,-0.11333333333334272,0.24957813027337164,0.26560917988525157,0.08167397907526136,0.5,0.552000000000001,0.6700000000000017,1.1599999999999966,49.469,36.842,0.0809989875126561,0.0809989875126561
call_d0442c9e97b7,synthetic,train,198.38,42.0,8.0,109.20000000000005,69.92000000000003,0.5504587155963305,0.3524548845649765,2.600000000000001,4.747025133601845,1.8257788975391704,1.0400000000000036,0.45999999999999375,6.018000000000012,8.740000000000004,8.05767956672391,23.0,8.743478260869564,8.266202855049697,0.9454135537848983,4.519999999999982,20.359999999999992,2.074634146341462,1.611483330564635,0.776755426206796,22.0,22.400000000000045,6.6538965621534425,0.20512820512820545,19.0,3.0,0.4523809523809524,0.375,1.3750000000000135,0.5800000000000027,0.35714285714285715,0.11904761904761904,3.516097560975607,12.70289343683839,2.419598749873979,0.609647163912461,10.45,3.519999999999982,0.043478260869565216,0.08695652173913043,0.13043478260869565,8.457272727272729,-0.0532608695652178,0.5476190476190477,8.064,10.601666666666665,5.593333333333329,-2.470666666666671,0.614678899082569,0.5936082266357495,0.44308902107067305,1.0181818181818203,1.9180000000000015,9.164210526315793,0.45333333333333786,23.882,38.513999999999996,0.012097993749369896,0.03629398124810969
call_d13864e1e455,synthetic,train,158.36,9.0,12.0,32.760000000000005,81.33999999999999,0.20687042182369286,0.5136398080323313,3.6400000000000006,2.085143213839814,0.572841542263685,3.0200000000000102,1.1879999999999995,6.136000000000005,6.778333333333332,4.5232028352583145,9.0,4.239999999999999,2.119769379489718,0.4999456083702166,4.0,5.4680000000000035,14.075,7.291945899415325,0.5180778614149432,1.0,0.7199999999999989,0.3788835564536499,0.02197802197802194,0.0,1.0,0.0,0.08333333333333333,3.5800000000000054,1.8000000000000114,0.0,0.3333333333333333,1.9675000000000031,3.409952008082849,4.546602677443799,0.287116564417178,1.2800000000000011,0.8599999999999994,0.0,0.0,0.0,2.1175000000000024,-0.34099999999999947,1.0,6.006666666666665,3.8333333333333335,2.8800000000000003,-3.1266666666666647,0.2784794139934326,0.2264460722404649,0.11568577923718114,0.7199999999999989,0.7199999999999989,0.0,0.7199999999999989,26.477,38.992,0.0,0.030310684516291993
call_d13e6463c6fb,human,train,147.96,11.0,14.0,36.839999999999996,87.36,0.24898621248986208,0.5904298459042985,3.3490909090909087,2.4996925430775185,0.7463794238287923,3.4199999999999875,0.4000000000000057,7.219999999999999,6.24,5.967133793898512,9.0,1.7466666666666653,1.6745944782742666,0.9587372967219091,1.0600000000000023,2.9719999999999995,8.072000000000001,4.834295812215054,0.5988969043873952,4.0,2.3400000000000074,1.6220600162206,0.06351791530944646,2.0,2.0,0.18181818181818182,0.14285714285714285,3.14,1.7999999999999874,0.2727272727272727,0.18181818181818182,2.977999999999997,4.4606650446066505,5.6772100567721,0.2966183574879227,0.18000000000000682,0.09999999999999432,0.0,0.3333333333333333,0.7777777777777778,1.5174999999999959,0.010333333333333172,0.8181818181818182,1.294999999999999,2.866666666666665,0.9699999999999989,-0.3250000000000002,0.3698296836982969,0.2996755879967559,0.0774533657745335,0.5850000000000019,0.9700000000000003,1.7799999999999978,1.17,52.31,37.946,0.178426601784266,0.05677210056772101
call_d147a02786d2,synthetic,train,153.68,8.0,11.0,47.55999999999993,81.34,0.30947423217074393,0.5292816241540864,5.944999999999991,4.529544679104073,0.7619082723471959,6.539999999999985,0.6579999999999941,10.795999999999994,7.3945454545454545,6.530828102352665,7.0,2.5142857142857187,0.6533180617401637,0.2598424109193828,2.299999999999997,3.340000000000015,13.705714285714294,6.336269423255427,0.4623085883134038,2.0,1.1199999999999761,0.7808433107756377,0.023549201009251005,1.0,1.0,0.125,0.09090909090909091,8.559999999999995,4.439999999999998,0.25,0.5,2.6885714285714313,3.123373243102551,4.294638209266007,0.36896819239720685,0.580000000000009,0.19999999999999574,0.0,0.0,0.14285714285714285,0.780000000000006,0.13285714285714442,0.875,1.9400000000000008,3.1500000000000057,2.4733333333333385,0.5333333333333377,0.3042686100989067,0.49531494013534577,0.12883914627797927,0.5599999999999881,0.5599999999999995,15.95999999999998,2.519999999999996,42.003,39.034,0.15616866215512756,0.0
call_d17b2416d506,synthetic,train,151.16,9.0,10.0,34.239999999999995,73.74,0.22651495104525005,0.4878274675840169,3.804444444444444,2.341220532168407,0.6153909109087519,3.280000000000001,0.8519999999999982,6.732000000000002,7.374,5.098321684633096,9.0,3.4844444444444465,0.5941027055075212,0.17050141420815332,3.4399999999999977,4.340000000000001,13.037500000000001,6.687558878245488,0.5129479484752052,1.0,0.18000000000000682,0.39693040486901293,0.005257009345794593,0.0,1.0,0.0,0.1,4.640000000000004,2.3400000000000034,0.1111111111111111,0.3333333333333333,2.0775,3.5723736438211167,3.9693040486901294,0.3170957584737914,0.6000000000000085,0.3400000000000034,0.0,0.0,0.0,0.5924999999999963,-0.18133333333333326,1.0,4.040000000000001,3.6800000000000033,2.853333333333334,-1.186666666666667,0.26832495369145276,0.2709711563905793,0.14024874305371812,0.18000000000000682,0.18000000000000682,0.0,0.18000000000000682,54.968,40.739999999999995,0.00793860809738026,0.0
call_d38f7d5159e7,human,train,111.58,13.0,14.0,24.08,58.919999999999995,0.21580928481806774,0.528051622154508,1.8523076923076922,1.2804695884182136,0.6912834156742848,1.58,0.4239999999999995,3.6000000000000023,4.208571428571428,3.23114941322933,12.0,1.4700000000000004,1.2657672245190525,0.861066139128607,0.9900000000000002,1.7359999999999982,6.428333333333334,4.015764421488004,0.6246976025130418,2.0,1.2599999999999998,1.0754615522495072,0.05232558139534883,1.0,1.0,0.07692307692307693,0.07142857142857142,2.640000000000004,1.1400000000000023,0.3076923076923077,0.0,2.0566666666666693,6.990500089621796,7.52823086574655,0.29012048192771084,0.6500000000000015,0.24999999999999467,0.0,0.5,0.9166666666666666,1.1036363636363629,-0.13972027972027934,0.9230769230769231,1.8699999999999992,1.0699999999999985,1.0700000000000074,-0.7999999999999918,0.37587381251120283,0.15450797633984592,0.11704606560315442,0.6299999999999999,0.8299999999999998,1.46,0.3799999999999999,41.736999999999995,39.423,0.6882953934396846,0.03226384656748521
call_d3e854cbb77d,human,train,149.36,14.0,14.0,33.94000000000002,95.6,0.22723620782003223,0.6400642742367434,2.4242857142857157,1.6062588044704298,0.6625699252382441,2.1100000000000008,0.9040000000000148,4.617999999999998,6.828571428571428,4.22115565953695,10.0,1.2099999999999986,0.5360783524821703,0.4430399607290669,1.2400000000000055,1.579999999999998,8.479999999999997,5.096055790058095,0.6009499752427001,6.0,4.960000000000003,2.4102838778789497,0.14614024749558044,4.0,2.0,0.2857142857142857,0.14285714285714285,2.384999999999999,1.1000000000000028,0.07142857142857142,0.07142857142857142,1.8846153846153855,5.623995715050883,5.623995715050883,0.26200401420410696,0.4349999999999996,0.20999999999999863,0.1,0.3,0.9,0.4977777777777801,0.023878787878787396,0.7142857142857143,1.3866666666666652,0.8849999999999998,1.466666666666664,0.07999999999999874,0.29606320299946454,0.1755490091055169,0.21009641135511528,0.8266666666666671,1.5499999999999936,1.9400000000000066,0.7499999999999938,43.053,38.385000000000005,0.8516336368505624,0.0241028387787895
call_d437831f4543,synthetic,train,136.78,9.0,10.0,30.119999999999987,77.93999999999998,0.22020763269483834,0.5698201491446117,3.3466666666666653,2.696400893372086,0.8056974780992293,2.519999999999982,0.747999999999999,7.312000000000003,7.793999999999999,8.042676420197443,8.0,2.2750000000000004,0.3252306873589882,0.1429585438940607,2.240000000000009,2.661999999999999,11.950000000000001,9.350363629292717,0.7824572074721938,2.0,1.0200000000000031,0.8773212457961691,0.03386454183266944,1.0,1.0,0.1111111111111111,0.1,3.500000000000007,1.7199999999999847,0.1111111111111111,0.2222222222222222,1.635000000000003,3.947945606082761,4.386606228980845,0.2787340366463075,0.37000000000000055,0.21000000000001062,0.0,0.0,0.25,0.4628571428571449,0.006190476190477391,0.8888888888888888,2.2299999999999995,2.314999999999996,2.240000000000009,0.010000000000009557,0.3399619827460156,0.18730808597748208,0.13335282936101733,0.5100000000000016,0.5340000000000054,1.1800000000000068,3.960000000000001,50.683,39.912,0.03509284983184677,0.008773212457961692
call_d4518fcb700a,synthetic,val,144.4,8.0,13.0,57.06,74.46,0.39515235457063713,0.5156509695290858,7.1325,8.444648823367372,1.1839675882744298,3.2699999999999996,0.640000000000002,18.591999999999995,5.727692307692307,5.240748851138552,5.0,1.436000000000001,0.5200615348206408,0.362159843189861,1.6199999999999974,1.8680000000000037,6.722857142857143,5.4062548808518756,0.8041603095189784,4.0,3.0400000000000222,1.6620498614958448,0.05327725201542275,3.0,1.0,0.375,0.07692307692307693,8.474999999999989,2.669999999999998,0.25,0.5,9.368571428571423,3.3240997229916895,5.401662049861495,0.4338503649635037,0.4399999999999995,0.23999999999999666,0.2,0.2,1.0,0.8100000000000009,0.0840000000000007,0.625,1.6000000000000005,1.326666666666668,0.0,-1.6000000000000005,0.43421052631578944,0.5752077562326868,0.17603878116343508,0.7600000000000056,1.1780000000000044,1.0533333333333417,13.399999999999999,59.324,38.474000000000004,0.0664819944598338,0.19944598337950137
call_d557fa43925b,human,train,142.46,20.0,13.0,40.41999999999998,82.57999999999998,0.2837287659693948,0.579671486733118,2.020999999999999,1.6974743002472814,0.8399180110080565,1.5500000000000007,0.4939999999999998,3.512000000000001,6.352307692307691,4.949850275662818,13.0,2.6876923076923074,1.5104057215817805,0.5619712186766785,2.5600000000000023,4.755999999999997,3.6842105263157903,3.869696459997966,1.0503461819994477,11.0,7.8799999999999955,4.632879404745191,0.1949529935675408,7.0,4.0,0.35,0.3076923076923077,2.219999999999997,1.0099999999999998,0.35,0.05,1.6715789473684215,8.423417099536712,5.475221114698862,0.32861788617886173,1.6400000000000041,1.0400000000000027,0.0,0.07692307692307693,0.38461538461538464,1.9833333333333325,0.14109890109890086,0.65,1.4599999999999993,2.840000000000001,3.5599999999999974,2.099999999999998,0.4017969956479014,0.33735785483644476,0.11203144742383814,0.716363636363636,1.2000000000000028,3.445714285714285,1.2949999999999946,40.94,60.742999999999995,1.1455847255369929,0.05054050259722027
call_d5d00276dd35,human,train,151.52,47.0,13.0,64.32,87.13999999999996,0.4244984160506863,0.5751055966209078,1.3685106382978722,1.311739106655504,0.958515827313568,0.8000000000000114,0.3400000000000034,3.5399999999999974,6.70307692307692,4.3012259157940305,15.0,3.2813333333333348,3.680742437184227,1.1217215879269278,1.0600000000000023,9.012,1.847826086956522,1.8867799957501536,1.0210809388765536,35.0,24.85999999999999,13.859556494192184,0.386504975124378,32.0,3.0,0.6808510638297872,0.23076923076923078,1.259999999999998,0.4200000000000159,0.44680851063829785,0.0,1.5673913043478263,18.611404435058077,5.147835269271383,0.4246665786346231,5.280000000000001,0.6400000000000006,0.13333333333333333,0.4666666666666667,0.6,3.4499999999999993,-0.27914285714285697,0.3191489361702128,5.1971428571428575,0.990000000000002,2.2200000000000024,-2.977142857142855,0.47280887011615647,0.3207497360084482,0.4799366420274544,0.710285714285714,1.3319999999999925,5.346249999999994,0.6866666666666651,47.361000000000004,39.650999999999996,3.429250263991552,0.05543822597676874
call_d60330be1b1f,human,val,169.3,16.0,11.0,39.46000000000003,101.01999999999995,0.23307737743650342,0.5966922622563494,2.466250000000002,2.13020795639768,0.8637437228171023,1.880000000000006,0.46999999999999886,5.730000000000004,9.18363636363636,6.401226122218191,13.0,1.7907692307692311,1.0731582544309357,0.5992722211169313,1.1799999999999997,2.883999999999998,6.983999999999998,7.066522765830448,1.011815974488896,3.0,1.179999999999998,1.06320141760189,0.029903699949315687,3.0,0.0,0.1875,0.0,3.0699999999999825,1.360000000000006,0.4375,0.125,2.658666666666662,5.670407560543413,3.898405197873597,0.2808940774487474,1.0599999999999952,0.4200000000000088,0.0,0.07692307692307693,0.6923076923076923,1.313333333333336,0.05560439560439564,0.8125,1.448,2.215,1.7950000000000017,0.34700000000000175,0.25906674542232727,0.22303603071470784,0.21712935617247509,0.39333333333333265,0.42799999999999816,1.6133333333333324,0.0,45.879000000000005,39.478,0.05670407560543414,0.0
call_d72a7cb67eb0,human,train,169.32,16.0,12.0,49.799999999999976,89.76000000000002,0.2941176470588234,0.530120481927711,3.1124999999999985,2.372655421674205,0.7622989306583794,2.3099999999999987,0.5300000000000011,7.199999999999999,7.480000000000001,5.58117072545418,14.0,2.971428571428567,2.503947903220197,0.8426747751221829,1.6199999999999957,6.431999999999999,6.934666666666668,6.933818444567337,0.9998776837964819,3.0,2.039999999999999,1.0630758327427356,0.04096385542168675,2.0,1.0,0.125,0.08333333333333333,2.3399999999999928,1.4999999999999964,0.1875,0.1875,2.9439999999999977,5.669737774627923,4.252303330970943,0.3568357695614788,3.265000000000004,0.4000000000000039,0.0,0.0,0.7142857142857143,3.4030769230769238,0.002461538461537312,0.875,2.954999999999999,3.6599999999999993,2.2959999999999896,-0.6590000000000096,0.3858965272856131,0.32813607370659065,0.16832034018426648,0.6799999999999997,0.9640000000000044,5.789999999999996,1.8400000000000034,50.344,38.077,0.1913536498936924,0.021261516654854713
call_d80d9f6f7884,human,train,134.14,12.0,12.0,32.12,71.62000000000003,0.2394513195169226,0.5339197852989417,2.6766666666666663,2.3818176998997136,0.8898447197632804,1.4099999999999975,0.5599999999999881,6.382000000000003,5.968333333333336,4.802176300618526,9.0,1.375555555555555,0.6109211826070733,0.4441268694235591,1.1199999999999974,2.411999999999999,8.903636363636364,4.685248169864978,0.5262173766440142,4.0,1.8000000000000214,1.7891754882958104,0.056039850560399174,3.0,1.0,0.25,0.08333333333333333,3.770000000000002,0.9699999999999926,0.3333333333333333,0.16666666666666666,2.3963636363636387,5.3675264648874315,5.3675264648874315,0.30962020435704635,0.6600000000000037,0.240000000000002,0.0,0.4444444444444444,0.7777777777777778,0.7550000000000016,-0.14699999999999971,0.75,1.7799999999999991,1.186666666666665,0.8500000000000014,-0.9299999999999977,0.2512300581482034,0.3405397346056356,0.12658416579692885,0.45000000000000534,0.6819999999999995,1.3000000000000036,0.6999999999999993,53.816,38.866,0.19680930371253916,0.08945877441479053
call_d88d3c23953c,synthetic,val,166.7,13.0,15.0,44.18000000000003,84.90000000000005,0.26502699460108,0.5092981403719259,3.3984615384615404,2.2801411769849333,0.6709333476868292,4.100000000000001,0.6560000000000002,5.879999999999999,5.660000000000003,4.776894388616943,9.0,3.528888888888883,0.8502606717216485,0.24094288556343985,3.4200000000000017,4.311999999999998,9.17333333333333,5.795937274409457,0.6318245575301009,7.0,3.7000000000000384,2.519496100779844,0.08374830239927651,4.0,3.0,0.3076923076923077,0.2,4.099999999999996,2.1399999999999935,0.15384615384615385,0.3076923076923077,2.436666666666665,4.679064187162568,5.398920215956808,0.3422683607065386,1.0600000000000227,0.5399999999999983,0.0,0.0,0.0,0.8775000000000012,-0.2180000000000023,0.6923076923076923,4.074999999999999,3.0533333333333275,3.1499999999999844,-0.9250000000000149,0.3103779244151171,0.23095380923815217,0.2537492501499707,0.528571428571434,0.8920000000000046,4.690000000000012,0.4200000000000041,32.56,39.42700000000001,0.014397120575884824,0.17276544691061788
call_d88d8e15e430,synthetic,train,172.26,11.0,12.0,55.240000000000016,85.37999999999998,0.32067804481597595,0.49564611633577144,5.021818181818183,4.498415515352083,0.8957742698927028,3.3599999999999994,0.7199999999999989,11.320000000000002,7.114999999999998,6.250531310750045,8.0,3.222499999999998,2.536088277249039,0.7869940348329064,2.199999999999998,4.929999999999996,7.885999999999998,4.556376191668111,0.5777803945812975,4.0,2.839999999999989,1.3932427725531173,0.051412020275162715,3.0,1.0,0.2727272727272727,0.08333333333333333,6.259999999999998,2.6400000000000006,0.18181818181818182,0.36363636363636365,6.620000000000006,3.8314176245210727,4.179728317659352,0.39283174512871577,0.40999999999999304,0.1799999999999926,0.0,0.0,0.125,2.5314285714285676,-0.22166666666666732,0.7272727272727273,4.6866666666666665,2.37333333333333,2.299999999999997,-2.3866666666666694,0.3692093347265762,0.4454893765238594,0.1473354231974923,0.7099999999999973,1.1539999999999924,0.8533333333333317,2.339999999999989,56.935,38.712999999999994,0.04179728317659352,0.11145942180424939
call_d89caa393417,synthetic,train,95.26,5.0,6.0,44.68,31.54000000000001,0.4690321226117993,0.33109384841486467,8.936,5.62999680284101,0.6300354524217782,7.82,3.4959999999999996,15.431999999999999,5.256666666666669,2.956696730399577,5.0,7.031999999999998,7.844922944172234,1.1156033765887707,3.4599999999999937,15.207999999999997,9.490000000000002,5.249390440803579,0.5531496776399977,1.0,0.480000000000004,0.6298551333193365,0.010743061772605282,0.0,1.0,0.0,0.16666666666666666,4.8199999999999985,2.5600000000000005,0.0,0.8,9.545,3.1492756665966826,3.779130799916019,0.5861978483337705,1.4399999999999968,0.8999999999999915,0.0,0.0,0.0,5.439999999999998,3.8359999999999976,1.0,3.999999999999999,2.5100000000000016,13.069999999999993,9.069999999999993,0.3268948141927357,0.3130380012597102,0.7671635523829518,0.480000000000004,0.480000000000004,0.0,4.560000000000002,56.352000000000004,38.08,0.0,0.025194205332773462
call_d9b9c625f406,synthetic,train,160.6,21.0,14.0,35.49999999999997,71.88,0.2210460772104606,0.44757160647571603,1.6904761904761891,1.2151679334873702,0.7188317353023885,1.259999999999991,0.5999999999999943,3.960000000000001,5.134285714285714,4.0659662606388,19.0,5.400000000000002,2.988701531117702,0.5534632465032779,3.760000000000005,9.308000000000009,4.732000000000002,4.528754354124321,0.9570486800769905,4.0,2.060000000000006,1.4943960149439601,0.05802816901408472,2.0,2.0,0.09523809523809523,0.14285714285714285,1.2600000000000051,0.6399999999999864,0.2857142857142857,0.0,1.2210000000000019,7.84557907845579,5.23038605230386,0.3306016017880423,4.590000000000003,1.8600000000000279,0.0,0.0,0.10526315789473684,2.4211111111111148,0.2225263157894739,0.9047619047619048,4.863333333333334,3.2039999999999993,7.175000000000004,2.31166666666667,0.32826899128269,0.1917808219178082,0.1430884184308836,0.5150000000000015,0.5879999999999956,2.839999999999998,1.2200000000000042,45.864999999999995,39.341,0.10460772104607721,0.0224159402241594
call_db5326bcb672,human,train,195.98,16.0,14.0,54.70000000000002,111.96,0.2791101132768651,0.5712827839575467,3.418750000000001,2.3481425505066755,0.6868424279361389,3.6199999999999957,0.9900000000000091,5.649999999999999,7.997142857142856,6.735886227164625,11.0,1.5181818181818192,1.4290608370650488,0.9412975573482352,0.980000000000004,2.520000000000003,9.216,5.384635920839958,0.5842703907161414,5.0,3.200000000000011,1.5307684457597714,0.05850091407678263,5.0,0.0,0.3125,0.0,2.935000000000006,1.509999999999991,0.0625,0.1875,2.304000000000001,4.898459026431269,4.28615164812736,0.32821312852514106,0.33999999999999275,0.19999999999999574,0.0,0.5454545454545454,0.8181818181818182,0.9379999999999994,0.17781818181818182,0.6875,1.276000000000001,0.860000000000003,3.4399999999999977,2.163999999999997,0.36248596795591403,0.2849270333707518,0.18991733850392936,0.6400000000000021,1.0879999999999996,3.6479999999999997,0.0,49.989999999999995,39.102000000000004,0.036738442698234515,0.036738442698234515
call_dc1a55102190,human,val,160.32,15.0,13.0,36.579999999999984,97.89999999999999,0.2281686626746506,0.6106536926147704,2.4386666666666654,1.599140880459117,0.6557439367656306,2.8400000000000034,0.5479999999999999,4.539999999999999,7.53076923076923,6.026661866608903,11.0,1.429090909090909,1.712846936564728,1.1985570166801534,1.019999999999996,2.34,8.791428571428572,6.557846834292549,0.7459364289900527,5.0,4.019999999999981,1.8712574850299404,0.10989611809732047,4.0,1.0,0.26666666666666666,0.07692307692307693,2.969999999999999,1.6400000000000006,0.26666666666666666,0.0,1.680000000000002,5.613772455089821,4.865269461077845,0.27201070791195714,0.7200000000000042,0.3200000000000003,0.2727272727272727,0.45454545454545453,0.8181818181818182,1.6960000000000002,0.012363636363636332,0.7333333333333333,1.1850000000000005,2.365,0.5066666666666654,-0.6783333333333351,0.27170658682634735,0.31025449101796393,0.10254491017964053,0.8039999999999962,1.3279999999999972,2.545,0.9799999999999898,41.86,38.482,0.5164670658682635,0.07485029940119761
call_dcdbcc7d70e4,synthetic,train,162.94,13.0,11.0,38.08,91.66,0.23370565852461028,0.5625383576776728,2.9292307692307693,1.9301592662004374,0.6589304217596031,2.6999999999999993,0.9439999999999997,4.628000000000007,8.332727272727272,5.017984185831618,12.0,2.9516666666666693,1.777478707483034,0.6021949319535965,2.2300000000000004,4.884000000000005,7.436666666666667,4.621333381419503,0.6214253762554239,1.0,0.7400000000000091,0.36823370565852465,0.019432773109243937,1.0,0.0,0.07692307692307693,0.0,2.6400000000000006,1.4199999999999982,0.07692307692307693,0.07692307692307693,1.6383333333333348,4.787038173560821,4.050570762243771,0.2935100971173115,1.044999999999999,0.3500000000000014,0.0,0.0,0.4166666666666667,1.585454545454544,-0.14356643356643295,0.9230769230769231,3.7966666666666686,1.9349999999999987,2.45000000000001,-1.3466666666666587,0.34712163986743566,0.26083220817478847,0.09316312753160677,0.7400000000000091,0.7400000000000091,0.7400000000000091,0.0,51.778999999999996,39.327,0.0,0.007364674113170493
call_ddeabfdb99d4,human,train,147.24,26.0,17.0,52.260000000000005,79.12000000000002,0.35493072534637327,0.5373539798967673,2.0100000000000002,2.1313502401421136,1.0603732538020465,1.0800000000000054,0.4199999999999989,5.219999999999996,4.654117647058825,4.399763441265946,19.0,2.6536842105263134,2.6063327947748944,0.9821563486855025,1.2000000000000028,7.131999999999996,3.7264000000000004,3.6072714120232208,0.9680311861376182,15.0,7.700000000000028,6.112469437652812,0.14734022196708815,7.0,8.0,0.2692307692307692,0.47058823529411764,2.294999999999998,0.6300000000000061,0.4230769230769231,0.11538461538461539,2.028,10.594947025264872,6.927465362673186,0.3977774394885066,2.3500000000000085,0.5200000000000031,0.05263157894736842,0.3157894736842105,0.5789473684210527,2.7777777777777786,0.07028070175438558,0.7307692307692307,2.9299999999999997,1.3324999999999996,4.005714285714281,1.0757142857142812,0.3720456397718012,0.30277098614506925,0.38997555012224944,0.5133333333333352,0.8119999999999976,4.011428571428574,1.1550000000000031,43.619,40.598,1.8337408312958434,0.024449877750611245
call_ddf2da1910f1,human,train,97.48,12.0,10.0,33.31999999999999,49.98000000000003,0.3418137053754616,0.5127205580631927,2.776666666666666,1.5916204181762559,0.5732126355976913,2.4999999999999964,1.2859999999999885,5.256000000000001,4.998000000000003,3.2850625564819906,8.0,2.149999999999997,2.0094028963848944,0.934605998318557,1.3499999999999979,3.8819999999999926,4.963636363636363,4.348222777447591,0.8760155778740568,6.0,5.879999999999978,3.693065244152647,0.1764705882352935,4.0,2.0,0.3333333333333333,0.2,1.825000000000005,0.990000000000002,0.08333333333333333,0.16666666666666666,2.10909090909091,7.386130488305294,6.155108740254411,0.3999999999999998,0.6550000000000014,0.2900000000000005,0.0,0.125,0.75,1.997142857142857,-0.28761904761904855,0.6666666666666666,3.3333333333333326,1.1999999999999957,1.5999999999999943,-1.7333333333333383,0.3040623717685679,0.20188756668034477,0.5194911776774723,0.9799999999999963,1.8399999999999892,2.9549999999999983,1.2100000000000009,49.992999999999995,38.763999999999996,1.3418137053754617,0.04924086992203529
call_df3e278ab7fe,synthetic,train,130.4,10.0,12.0,39.55999999999999,64.51999999999998,0.30337423312883427,0.4947852760736195,3.9559999999999986,3.3421645680606464,0.8448343195299918,3.229999999999997,0.6499999999999972,7.830000000000001,5.376666666666665,3.197330483735175,9.0,3.102222222222222,1.7765996096024295,0.572686120573849,2.1199999999999903,5.168000000000001,8.517777777777779,5.237034312954395,0.6148357528905498,2.0,1.240000000000002,0.9202453987730062,0.03134479271991917,1.0,1.0,0.1,0.08333333333333333,3.215,1.6799999999999997,0.2,0.2,2.855555555555555,4.601226993865031,5.521472392638037,0.3800922367409685,1.9599999999999902,0.3200000000000216,0.0,0.0,0.2222222222222222,2.0850000000000035,0.09433333333333328,0.9,1.7099999999999995,3.9879999999999995,2.280000000000001,0.5700000000000016,0.44309815950920256,0.33665644171779124,0.13036809815950898,0.620000000000001,0.6519999999999975,1.1599999999999966,3.980000000000004,60.712,37.729,0.009202453987730062,0.17484662576687116
call_df75973c8794,synthetic,train,168.6,9.0,9.0,73.74000000000001,68.68,0.4373665480427047,0.4073546856465006,8.193333333333335,9.165476286345166,1.118650482466863,5.579999999999998,2.2680000000000007,12.436000000000007,7.631111111111112,5.943168710459736,9.0,5.6800000000000015,4.811421596345285,0.8470812669621979,2.960000000000008,11.840000000000014,10.474999999999998,8.474224153277985,0.8089951458976599,2.0,0.8600000000000065,0.7117437722419929,0.011662598318416144,0.0,2.0,0.0,0.2222222222222222,2.979999999999997,1.5600000000000023,0.0,0.6666666666666666,8.365000000000004,3.202846975088968,3.202846975088968,0.5177643589383514,6.380000000000013,0.8600000000000065,0.0,0.0,0.1111111111111111,5.222500000000001,0.6980000000000001,1.0,4.273333333333334,2.9399999999999977,8.105000000000004,3.8316666666666697,0.3419928825622776,0.6722419928825625,0.29786476868327394,0.43000000000000327,0.4540000000000013,0.0,4.6200000000000045,53.589,38.201,0.0071174377224199285,0.014234875444839857
call_e0a8703be347,synthetic,train,147.56,11.0,6.0,54.46000000000002,66.48000000000003,0.36907020872865287,0.4505285985361889,4.950909090909093,2.4465985833600037,0.4941715831244956,3.8599999999999994,2.9200000000000017,8.36,11.080000000000005,7.873694600799977,11.0,7.934545454545452,4.922054936039261,0.6203323132038484,7.539999999999999,13.66,8.139999999999999,10.402553532666866,1.2779549794431042,1.0,0.480000000000004,0.40661425860666844,0.008813808299669552,0.0,1.0,0.0,0.16666666666666666,2.8599999999999977,0.9399999999999977,0.0,0.36363636363636365,2.095999999999999,4.472756844673353,2.439685551640011,0.45030593682817927,8.71,4.239999999999999,0.0,0.0,0.0,5.51,-0.49145454545454664,1.0,9.38,8.439999999999998,2.839999999999989,-6.540000000000012,0.4798048251558687,0.37286527514231504,0.254540525887775,0.480000000000004,0.480000000000004,0.0,4.760000000000005,51.435,38.946,0.0,0.0
call_e0c1f661d9ca,human,train,128.04,18.0,8.0,49.05999999999998,53.79999999999999,0.38316151202749127,0.4201811933770696,2.7255555555555544,1.83080802507837,0.6717192101795898,2.1899999999999977,0.6400000000000006,5.307999999999998,6.724999999999999,3.829043614272368,14.0,5.977142857142858,4.730163737080548,0.7913753862228449,6.470000000000002,11.746,4.285882352941178,4.9465318317615,1.154145500136501,4.0,2.879999999999993,1.8744142455482662,0.05870362821035454,4.0,0.0,0.2222222222222222,0.0,2.4900000000000033,1.3000000000000007,0.16666666666666666,0.1111111111111111,2.1976470588235295,8.434864104967199,3.7488284910965324,0.476958973361851,7.474999999999997,4.810000000000002,0.0,0.14285714285714285,0.42857142857142855,5.199999999999998,0.06646153846153863,0.7777777777777778,4.539999999999999,6.645714285714287,6.333333333333333,1.793333333333334,0.4208059981255858,0.46204311152764727,0.2666354264292408,0.7199999999999982,1.2840000000000003,3.3699999999999974,0.0,57.068,37.508,0.2436738519212746,0.07497656982193066
call_e106a61086bb,synthetic,train,169.72,11.0,16.0,37.400000000000006,79.19999999999999,0.22036295074239928,0.466650954513316,3.4000000000000004,2.16576671286301,0.6369902096655912,3.0400000000000063,1.0200000000000102,6.280000000000001,4.949999999999999,4.105599834372558,11.0,3.487272727272726,1.1419050343342998,0.3274493059874166,3.1000000000000227,4.460000000000001,9.922,4.46020134074685,0.4495264403090959,1.0,0.6600000000000001,0.35352345038887584,0.01764705882352941,0.0,1.0,0.0,0.0625,3.7399999999999913,1.6399999999999721,0.09090909090909091,0.2727272727272727,3.177999999999998,3.8887579542776343,5.656375206222013,0.3207547169811321,0.9500000000000046,0.44000000000002615,0.0,0.0,0.0,1.2160000000000075,-0.19909090909090896,1.0,4.444999999999999,3.3199999999999954,2.655000000000001,-1.7899999999999983,0.23403252415743592,0.23968889936365784,0.18736742870610407,0.6600000000000001,0.6600000000000001,0.0,4.8199999999999985,48.726,39.650999999999996,0.007070469007777517,0.0
call_e118b75d4937,human,train,149.92,20.0,14.0,45.28000000000006,85.58,0.3020277481323377,0.5708377801494131,2.264000000000003,1.7670155630327675,0.7804839059332002,1.8900000000000006,0.38000000000000256,4.486000000000001,6.112857142857143,4.529740498040901,12.0,1.7450000000000008,1.3603216531394333,0.7795539559538296,1.33,3.3200000000000047,5.38736842105263,4.022563783283208,0.74666580580677,9.0,10.10000000000003,3.6019210245464253,0.22305653710247386,8.0,1.0,0.4,0.07142857142857142,2.7449999999999988,1.4499999999999975,0.3,0.1,1.9652631578947366,8.0042689434365,5.60298826040555,0.34601864588109454,0.6950000000000003,0.4399999999999995,0.0,0.25,0.8333333333333334,1.0145454545454544,0.06622377622377615,0.6,1.2160000000000004,2.3633333333333355,0.6799999999999926,-0.5360000000000078,0.3496531483457843,0.2872198505869796,0.26921024546424904,1.1222222222222256,1.75200000000001,3.5975,0.8399999999999999,47.977000000000004,38.167,0.4882604055496265,0.2321237993596585
call_e2200941723b,synthetic,train,108.38,26.0,4.0,48.959999999999994,27.21999999999999,0.4517438641815833,0.25115334932644395,1.8830769230769229,2.5046399545194404,1.3300784072202911,0.7699999999999994,0.46000000000000085,5.729999999999995,6.804999999999998,3.849892855651962,18.0,10.798888888888891,7.915053090921045,0.7329506926462537,9.680000000000007,22.674000000000007,2.1296,1.7231702875804222,0.8091520884581247,8.0,7.4200000000000035,4.428861413544935,0.15155228758169945,8.0,0.0,0.3076923076923077,0.0,1.2349999999999959,0.3099999999999985,0.5,0.11538461538461539,2.3103999999999982,14.393799594021036,2.2144307067724673,0.6426883696508271,11.5,5.920000000000002,0.05555555555555555,0.05555555555555555,0.1111111111111111,5.457647058823531,0.33277605779153807,0.6923076923076923,10.626666666666667,3.1250000000000018,13.636363636363642,3.009696969696975,0.6102601956080457,0.4718582764347668,0.2731131205019375,0.9275000000000004,1.4259999999999995,4.2299999999999995,0.0,29.042,37.504000000000005,0.011072153533862336,0.09964938180476102
call_e2d538297f0c,human,val,206.46,22.0,16.0,61.59999999999997,106.88000000000001,0.29836287900804015,0.5176789692918725,2.799999999999999,2.6238070882524207,0.9370739600901506,1.9799999999999898,0.5019999999999996,6.396000000000012,6.680000000000001,5.803688482336041,18.0,2.7855555555555545,2.4532681653985646,0.8807105500034739,1.5599999999999952,5.806000000000003,6.7495238095238115,6.645590357659281,0.9846013652521861,7.0,4.399999999999997,2.034292356873002,0.07142857142857141,4.0,3.0,0.18181818181818182,0.1875,2.1400000000000077,1.129999999999992,0.18181818181818182,0.18181818181818182,2.962857142857147,6.393490264458006,4.649811101424004,0.36562203228869883,2.6499999999999932,0.6500000000000075,0.0,0.2777777777777778,0.6111111111111112,3.130588235294124,0.1441279669762636,0.8181818181818182,2.3244444444444454,2.844,3.749999999999993,1.4255555555555475,0.40482417901772705,0.2664922987503635,0.22377215925602983,0.6285714285714281,1.0840000000000005,3.039999999999993,1.9599999999999984,54.518,38.046,0.15111886079628015,0.04068584713746004
call_e3064936e37a,synthetic,train,117.94,13.0,13.0,46.98000000000002,45.18000000000002,0.3983381380362898,0.38307614041037835,3.613846153846155,4.105301522630948,1.1359923327842125,1.2200000000000006,0.4560000000000031,9.676000000000002,3.475384615384617,3.2591660457254203,8.0,4.289999999999999,1.522202351857332,0.3548257230436672,4.019999999999999,6.133999999999994,4.444999999999998,4.032832957942427,0.9072740062862608,10.0,5.200000000000012,5.087332541970493,0.11068539804172009,5.0,5.0,0.38461538461538464,0.38461538461538464,4.480000000000011,0.8000000000000025,0.3076923076923077,0.3076923076923077,5.238333333333334,6.613532304561642,6.613532304561642,0.509765625,2.7049999999999956,1.3099999999999943,0.0,0.0,0.0,2.3999999999999955,-0.27047619047619037,0.6153846153846154,5.034999999999998,2.7600000000000016,4.329999999999998,-0.7050000000000001,0.3662879430218757,0.4375105986094629,0.3912158724775308,0.5200000000000011,0.8060000000000016,4.196000000000005,2.7519999999999993,33.199,39.42699999999999,0.0,0.3255892826861116
call_e3084824935d,synthetic,train,141.46,9.0,12.0,33.62000000000002,55.599999999999994,0.23766435741552394,0.39304397002686264,3.7355555555555577,3.1285463827688096,0.8375049805151479,1.8400000000000034,0.9240000000000066,7.756,4.633333333333333,2.7257822526549855,8.0,3.6250000000000004,0.6430979707633951,0.17740633676231587,3.2900000000000063,4.569999999999991,11.979999999999997,2.7923287772037138,0.23308253565974243,1.0,1.3199999999999932,0.4241481690937367,0.0392623438429504,1.0,0.0,0.1111111111111111,0.0,3.9800000000000058,1.0600000000000023,0.0,0.3333333333333333,4.197500000000003,3.8173335218436306,5.08977802912484,0.37682134050661303,0.7599999999999953,0.18000000000000504,0.0,0.0,0.0,1.0314285714285656,0.026666666666666648,0.8888888888888888,3.200000000000001,3.913333333333334,3.6199999999999997,0.4199999999999986,0.26339601300721044,0.2553371977944298,0.19425986144493165,1.3199999999999932,1.3199999999999932,1.4000000000000057,0.0,51.510999999999996,38.753,0.025448890145624202,0.05938074367312315
call_e31bf946a8fa,human,train,148.18,11.0,12.0,41.44000000000001,75.84000000000002,0.2796598731272777,0.5118099608584156,3.7672727272727284,1.9661549504696194,0.5219040650377849,3.5600000000000023,1.5800000000000125,7.079999999999998,6.320000000000001,6.1365082362312,10.0,1.8599999999999994,1.4375256519450355,0.7728632537338903,1.2600000000000007,4.596000000000001,9.943999999999999,6.814782755158084,0.6853160453698798,1.0,1.1800000000000002,0.4049129437171008,0.02847490347490347,1.0,0.0,0.09090909090909091,0.0,2.809999999999997,1.5,0.0,0.18181818181818182,2.437999999999999,4.454042380888109,4.858955324605209,0.3533424283765348,0.9049999999999994,0.3899999999999997,0.0,0.4,0.8,1.653333333333333,-0.05818181818181893,0.9090909090909091,2.0300000000000016,2.215,0.8099999999999952,-1.2200000000000064,0.4267782426778241,0.30813875016871367,0.10406262653529522,1.1800000000000002,1.1800000000000002,1.1800000000000002,0.0,52.278999999999996,38.501000000000005,0.032393035497368064,0.024294776623026045
call_e329faf2b6a1,synthetic,val,153.6,11.0,13.0,39.380000000000024,69.49999999999999,0.2563802083333335,0.45247395833333326,3.5800000000000023,2.6412944484923226,0.7377917453889165,3.6599999999999966,0.8800000000000097,5.939999999999998,5.346153846153845,4.690359242369951,10.0,4.642,1.9258961550405589,0.41488499677737156,3.9499999999999993,8.186000000000003,10.072,6.581216908748715,0.6534170878424063,2.0,1.020000000000005,0.78125,0.02590147282884724,1.0,1.0,0.09090909090909091,0.07692307692307693,3.2200000000000024,1.8199999999999932,0.09090909090909091,0.18181818181818182,3.3439999999999985,4.296875,5.078125,0.3616825863335784,1.5050000000000132,0.8700000000000081,0.0,0.0,0.0,2.5822222222222218,-0.10145454545454612,0.9090909090909091,5.580000000000003,3.8866666666666654,4.504999999999999,-1.0750000000000037,0.3093749999999999,0.2578125000000002,0.20195312500000034,0.5100000000000025,0.5340000000000055,5.959999999999994,7.68,49.611999999999995,39.165,0.09375,0.0
call_e3f555297277,synthetic,val,124.52,9.0,8.0,26.579999999999988,71.6,0.21345968519113387,0.5750080308384194,2.953333333333332,2.2087905187127994,0.7478974668327767,3.280000000000001,0.5359999999999985,5.899999999999999,8.95,6.648496070541065,8.0,2.075000000000001,0.41997023704067227,0.20239529495936,1.8600000000000039,2.6320000000000006,10.937500000000002,7.340425311247295,0.6711245998854669,1.0,0.5399999999999991,0.4818503051718599,0.020316027088036096,1.0,0.0,0.1111111111111111,0.0,4.66,2.5799999999999983,0.3333333333333333,0.3333333333333333,3.6475000000000004,4.336652746546739,3.854802441374879,0.27072723568954976,0.6450000000000014,0.20000000000000018,0.0,0.0,0.625,0.5628571428571413,-0.008095238095238325,0.8888888888888888,2.1499999999999995,1.9250000000000043,2.299999999999997,0.1499999999999977,0.2794731769996787,0.20141342756183708,0.15949245101188572,0.5399999999999991,0.5399999999999991,4.780000000000001,0.0,50.596000000000004,38.954,0.019274012206874396,0.03854802441374879
call_e4d9c2e0947a,human,train,118.48,9.0,10.0,37.54,60.86000000000001,0.31684672518568535,0.5136731937879812,4.171111111111111,2.6989728270191318,0.6470632776550929,3.5600000000000023,1.3800000000000046,7.295999999999999,6.086,3.7771846658589525,8.0,2.945,3.150234118283909,1.0696890045106653,1.1700000000000008,8.306,9.2225,6.065768191251623,0.657714089590851,1.0,1.2799999999999998,0.5064145847400405,0.034096963239211506,1.0,0.0,0.1111111111111111,0.0,4.819999999999993,2.1599999999999966,0.0,0.4444444444444444,3.497499999999995,4.557731262660364,5.064145847400405,0.3815040650406504,2.110000000000001,0.2400000000000011,0.0,0.125,0.75,4.24,-0.23428571428571446,0.8888888888888888,3.78,3.426666666666667,0.9699999999999989,-2.810000000000001,0.48008102633355837,0.3934841323430115,0.07697501688048633,1.2799999999999998,1.2799999999999998,1.2799999999999998,0.0,52.108000000000004,39.461,0.08102633355840648,0.04051316677920324
call_e58669998b76,human,val,124.92,13.0,13.0,29.260000000000016,75.18000000000002,0.2342299071405701,0.601825168107589,2.250769230769232,1.633620149514386,0.7258052612333221,1.8599999999999994,0.4959999999999998,4.439999999999998,5.783076923076925,4.88153724938771,8.0,1.7500000000000022,1.1930213744941853,0.6817264997109622,1.4100000000000001,2.735999999999998,5.9483333333333315,3.4549429163960954,0.580825371206965,6.0,3.4200000000000155,2.8818443804034586,0.11688311688311735,5.0,1.0,0.38461538461538464,0.07692307692307693,2.919999999999999,1.2000000000000028,0.23076923076923078,0.07692307692307693,2.2233333333333305,6.243996157540827,6.243996157540827,0.2801608579088472,0.5199999999999962,0.33000000000000185,0.0,0.25,0.875,1.2857142857142827,-0.15190476190476085,0.6153846153846154,2.2199999999999998,1.3700000000000045,1.1900000000000048,-1.029999999999995,0.3727185398655139,0.20605187319884774,0.12391930835734861,0.5700000000000026,0.8700000000000001,2.6720000000000006,2.0199999999999996,44.285,38.059,0.43227665706051877,0.028818443804034585
call_e618b7b1fa5b,human,train,132.52,18.0,12.0,33.720000000000056,84.96,0.2544521581648057,0.6411107757319648,1.8733333333333364,2.165630521477649,1.15603052747917,0.6699999999999982,0.38200000000000006,4.661999999999999,7.079999999999999,5.9330205910087095,8.0,1.119999999999998,0.48425200051213085,0.4323678576001176,0.9699999999999953,1.8040000000000003,4.7917647058823505,3.243760046420562,0.6769447678510875,10.0,5.600000000000033,4.527618472683368,0.16607354685646572,10.0,0.0,0.5555555555555556,0.0,2.6999999999999957,0.29999999999999716,0.6111111111111112,0.1111111111111111,2.5364705882352925,8.149713250830063,5.433142167220042,0.28412537917088004,0.4349999999999956,0.19999999999999485,0.0,0.625,0.875,0.6885714285714294,-0.004285714285714633,0.4444444444444444,1.1599999999999984,1.1749999999999972,0.7800000000000011,-0.37999999999999723,0.23362511319046178,0.37096287352852514,0.15876848777543018,0.5600000000000034,0.8180000000000089,6.280000000000001,0.0,40.673,39.721000000000004,0.9145789314820404,0.03622094778146695
call_e697765a4dfd,synthetic,train,153.1,8.0,10.0,36.040000000000035,80.62000000000003,0.235401698236447,0.5265839320705423,4.505000000000004,2.5734947056483315,0.5712529868253783,5.140000000000001,0.9180000000000106,7.028000000000005,8.062000000000003,6.291756193623529,8.0,3.1774999999999967,0.652413787407963,0.2053229858089579,2.91,3.887999999999996,12.334285714285711,6.632273596680442,0.5377103912064293,1.0,0.04000000000000625,0.3919007184846505,0.0011098779134296952,0.0,1.0,0.0,0.1,4.055000000000014,1.8200000000000074,0.125,0.5,1.8057142857142832,3.135205747877204,3.9190071848465053,0.30893193896794113,0.8250000000000046,0.40000000000000924,0.0,0.0,0.0,0.6114285714285733,-0.18785714285714442,1.0,3.7600000000000007,3.2099999999999973,2.869999999999994,-0.8900000000000068,0.2377531025473546,0.297975179621163,0.17047681254082334,0.04000000000000625,0.04000000000000625,0.0,0.04000000000000625,55.675,39.56699999999999,0.0,0.0
call_e69e8ba551e4,human,train,153.66,16.0,11.0,38.31999999999997,87.54,0.2493817519198228,0.5696993361967981,2.3949999999999982,2.3856812444247457,0.9961090790917526,1.5700000000000003,0.3299999999999965,6.46,7.958181818181819,5.636423460093074,14.0,3.142857142857145,3.2847862043310014,1.0451592468325905,1.5799999999999996,7.784000000000004,6.590666666666668,6.677112616160436,1.0131164196075917,4.0,0.8199999999999896,1.5618898867629833,0.021398747390396405,2.0,2.0,0.125,0.18181818181818182,2.659999999999995,1.1499999999999986,0.375,0.1875,2.337333333333333,6.247559547051933,4.295197188598204,0.3044652788812965,2.585000000000014,0.6399999999999983,0.0,0.14285714285714285,0.6428571428571429,2.92923076923077,-0.1597362637362633,0.875,4.896000000000001,1.4280000000000002,3.095000000000006,-1.8009999999999948,0.3416634127294026,0.26630222569308853,0.1401796173369773,0.2049999999999974,0.33399999999999785,4.7799999999999905,0.0799999999999983,42.298,38.421,0.4919953143303397,0.0
call_e6c59d28e6d7,synthetic,train,118.54,9.0,12.0,27.12000000000002,65.68,0.22878353298464668,0.5540745739834655,3.0133333333333354,2.2005251898378977,0.7302627842382399,2.440000000000005,0.772000000000002,5.988000000000003,5.473333333333334,4.380131910748299,7.0,2.345714285714284,0.30174999788647777,0.12863885415379697,2.1599999999999966,2.751999999999998,6.894999999999998,1.8964110841270656,0.27504149153401974,3.0,1.379999999999999,1.518474776446769,0.050884955752212316,2.0,1.0,0.2222222222222222,0.08333333333333333,3.680000000000007,1.6600000000000037,0.1111111111111111,0.2222222222222222,3.7550000000000034,4.555424329340307,6.073899105787076,0.29224137931034494,0.5299999999999976,0.11999999999999744,0.0,0.0,0.0,0.466666666666665,-0.01857142857142843,0.7777777777777778,2.419999999999998,2.3549999999999986,2.1599999999999966,-0.26000000000000156,0.32292896912434627,0.2567909566391094,0.10663067319048435,0.4599999999999997,0.772000000000002,1.370000000000001,0.1599999999999966,38.756,39.754000000000005,0.08098532141049435,0.0
call_e9bd33cdb226,human,val,142.82,15.0,13.0,27.32000000000002,91.21999999999997,0.19128973533118626,0.6387060635765297,1.8213333333333348,1.503728107811456,0.8256193856944297,1.0800000000000125,0.4280000000000001,4.023999999999999,7.016923076923074,4.901546670522849,10.0,1.3560000000000003,0.9712589767924924,0.716267682000363,1.0399999999999991,1.771999999999999,6.954285714285713,7.0384918375273235,1.0121085222409876,5.0,2.199999999999992,2.100546141996919,0.08052708638360141,5.0,0.0,0.3333333333333333,0.0,2.7100000000000017,0.6600000000000108,0.4,0.0,1.831428571428572,6.301638425990758,5.46141996919199,0.2304707271806987,0.19000000000000128,0.11999999999999744,0.0,0.4,0.9,0.8577777777777776,-0.1335757575757577,0.6666666666666666,1.9250000000000007,0.9800000000000004,0.9699999999999989,-0.9550000000000018,0.2499649908976334,0.2184567987676799,0.10544741632824556,0.43999999999999845,0.47200000000000064,4.163999999999996,0.0,37.298,38.217,0.2940764598795687,0.008402184567987678
call_eb1c9a5a2c08,human,train,145.32,17.0,14.0,37.43999999999998,76.22000000000003,0.25763831544178356,0.5244976603358108,2.2023529411764695,2.69985518001977,1.2258957815260714,1.2399999999999949,0.5039999999999889,4.427999999999995,5.444285714285717,4.073364201537515,12.0,1.203333333333332,0.637904555730888,0.530114589250046,1.1599999999999966,1.6379999999999968,6.697500000000001,5.053982959013613,0.7546073846978145,6.0,7.42,2.4772914946325355,0.19818376068376076,5.0,1.0,0.29411764705882354,0.07142857142857142,2.299999999999989,0.7199999999999918,0.35294117647058826,0.058823529411764705,2.541249999999999,7.018992568125517,5.78034682080925,0.32940348407531217,0.6599999999999966,0.35999999999999943,0.08333333333333333,0.4166666666666667,0.9166666666666666,0.5781818181818168,-0.10573426573426561,0.7058823529411765,1.6449999999999996,1.3199999999999967,0.6449999999999996,-1.0,0.39595375722543347,0.24401321222130473,0.13294797687861237,1.2366666666666666,3.1900000000000013,1.2839999999999991,5.020000000000003,46.855000000000004,39.345,0.7844756399669696,0.12386457473162676
call_ec545493459e,synthetic,train,148.86,13.0,10.0,29.779999999999987,74.56,0.20005374177079124,0.5008733037753593,2.2907692307692296,1.7079473129077039,0.7455780748086018,1.9399999999999977,0.395999999999998,4.640000000000003,7.456,5.198467466475098,12.0,3.8816666666666664,1.4520435790827904,0.37407734969930195,3.479999999999995,4.512000000000006,8.950000000000001,7.141192710838526,0.7978986269093324,1.0,0.45999999999999375,0.40306328093510674,0.015446608462054867,1.0,0.0,0.07692307692307693,0.0,3.0599999999999987,1.480000000000004,0.3076923076923077,0.07692307692307693,2.5333333333333354,5.239822652156388,4.030632809351068,0.28541307264711513,1.0849999999999933,0.45000000000000373,0.0,0.0,0.0,1.5727272727272743,-0.02706293706293746,0.9230769230769231,4.264000000000001,3.664999999999999,3.5333333333333314,-0.7306666666666697,0.25755743651753327,0.24707779121322054,0.09552599758161992,0.45999999999999375,0.45999999999999375,1.0799999999999983,0.0,21.256999999999998,39.709,0.032245062474808545,0.008061265618702136
call_ec58505fc522,human,train,133.46,15.0,10.0,35.20000000000001,74.5,0.2637494380338679,0.5582196912932713,2.346666666666667,2.2021040443680717,0.9383966098159394,1.1800000000000033,0.604,5.303999999999997,7.45,6.492692815773747,12.0,2.311666666666666,2.6755617271062064,1.157416752893817,1.12,5.124,6.451428571428571,6.995670964596461,1.0843599812262008,4.0,2.8000000000000136,1.7982916229581896,0.0795454545454549,3.0,1.0,0.2,0.1,1.83,0.7200000000000033,0.13333333333333333,0.13333333333333333,2.5499999999999967,6.743593586093211,4.495729057395474,0.3208751139471286,1.399999999999995,0.33999999999999897,0.0,0.4166666666666667,0.6666666666666666,2.9890909090909052,-6.993006992988677e-05,0.8,2.32,2.9119999999999964,0.7900000000000063,-1.5299999999999936,0.3605574704031169,0.33987711673909826,0.0908137269593884,0.7000000000000034,1.0020000000000013,5.120000000000004,1.0800000000000018,53.259,38.719,0.11688895549228233,0.03596583245916379
call_ed020e30c242,synthetic,train,79.36,18.0,2.0,59.84,16.560000000000002,0.7540322580645161,0.20866935483870971,3.3244444444444445,3.8891218977813584,1.169856185829954,1.4600000000000009,0.8019999999999996,8.19400000000001,8.280000000000001,0.120000000000001,13.0,23.386153846153846,12.76491196659001,0.5458320359373401,23.84,38.20399999999999,0.9105882352941173,0.4743350836974819,0.5209106216316018,5.0,9.18,3.780241935483871,0.15340909090909088,5.0,0.0,0.2777777777777778,0.0,3.8249999999999895,0.6099999999999994,0.05555555555555555,0.2777777777777778,3.4223529411764724,13.608870967741936,1.5120967741935485,0.7832460732984293,13.119999999999997,6.899999999999999,0.0,0.0,0.15384615384615385,5.53,3.2714285714285705,0.7222222222222222,7.130000000000001,12.966666666666663,31.357499999999995,24.227499999999992,0.7338709677419355,0.7744455645161291,0.7537802419354841,1.8359999999999999,3.176,4.824000000000001,0.0,13.411999999999999,34.214,0.06048387096774194,0.12096774193548387
call_ed041799aed9,human,train,155.94,22.0,16.0,44.06000000000001,84.33999999999999,0.2825445684237528,0.5408490445042965,2.0027272727272734,1.360324766765047,0.6792361522657973,1.770000000000005,0.5199999999999964,3.963999999999998,5.271249999999999,4.038118180229498,15.0,2.603999999999999,2.587696015119757,0.9937388690936091,1.4200000000000017,5.008000000000001,4.833333333333333,5.493193479495745,1.1365227888611886,10.0,5.359999999999989,3.8476337052712584,0.12165229232864248,7.0,3.0,0.3181818181818182,0.1875,2.355000000000004,1.1200000000000045,0.22727272727272727,0.0,1.4390476190476182,8.464794151596768,6.156213928434013,0.3431464174454829,2.5000000000000053,0.6599999999999966,0.06666666666666667,0.2,0.6666666666666666,2.4400000000000026,-0.010571428571428867,0.6818181818181818,1.9333333333333347,3.5028571428571413,1.7479999999999989,-0.1853333333333358,0.26048480184686407,0.42016160061562163,0.16698730280877272,0.5359999999999989,0.9499999999999972,0.9314285714285708,1.0333333333333314,42.148,39.181,0.1846864178530204,0.02308580223162755
call_ed99e3ea3f0e,synthetic,train,159.46,11.0,13.0,34.679999999999986,95.82000000000002,0.21748400852878455,0.6009030477862788,3.1527272727272715,2.5846156419338118,0.8198031159536315,2.9399999999999977,0.5999999999999943,5.060000000000002,7.370769230769232,3.2410598018323022,8.0,1.9574999999999991,0.1647536039059552,0.08416531489448545,2.0400000000000014,2.1259999999999986,9.290000000000003,3.769289057634077,0.40573617412638063,3.0,1.8599999999999959,1.1288097328483633,0.05363321799307949,3.0,0.0,0.2727272727272727,0.0,3.429999999999998,2.1200000000000045,0.36363636363636365,0.18181818181818182,2.6900000000000013,4.138969020443999,4.891508842342907,0.2657471264367815,0.27500000000000746,0.08999999999999764,0.0,0.0,0.375,0.19428571428571356,-0.0359523809523817,0.7272727272727273,2.069999999999999,1.990000000000002,1.779999999999994,-0.2900000000000049,0.24081274300765085,0.26915840963250953,0.14248087294619322,0.6199999999999987,0.7079999999999991,2.479999999999991,0.0,58.842,40.455,0.030101592875956353,0.1354571679418036
call_ee227bc9d7ac,human,train,195.58,20.0,20.0,44.23999999999998,104.96,0.22619899785254105,0.5366601902034972,2.211999999999999,2.265677823522135,1.0242666471619062,1.0600000000000023,0.4140000000000001,5.524000000000001,5.247999999999999,2.934862177343257,15.0,1.8093333333333337,0.6874442199593781,0.379943378754262,1.6599999999999966,2.768000000000006,7.097894736842106,5.022437633101414,0.7075953954391729,6.0,4.679999999999971,1.8406790060333367,0.10578661844484569,5.0,1.0,0.25,0.05,3.070000000000002,0.6300000000000026,0.35,0.15,2.6663157894736864,6.135596686777789,6.135596686777789,0.2965147453083109,0.4299999999999984,0.20000000000000284,0.06666666666666667,0.06666666666666667,0.7333333333333333,0.6414285714285695,0.009071428571428309,0.75,1.7759999999999998,1.552000000000001,2.1,0.3240000000000003,0.2658758564270377,0.2688413948256464,0.14387974230493902,0.7799999999999953,1.3099999999999916,3.304000000000002,1.3399999999999892,42.183,38.951,0.5215257183761121,0.006135596686777788
call_eed2c7389776,synthetic,val,184.0,11.0,12.0,45.58000000000005,82.85999999999996,0.24771739130434808,0.4503260869565215,4.143636363636368,2.7975160174284226,0.6751355022315185,3.8800000000000097,0.9399999999999977,8.64,6.904999999999997,6.92465221750041,10.0,4.0539999999999985,0.8220486603601992,0.20277470655160323,3.899999999999997,5.353999999999994,12.583999999999994,7.98280051109885,0.6343611340669781,2.0,1.459999999999999,0.6521739130434783,0.03203159280386129,1.0,1.0,0.09090909090909091,0.08333333333333333,3.779999999999987,2.519999999999996,0.09090909090909091,0.2727272727272727,2.6959999999999993,3.5869565217391304,3.913043478260869,0.35487387106820345,0.8800000000000017,0.490000000000002,0.0,0.0,0.0,1.1111111111111116,-0.09951515151515157,0.9090909090909091,4.5666666666666655,4.174999999999997,3.3800000000000003,-1.1866666666666652,0.3247826086956523,0.25076086956521776,0.16760869565217418,0.7299999999999995,0.8979999999999981,1.460000000000008,6.6,57.817,39.45399999999999,0.03913043478260869,0.05869565217391304
call_f003741555a1,human,train,127.34,11.0,11.0,29.599999999999998,77.08000000000001,0.23244856290246582,0.605308622585205,2.690909090909091,2.19580366130678,0.8160081173775197,2.0400000000000063,0.8599999999999994,6.339999999999996,7.007272727272729,4.857288976203402,9.0,1.2844444444444452,0.9773787064400727,0.76093497906234,0.9399999999999977,2.796000000000001,8.164000000000001,6.626684238742633,0.811695766626976,3.0,2.1000000000000014,1.4135385581906708,0.070945945945946,2.0,1.0,0.18181818181818182,0.09090909090909091,2.610000000000001,1.1800000000000068,0.09090909090909091,0.18181818181818182,2.8679999999999994,5.182974713365793,5.182974713365793,0.27746531683539555,0.3200000000000074,0.20000000000000284,0.1111111111111111,0.6666666666666666,0.7777777777777778,1.3175000000000006,0.15766666666666732,0.8181818181818182,0.7399999999999993,1.6933333333333327,1.7600000000000051,1.0200000000000058,0.31678969687450925,0.3211873723888802,0.059368619444008064,0.7000000000000005,0.8559999999999995,3.459999999999999,0.8399999999999999,45.979,38.347,0.1507774462070049,0.047117951939689026
call_f0ad1cf1aa6a,synthetic,train,127.94,11.0,13.0,35.10000000000001,70.98000000000003,0.2743473503204628,0.5547913084258249,3.190909090909092,2.1740011480529473,0.6813109010992141,3.200000000000003,0.8200000000000074,6.060000000000002,5.460000000000003,2.78737814497368,7.0,1.7771428571428542,0.29187640660850533,0.16423913555141,1.6599999999999966,2.171999999999998,7.469999999999999,4.299351113831016,0.5755490112223584,4.0,3.560000000000006,1.8758793184305143,0.10142450142450156,4.0,0.0,0.36363636363636365,0.0,3.0499999999999954,1.8399999999999999,0.09090909090909091,0.18181818181818182,1.918,5.158668125683914,6.096607784899171,0.3308823529411764,0.3299999999999965,0.14000000000000057,0.0,0.0,0.7142857142857143,0.37666666666666276,-0.05714285714285795,0.6363636363636364,1.8499999999999996,1.8533333333333293,1.5899999999999963,-0.26000000000000334,0.2846646865718305,0.3149914022197906,0.2233859621697672,0.8900000000000015,1.1939999999999995,1.3150000000000004,0.0,30.502000000000002,38.559,0.0,0.25324370798811946
call_f1372119b403,synthetic,train,240.38,50.0,11.0,177.77999999999997,82.33999999999999,0.7395789999167983,0.34254097678675427,3.5555999999999996,4.064043877715888,1.1429980531319295,1.4599999999999973,0.7579999999999927,7.781999999999998,7.4854545454545445,4.621830341161315,28.0,19.529285714285717,16.19258073681794,0.8291435218735641,16.85,44.182,1.1942857142857144,0.7319417842357426,0.6128699150299279,29.0,52.30000000000002,7.238538979948416,0.2941838227022164,22.0,6.0,0.44,0.5454545454545454,4.944999999999993,0.6799999999999962,0.1,0.3,3.513061224489794,12.480239620600717,2.745652716532158,0.683453790558204,29.230000000000008,14.579999999999998,0.03571428571428571,0.07142857142857142,0.14285714285714285,7.368888888888891,0.2043185550082102,0.56,9.737142857142855,31.365714285714294,5.648571428571428,-4.088571428571427,0.7882519344371411,0.6669440053249021,0.7635410599883519,1.8034482758620696,5.180000000000003,4.841818181818182,1.796666666666664,11.795000000000002,36.89,0.09984191696480574,0.04492886263416258
call_f1b82a4a46f6,human,val,133.9,12.0,11.0,30.59999999999999,79.34,0.2285287528005974,0.5925317401045557,2.5499999999999994,1.9741749331471774,0.774186248293011,1.8599999999999959,0.7359999999999992,5.824000000000001,7.212727272727273,5.229693352576562,10.0,2.227999999999999,2.2551133009230386,1.012169345118061,1.1199999999999974,4.7040000000000015,8.783636363636363,6.531979057929008,0.7436531736412657,2.0,1.38,0.8961911874533233,0.04509803921568629,2.0,0.0,0.16666666666666666,0.0,2.444999999999998,1.0599999999999952,0.16666666666666666,0.16666666666666666,2.0890909090909067,5.37714712471994,4.929051530993278,0.27833363652901577,2.065000000000003,0.39000000000000057,0.0,0.4,0.7,2.962222222222222,-0.34036363636363703,0.8333333333333334,3.6000000000000005,1.7933333333333341,0.8333333333333286,-2.766666666666672,0.3876026885735622,0.22852875280059753,0.06945481702763243,0.69,0.714,1.24,0.0,42.635000000000005,39.473,0.23300970873786406,0.026885735623599697
call_f202d4ff9f96,human,train,145.74,24.0,14.0,52.00000000000001,81.6,0.3567997804309044,0.5599011939069575,2.166666666666667,2.485066509282107,1.1469537735148185,1.2999999999999978,0.40600000000000025,4.102000000000001,5.828571428571428,5.526268254104802,14.0,2.254285714285715,3.6179586080821755,1.6049246043457048,0.8900000000000032,4.976000000000004,3.799130434782608,5.223963107469669,1.375041788416141,14.0,9.559999999999965,5.763688760806915,0.18384615384615316,10.0,4.0,0.4166666666666667,0.2857142857142857,1.900000000000004,0.8099999999999998,0.2916666666666667,0.08333333333333333,2.428695652173918,9.880609304240426,5.763688760806915,0.3892215568862276,0.7100000000000062,0.42000000000000526,0.14285714285714285,0.5714285714285714,0.7857142857142857,3.4323076923076914,0.028571428571428505,0.5833333333333334,0.7320000000000004,4.223333333333334,0.853333333333334,0.12133333333333363,0.4223960477562785,0.49444215726636476,0.15356113627006987,0.6828571428571404,1.1960000000000004,1.983999999999997,0.6649999999999991,47.341,39.812,1.5067929188966651,0.016467682173734045
call_f23bfe7d0e9e,synthetic,train,148.98,10.0,10.0,50.360000000000014,70.17999999999999,0.3380319505973957,0.47106994227413074,5.036000000000001,4.470389692185681,0.887686594953471,3.970000000000006,0.5979999999999962,11.884,7.017999999999999,3.8393379637640668,9.0,2.3377777777777764,2.0092772485967183,0.8594817128027793,1.9399999999999977,3.2,7.699999999999999,4.048143607465854,0.5257329360345265,1.0,0.5800000000000125,0.40273862263391064,0.011517077045274273,1.0,0.0,0.1,0.0,4.860000000000001,2.66,0.2,0.4,5.39777777777778,4.0273862263391065,4.0273862263391065,0.4177866268458604,0.2600000000000051,0.1399999999999979,0.1111111111111111,0.1111111111111111,0.6666666666666666,2.0175000000000005,-0.20566666666666683,0.9,3.8733333333333335,1.4199999999999982,1.8699999999999974,-2.003333333333336,0.37776882803060813,0.5163109142166733,0.12001610954490581,0.5800000000000125,0.5800000000000125,13.560000000000002,0.0,53.93,38.282,0.0,0.008054772452678213
call_f27db4ab1f5a,synthetic,train,86.82,11.0,12.0,27.819999999999983,40.26000000000002,0.3204330799354986,0.46371803731859046,2.5290909090909075,1.8099796811790425,0.7156641442476449,2.0400000000000063,0.7800000000000011,4.360000000000001,3.3550000000000018,3.8881197255228632,8.0,4.347500000000002,3.238903170828052,0.7450036045607936,3.5900000000000003,7.422000000000001,4.216000000000002,6.591041192406552,1.5633399412729005,7.0,3.8800000000000185,4.8375950241879755,0.13946800862688788,3.0,4.0,0.2727272727272727,0.3333333333333333,2.3399999999999954,1.1199999999999903,0.09090909090909091,0.09090909090909091,2.4319999999999995,7.601935038009676,8.293020041465102,0.4086368977673323,3.0799999999999947,1.7199999999999958,0.0,0.0,0.375,3.7000000000000006,0.2507142857142861,0.7272727272727273,4.7,2.3066666666666698,6.153333333333336,1.4533333333333358,0.2052522460262613,0.28610919143054603,0.46993780234968835,0.5542857142857169,0.7200000000000003,0.9466666666666678,2.430000000000001,49.722,39.717,0.29025570145127855,0.22114720110573605
call_f2ab1c408b36,synthetic,train,115.84,12.0,9.0,32.82000000000001,64.64,0.28332182320441995,0.5580110497237569,2.7350000000000008,3.406181880052796,1.2454047093428866,1.2100000000000009,0.6220000000000041,6.7180000000000035,7.182222222222222,4.908871284109069,7.0,4.128571428571431,4.473054017659295,1.0834386893984445,1.8800000000000097,9.152000000000006,6.578181818181818,7.347075878670517,1.116885498415916,5.0,4.240000000000009,2.589779005524862,0.12918951858622815,5.0,0.0,0.4166666666666667,0.0,2.384999999999997,0.5799999999999983,0.3333333333333333,0.16666666666666666,2.0290909090909093,6.2154696132596685,4.661602209944752,0.33675353991381085,2.270000000000003,0.3200000000000074,0.0,0.0,0.5714285714285714,5.62,-0.7078571428571416,0.5833333333333334,8.06,2.900000000000001,2.0400000000000063,-6.019999999999994,0.392610497237569,0.3415055248618788,0.11584944751381206,0.8480000000000019,1.1840000000000033,2.6640000000000015,0.0,32.67,38.801,0.0,0.5697513812154696
call_f331303c4fb8,human,train,126.82,14.0,12.0,25.52000000000001,72.06,0.20123008989118446,0.5682069074278505,1.8228571428571436,1.2693723340489886,0.6963641330989747,1.2100000000000009,0.48600000000000276,3.4420000000000055,6.005,4.392228933013396,12.0,1.6266666666666652,1.4032422773309279,0.8626489409821286,1.0899999999999963,2.403999999999994,7.275384615384614,4.991828114928847,0.6861256660401249,2.0,1.4399999999999995,0.9462229932187353,0.05642633228840121,2.0,0.0,0.14285714285714285,0.0,2.569999999999995,0.7899999999999991,0.2857142857142857,0.0,2.116923076923074,6.623560952531147,5.677337959312411,0.26152900184464034,0.4749999999999961,0.2299999999999991,0.0,0.3333333333333333,0.8333333333333334,1.2345454545454522,-0.17062937062937114,0.8571428571428571,2.4549999999999996,1.3919999999999972,0.9133333333333317,-1.5416666666666679,0.2744046680334332,0.20296483204541918,0.12632076959470093,0.7199999999999998,1.008,4.680000000000003,0.0,39.377,39.308,0.3027913578299953,0.018924459864374705
call_f5251fb3b1d9,synthetic,train,132.64,15.0,9.0,28.34,77.04000000000002,0.21366103739445116,0.5808202653799761,1.8893333333333333,1.713084806877802,0.9067139062514831,1.2800000000000011,0.4040000000000049,3.579999999999999,8.560000000000002,5.488541599449612,9.0,3.375555555555554,1.624746893868641,0.4813272562481164,3.5,4.447999999999997,6.641428571428571,4.125332639649207,0.6211513976671209,7.0,4.840000000000018,3.1664656212303983,0.17078334509527232,6.0,1.0,0.4,0.1111111111111111,1.6599999999999966,0.8400000000000034,0.26666666666666666,0.06666666666666667,1.6071428571428557,6.785283474065139,4.071170084439084,0.2689314860504839,0.9199999999999875,0.3999999999999986,0.1111111111111111,0.1111111111111111,0.1111111111111111,1.745,0.2416666666666669,0.6,2.013333333333334,4.504999999999994,3.1600000000000037,1.1466666666666696,0.2456272617611581,0.24306393244873334,0.15229191797346206,0.691428571428574,1.3600000000000023,8.006666666666673,0.8799999999999955,10.036000000000001,39.06,0.12665862484921594,0.0
call_f68d3459fdc7,synthetic,train,179.88,14.0,19.0,41.91999999999997,101.61999999999999,0.23304425172337098,0.5649321770068935,2.9942857142857124,1.635261946188762,0.5461275583645678,2.689999999999987,1.2300000000000053,4.9700000000000015,5.348421052631578,4.8690615794853045,12.0,2.4183333333333334,0.9617157699768754,0.397677093029721,2.169999999999998,3.9299999999999846,7.781538461538464,6.929501975837519,0.8905053942851693,7.0,6.5800000000000125,2.334889926617745,0.15696564885496223,2.0,5.0,0.14285714285714285,0.2631578947368421,1.7100000000000009,1.1200000000000117,0.07142857142857142,0.14285714285714285,2.1015384615384596,4.66977985323549,6.337558372248166,0.29204402953880443,0.7950000000000026,0.3099999999999916,0.0,0.08333333333333333,0.4166666666666667,1.0781818181818124,-0.044405594405594655,0.8571428571428571,2.6480000000000006,1.9250000000000043,2.693333333333328,0.04533333333332745,0.2838559039359572,0.2775183455637089,0.13775850567044684,0.9400000000000018,1.248000000000002,1.3599999999999994,1.7760000000000005,55.516,40.331999999999994,0.10006671114076052,0.3335557038025351
call_f6ce5de7ac09,synthetic,val,158.64,12.0,14.0,40.54,80.89999999999995,0.255547150781644,0.5099596570852242,3.3783333333333334,3.493674840177445,1.034141541246407,2.3500000000000085,0.5239999999999967,5.235999999999996,5.778571428571425,3.264076892351597,8.0,2.61,0.3976179070414204,0.15234402568636798,2.530000000000001,3.0899999999999976,7.725454545454546,3.893379844244616,0.5039677369579992,4.0,2.6799999999999784,1.5128593040847202,0.06610754810064082,4.0,0.0,0.3333333333333333,0.0,3.8600000000000065,1.8800000000000026,0.25,0.25,2.5836363636363617,4.538577912254161,5.295007564296521,0.33382740447957854,0.3600000000000083,0.20000000000000284,0.0,0.0,0.0,0.43714285714285783,0.11619047619047655,0.6666666666666666,2.3466666666666653,2.633333333333335,2.969999999999999,0.6233333333333335,0.3608169440242057,0.28328290468986383,0.12254160363086242,0.6699999999999946,0.9739999999999911,1.1049999999999969,0.0,56.589,38.94199999999999,0.022692889561270805,0.15885022692889564
call_f9fbabf70f7e,synthetic,val,104.38,11.0,7.0,35.799999999999976,47.23999999999998,0.34297758191224353,0.45257712205403317,3.254545454545452,2.6122660439353265,0.802651577745492,2.4599999999999937,0.6400000000000006,4.659999999999997,6.748571428571426,5.624069265402128,11.0,3.5200000000000027,2.02362411170023,0.5748932135512013,2.3400000000000034,6.039999999999999,5.838000000000003,6.925878716812766,1.1863444187757386,2.0,0.7799999999999869,1.1496455259628282,0.021787709497206355,0.0,2.0,0.0,0.2857142857142857,2.599999999999998,1.6999999999999957,0.18181818181818182,0.09090909090909091,2.355999999999999,6.323050392795555,4.023759340869899,0.43111753371868966,2.4999999999999982,0.6400000000000023,0.0,0.0,0.2727272727272727,2.7079999999999975,0.09636363636363679,1.0,2.8666666666666676,3.3750000000000018,4.155000000000005,1.288333333333337,0.4033339720252919,0.3355048859934853,0.2900938877179532,0.38999999999999346,0.39799999999999186,0.0,2.5999999999999943,29.321999999999996,38.230999999999995,0.0,0.045985821038513126
call_fa26d1186721,human,val,125.06,8.0,14.0,26.679999999999996,70.84,0.21333759795298254,0.5664481049096434,3.3349999999999995,2.177860188350025,0.6530315407346402,2.8999999999999986,1.0139999999999987,6.040000000000002,5.0600000000000005,4.480299734871063,8.0,1.1424999999999992,0.31439425885343236,0.2751809705500504,1.1099999999999994,1.5519999999999987,11.854285714285714,4.4677346677286565,0.37688771600506865,0.0,0.0,0.0,0.0,0.0,0.0,0.0,0.0,4.330000000000003,1.9299999999999997,0.0,0.375,2.95714285714286,3.8381576843115304,6.7167759475451785,0.27358490566037735,0.509999999999998,0.2799999999999976,0.0,0.375,1.0,0.5428571428571394,0.024047619047618745,1.0,1.0066666666666677,1.1999999999999982,1.259999999999998,0.2533333333333303,0.2926595234287542,0.24804094034863255,0.09931233008156086,0.0,0.0,0.0,0.0,44.473,39.403,0.10554933631856708,0.0
call_fa4d7f2897f4,human,train,209.6,20.0,19.0,60.32000000000002,118.08000000000001,0.28778625954198483,0.5633587786259543,3.016000000000001,3.0467136393169616,1.0101835674127855,1.8800000000000026,0.8860000000000043,5.592000000000026,6.214736842105264,5.085354998135696,15.0,2.0786666666666638,1.8578333856643021,0.8937620521156052,1.0999999999999943,4.751999999999998,6.039999999999998,4.545128103110431,0.7525046528328531,7.0,3.9799999999999898,2.00381679389313,0.06598143236074251,5.0,2.0,0.25,0.10526315789473684,1.8800000000000034,0.9299999999999997,0.1,0.15,2.88947368421053,5.7251908396946565,5.438931297709924,0.33811659192825116,2.359999999999985,0.3399999999999892,0.13333333333333333,0.3333333333333333,0.6666666666666666,2.179999999999998,0.055785714285713155,0.75,1.931428571428572,2.596000000000001,1.5599999999999834,-0.37142857142858854,0.37585877862595435,0.33463740458015284,0.15286259541984748,0.5685714285714271,0.9960000000000023,1.6839999999999975,1.3900000000000006,46.631,38.433,0.12022900763358779,0.05152671755725191
call_fa9e18dd83dd,synthetic,val,141.6,8.0,12.0,42.88,75.21999999999998,0.30282485875706217,0.5312146892655366,5.36,4.959979838668701,0.9253693728859517,4.949999999999996,0.906000000000001,9.592000000000002,6.268333333333332,5.579411309050051,8.0,3.0150000000000023,1.5585810854748658,0.5169423169070861,2.4600000000000044,4.966000000000005,8.145714285714286,5.925226595167617,0.727404176888343,5.0,2.139999999999981,2.1186440677966103,0.04990671641791,0.0,5.0,0.0,0.4166666666666667,5.020000000000003,2.4700000000000024,0.0,0.5,4.582857142857139,3.3898305084745766,5.084745762711865,0.36308213378492804,0.7650000000000023,0.3700000000000041,0.0,0.0,0.25,1.911428571428574,0.09095238095238088,1.0,2.18,3.632000000000005,1.5999999999999943,-0.5800000000000058,0.3953389830508474,0.36440677966101687,0.14872881355932224,0.4279999999999962,0.5879999999999946,0.0,5.1679999999999975,50.406,37.938,0.01694915254237288,0.05932203389830509
call_fb1405943fed,human,val,177.6,27.0,14.0,43.38000000000005,111.88,0.24425675675675707,0.6299549549549549,1.6066666666666687,1.6179090300847057,1.0069973216294836,0.8800000000000026,0.37999999999999967,3.672000000000006,7.991428571428571,6.339935620609207,12.0,1.279999999999997,0.8645615459102185,0.6754387077423598,1.0799999999999983,2.3660000000000014,4.956153846153844,3.586620518756078,0.7236701341584515,17.0,10.739999999999991,5.743243243243243,0.2475795297372056,15.0,2.0,0.5555555555555556,0.14285714285714285,1.730000000000004,0.4799999999999969,0.48148148148148145,0.07407407407407407,1.7584615384615403,9.121621621621621,4.72972972972973,0.279402292927992,0.5500000000000025,0.25000000000000355,0.16666666666666666,0.3333333333333333,0.8333333333333334,1.1563636363636343,0.009650349650349535,0.4444444444444444,1.3899999999999988,1.1519999999999953,1.346666666666664,-0.04333333333333478,0.22533783783783798,0.3125000000000005,0.19493243243243277,0.6317647058823525,1.1160000000000012,5.641333333333335,0.10000000000000142,36.211,39.54299999999999,1.8986486486486487,0.0
call_fc8bda4b3374,synthetic,val,193.36,11.0,22.0,35.599999999999945,104.77999999999997,0.18411253620190288,0.5418907736863879,3.2363636363636314,2.366966884306782,0.7313661721172653,2.580000000000002,0.7800000000000011,6.799999999999983,4.762727272727272,4.155151437802765,10.0,4.102000000000002,0.6967036672789945,0.16984487256923309,4.000000000000002,4.498000000000003,11.784000000000004,5.144595610929979,0.4365746445120483,4.0,2.739999999999995,1.2412081092263134,0.07696629213483144,1.0,3.0,0.09090909090909091,0.13636363636363635,4.039999999999996,1.8000000000000007,0.09090909090909091,0.2727272727272727,1.9519999999999953,3.413322300372362,6.826644600744724,0.2535973785439519,0.3099999999999987,0.19000000000000128,0.0,0.0,0.0,0.8022222222222217,-0.05515151515151402,0.9090909090909091,4.428000000000001,3.5400000000000014,4.13000000000001,-0.29799999999999116,0.1923872569300786,0.22683078196110867,0.1331195697145214,0.6849999999999987,0.8620000000000005,5.159999999999997,1.7133333333333336,52.937,40.917,0.06826644600744725,0.04344228382292097
call_fce92bad5095,human,train,185.18,15.0,17.0,54.31999999999996,102.42000000000002,0.29333621341397537,0.5530834863376175,3.6213333333333306,2.265538542794823,0.6256089495935636,4.079999999999999,0.6639999999999892,6.231999999999999,6.024705882352942,3.5079374158463565,11.0,1.5745454545454536,1.7093133317550964,1.0855916079276022,0.8199999999999932,2.6400000000000006,8.581428571428575,7.0673877343580855,0.8235677399784681,5.0,2.979999999999979,1.6200453612701153,0.054860088365242664,4.0,1.0,0.26666666666666666,0.058823529411764705,3.1199999999999974,1.8400000000000025,0.13333333333333333,0.26666666666666666,2.7028571428571437,4.860136083810346,5.508154228318393,0.3465611841265788,0.5000000000000071,0.0799999999999983,0.0,0.6363636363636364,0.8181818181818182,1.5740000000000023,0.04054545454545425,0.7333333333333333,1.9640000000000009,1.3359999999999985,0.8199999999999932,-1.1440000000000077,0.42866400259207255,0.24775893725024284,0.20358570039961063,0.5959999999999959,1.036,0.9699999999999926,1.2400000000000002,46.004999999999995,40.456999999999994,0.44065233826547145,0.025920725780321847
call_fdc3a7dac09f,synthetic,train,153.3,8.0,12.0,28.99999999999998,75.06,0.18917155903457258,0.48962818003913894,3.6249999999999973,3.22085004307869,0.8885103567113634,2.419999999999998,0.7079999999999984,7.735999999999991,6.255,3.1372612790989107,7.0,3.577142857142861,1.4223292193311894,0.39761599581942153,3.2600000000000016,5.284000000000006,14.540000000000003,7.965862880352103,0.5478585199691954,2.0,1.120000000000001,0.7827788649706457,0.03862068965517248,1.0,1.0,0.125,0.08333333333333333,3.9949999999999983,1.7600000000000016,0.125,0.25,4.997142857142859,3.131115459882583,4.6966731898238745,0.2786853738227944,1.9599999999999982,0.9400000000000013,0.0,0.0,0.14285714285714285,1.91,0.47571428571428703,0.875,2.4866666666666677,3.6100000000000065,5.180000000000007,2.693333333333339,0.31859099804305285,0.17299412915851237,0.07592954990215255,0.5600000000000005,0.7360000000000011,1.3000000000000114,9.48,52.558,38.672,0.03913894324853229,0.023483365949119372
call_fdc44f969ade,synthetic,train,167.5,11.0,12.0,72.30000000000003,55.960000000000036,0.4316417910447763,0.3340895522388062,6.572727272727275,7.362426836690457,1.1201479281271784,4.460000000000001,0.7599999999999909,12.839999999999998,4.663333333333337,2.9674100192292654,9.0,4.70222222222222,2.527738461232701,0.5375625271997713,3.6400000000000006,8.539999999999996,7.397999999999998,4.64777323026845,0.6282472601065762,4.0,2.079999999999993,1.4328358208955225,0.02876901798063613,2.0,2.0,0.18181818181818182,0.16666666666666666,2.010000000000007,0.8400000000000034,0.09090909090909091,0.36363636363636365,7.128000000000005,3.940298507462687,4.298507462686567,0.5636987369405894,1.4400000000000048,0.8200000000000003,0.0,0.0,0.0,3.229999999999995,-0.5570000000000009,0.8181818181818182,6.624999999999999,3.519999999999996,2.9266666666666623,-3.698333333333337,0.42662686567164176,0.5910447761194031,0.2772537313432839,0.5199999999999982,0.693999999999994,3.8800000000000097,6.11,60.17,37.302,0.07164179104477612,0.10029850746268658
call_fe828697f60d,synthetic,train,142.42,11.0,13.0,49.70000000000001,63.259999999999955,0.34896784159528166,0.4441791883162474,4.518181818181819,3.220394719403245,0.7127634187814021,4.780000000000001,0.7399999999999949,6.060000000000002,4.866153846153843,2.6806702332454626,9.0,2.648888888888889,2.1222024431888076,0.8011670297273182,1.7399999999999949,3.9000000000000012,7.465999999999999,4.076175167973036,0.5459650640199619,2.0,1.8800000000000097,0.8425782895660723,0.03782696177062393,2.0,0.0,0.18181818181818182,0.0,2.8899999999999917,0.9599999999999937,0.18181818181818182,0.36363636363636365,2.797999999999998,4.634180592613397,5.47675888217947,0.4399787535410767,0.9199999999999946,0.13999999999998636,0.0,0.0,0.6666666666666666,1.6349999999999978,-0.4490000000000002,0.8181818181818182,4.613333333333334,1.6666666666666667,1.6666666666666667,-2.946666666666667,0.30627720825726723,0.4989467771380422,0.24167953939053557,0.9400000000000048,1.1000000000000127,1.1899999999999977,0.0,51.391999999999996,39.169000000000004,0.06740626316528578,0.03370313158264289
call_fe8e4fc3ef69,synthetic,train,187.96,46.0,8.0,138.21999999999997,65.02,0.7353692274952116,0.3459246648223026,3.0047826086956517,2.882119343341417,0.9591773245095153,1.4900000000000002,0.7800000000000011,7.59,8.1275,2.5770125630272016,28.0,13.980714285714285,10.018828677107143,0.716617797371379,12.840000000000002,27.484000000000005,1.0195555555555564,0.6493140159876601,0.6368598674682799,23.0,44.51999999999999,7.3419876569482865,0.3220952105339314,18.0,5.0,0.391304347826087,0.625,2.805000000000005,0.5900000000000016,0.043478260869565216,0.2391304347826087,2.6319999999999992,14.683975313896573,2.553734837199404,0.6800826608935249,17.82499999999999,9.329999999999991,0.03571428571428571,0.07142857142857142,0.17857142857142858,5.566666666666666,0.41327312534209076,0.6086956521739131,14.139999999999999,4.582857142857143,20.384,6.2440000000000015,0.6968503937007875,0.7617578208129385,0.7474994679719086,1.935652173913043,3.9160000000000013,3.4944444444444427,2.448000000000005,17.302,39.073,0.37029155139391356,0.07661204511598212
call_feaca5a8cd14,synthetic,train,211.72,14.0,12.0,98.96000000000001,79.28000000000003,0.4674097865104856,0.3744568297751749,7.068571428571429,6.852043341893256,0.9693674897585446,5.090000000000005,1.7119999999999989,11.764,6.606666666666669,4.1322256580309045,14.0,4.299999999999997,4.391843088531935,1.0213588577981252,1.820000000000002,11.370000000000003,7.920000000000001,7.840926161935407,0.9900159295372988,1.0,0.5,0.28339316077838655,0.0050525464834276475,0.0,1.0,0.0,0.08333333333333333,5.659999999999998,2.950000000000003,0.07142857142857142,0.5714285714285714,5.355384615384613,3.9675042508974117,3.4007179293406384,0.5552064631956911,4.019999999999995,0.2899999999999956,0.0,0.0,0.5714285714285714,2.1584615384615375,-0.4054505494505499,1.0,6.184999999999999,1.8699999999999903,1.7449999999999974,-4.440000000000001,0.5054789344417157,0.5512941621008879,0.34545626298885307,0.5,0.5,0.0,1.9000000000000004,52.311,36.79600000000001,0.0,0.03967504250897412
call_ff4042587962,synthetic,train,76.3,11.0,9.0,20.759999999999987,36.66,0.2720838794233288,0.4804718217562254,1.887272727272726,1.7540244162760579,0.9293963670056189,0.9600000000000009,0.5,4.539999999999999,4.073333333333333,3.021449247555805,9.0,2.5133333333333328,2.139657293431201,0.8513225305429183,1.9400000000000013,5.184000000000001,3.7080000000000006,3.5717357125072944,0.9632512709027221,4.0,2.239999999999995,3.145478374836173,0.10789980732177246,2.0,2.0,0.18181818181818182,0.2222222222222222,2.4100000000000072,0.46000000000000085,0.45454545454545453,0.09090909090909091,1.2560000000000016,8.650065530799475,7.077326343381389,0.3615464994775338,0.5599999999999961,0.399999999999995,0.1111111111111111,0.2222222222222222,0.5555555555555556,2.8325000000000014,-0.20400000000000015,0.8181818181818182,1.8600000000000008,4.819999999999998,1.1099999999999994,-0.7500000000000013,0.21363040629095675,0.4652686762778507,0.13735255570117896,0.5599999999999987,0.6479999999999968,3.6999999999999993,0.9200000000000017,54.629999999999995,39.028,0.1258191349934469,0.2673656618610747
call_fff8cae57de7,human,train,160.2,12.0,11.0,65.69999999999997,76.08000000000003,0.4101123595505617,0.4749063670411987,5.474999999999998,5.136945428300103,0.9382548727488776,2.1799999999999953,1.0500000000000085,11.397999999999993,6.916363636363639,4.211670523087162,8.0,1.5224999999999995,1.1764113863780805,0.7726839976210712,0.9199999999999982,3.4319999999999986,7.1727272727272755,5.032434962609312,0.7016069022649227,5.0,2.480000000000011,1.8726591760299627,0.037747336377473545,4.0,1.0,0.3333333333333333,0.09090909090909091,9.309999999999999,1.369999999999993,0.08333333333333333,0.4166666666666667,5.312727272727275,4.49438202247191,4.119850187265918,0.4633939906898009,1.04,0.29999999999999716,0.0,0.5,0.75,1.1685714285714266,0.04309523809523759,0.6666666666666666,1.5550000000000006,0.7199999999999989,2.259999999999998,0.7049999999999974,0.4801498127340823,0.5250936329588012,0.22509363295880147,0.4960000000000022,0.8520000000000039,1.4600000000000009,0.9800000000000004,49.21,39.112,0.15730337078651685,0.0449438202247191
